StationID,time,lat,lon,Wave_Height_Significant,Wave_Maximum_Height,Wave_Peak_Period,Wave_Mean_Period,Wind_Speed,Wind_Gust_Speed,Wind_Direction,Air_Pressure,Sea_Temperature,Current_Speed
Vector_NAMR_FB_31A0005,2026-05-29 00:00:00,25.14255,121.8115,0.3,,10.1,,0.38,0.58,300.3,1009.4,26.1,0.1
Vector_NAMR_FB_31A0005,2026-05-29 01:00:00,25.14255,121.8115,0.3,,6.7,,1.36,1.74,324.2,1009.3,26.22,0.13
Vector_NAMR_FB_31A0005,2026-05-29 02:00:00,25.14255,121.8115,0.3,,8.2,,1.71,2.1,352.6,1008.3,26.19,0.11
Vector_NAMR_FB_31A0005,2026-05-29 03:00:00,25.14255,121.8115,0.3,,10,,1.75,1.93,169.9,1008.5,26.24,0.13
Vector_NAMR_FB_31A0005,2026-05-29 04:00:00,25.14255,121.8115,0.3,,6.6,,1.18,1.42,143.4,1008.4,26.3,0.07
Vector_NAMR_FB_31A0005,2026-05-29 05:00:00,25.14255,121.8115,0.3,,7.1,,0.88,1.05,134.3,1007.9,26.4,0.05
Vector_NAMR_FB_31A0005,2026-05-29 06:00:00,25.14255,121.8115,0.3,,8.1,,9.61,13.65,56.2,1009.2,26.36,0.04
Vector_NAMR_FB_31A0005,2026-05-29 07:00:00,25.14255,121.8115,0.3,,6,,3.9,4.81,6.4,1010.9,25.92,0.06
Vector_NAMR_FB_31A0005,2026-05-29 08:00:00,25.14255,121.8115,0.4,,3.5,,1.95,2.71,319.8,1011,26.04,0.13
Vector_NAMR_FB_31A0005,2026-05-29 09:00:00,25.14255,121.8115,0.4,,3.9,,3.06,3.44,292.3,1011.5,25.87,0.13
Vector_NAMR_FB_31A0005,2026-05-29 10:00:00,25.14255,121.8115,0.4,,4,,2.73,4.21,64.1,1011.7,25.7,0.06
Vector_NAMR_FB_31A0005,2026-05-29 11:00:00,25.14255,121.8115,0.6,,4,,6.3,7.71,154.9,1011.3,25.7,0.09
Vector_NAMR_FB_31A0005,2026-05-29 12:00:00,25.14255,121.8115,0.9,,4.1,,3.87,4.55,154.3,1011.1,25.81,0.08
Vector_NAMR_FB_31A0005,2026-05-29 13:00:00,25.14255,121.8115,0.9,,5.1,,3.49,4.1,166.6,1010.6,25.87,0.06
Vector_NAMR_FB_31A0005,2026-05-29 14:00:00,25.14255,121.8115,0.9,,5.1,,4.34,5.21,178.3,1010,25.97,0.09
Vector_NAMR_FB_31A0005,2026-05-29 15:00:00,25.14255,121.8115,0.9,,5.3,,4.49,5.21,236.6,1010.2,27.3,0.08
Vector_NAMR_FB_31A0005,2026-05-29 16:00:00,25.14255,121.8115,0.9,,5.8,,4.41,5.03,152.1,1009.6,26.55,0.06
Vector_NAMR_FB_31A0005,2026-05-29 17:00:00,25.14255,121.8115,1.1,,5.5,,5.09,6.29,49.3,1009.5,26.28,0.03
Vector_NAMR_FB_31A0005,2026-05-29 18:00:00,25.14255,121.8115,1,,5.3,,3.83,4.96,54,1010.2,26.45,0.03
Vector_NAMR_FB_31A0005,2026-05-29 19:00:00,25.14255,121.8115,1,,5.4,,3.29,4.85,4.3,1010.8,26.38,0.04
Vector_NAMR_FB_31A0005,2026-05-29 20:00:00,25.14255,121.8115,0.8,,5.8,,3.74,4.28,222.9,1011.4,26.36,0.05
Vector_NAMR_FB_31A0005,2026-05-29 21:00:00,25.14255,121.8115,0.6,,6.5,,2.25,2.74,147.8,1011.9,26.38,0.14
Vector_NAMR_FB_31A0005,2026-05-29 22:00:00,25.14255,121.8115,0.6,,6.5,,2.22,2.75,114.1,1012,25.71,0.01
Vector_NAMR_FB_31A0005,2026-05-29 23:00:00,25.14255,121.8115,0.7,,6.6,,4.97,5.73,254.4,1011.9,25.41,0.06
Vector_NAMR_FB_31A0005,2026-05-30 00:00:00,25.14255,121.8115,0.7,,6.2,,1.95,2.45,131,1011.6,25.33,0.01
Vector_NAMR_FB_31A0005,2026-05-30 01:00:00,25.14255,121.8115,0.8,,6.6,,1.78,2.8,343.3,1011.3,25.75,0.1
Vector_NAMR_FB_31A0005,2026-05-30 02:00:00,25.14255,121.8115,0.8,,6.3,,2.47,3.28,293.3,1010.8,25.92,0.04
Vector_NAMR_FB_31A0005,2026-05-30 03:00:00,25.14255,121.8115,0.8,,6,,2.18,3.73,338.3,1010.8,26.13,0.08
Vector_NAMR_FB_31A0005,2026-05-30 04:00:00,25.14255,121.8115,0.9,,6.1,,5.26,6.11,319.3,1010.6,27.01,0.11
Vector_NAMR_FB_31A0005,2026-05-30 05:00:00,25.14255,121.8115,0.9,,6.1,,4.77,5.53,328,1010.7,26.62,0.07
Vector_NAMR_FB_31A0005,2026-05-30 06:00:00,25.14255,121.8115,0.9,,6.2,,3.76,5.17,337.3,1010.8,26.3,0.08
Vector_NAMR_FB_31A0005,2026-05-30 07:00:00,25.14255,121.8115,1,,6.2,,5.54,6.55,129.7,1011.2,26.56,0.07
Vector_NAMR_FB_31A0005,2026-05-30 08:00:00,25.14255,121.8115,0.8,,6.5,,6.33,7.16,48.9,1011.3,25.33,0.04
Vector_NAMR_FB_31A0005,2026-05-30 09:00:00,25.14255,121.8115,0.7,,5.9,,5.39,6.45,36.4,1011.7,26.43,0.12
Vector_NAMR_FB_31A0005,2026-05-30 10:00:00,25.14255,121.8115,0.6,,6,,5.37,6.37,60.6,1011.6,26.67,0.06
Vector_NAMR_FB_31A0005,2026-05-30 11:00:00,25.14255,121.8115,0.7,,6.3,,5.38,6.56,51.4,1011.8,26.69,0.06
Vector_NAMR_FB_31A0005,2026-05-30 12:00:00,25.14255,121.8115,0.8,,6.7,,5.19,6.16,67.2,1011.5,26.39,0.01
Vector_NAMR_FB_31A0005,2026-05-30 13:00:00,25.14255,121.8115,0.9,,6.4,,4.25,5.1,28.8,1011,26.61,0.06
Vector_NAMR_FB_31A0005,2026-05-30 14:00:00,25.14255,121.8115,0.8,,6.5,,4.78,5.36,260.5,1010.6,26.87,0.05
Vector_NAMR_FB_31A0005,2026-05-30 15:00:00,25.14255,121.8115,0.9,,6.5,,5.02,5.97,274.8,1010.3,26.65,0.09
Vector_NAMR_FB_31A0005,2026-05-30 16:00:00,25.14255,121.8115,0.9,,6.2,,4.34,5.16,251.8,1010,26.66,0.08
Vector_NAMR_FB_31A0005,2026-05-30 17:00:00,25.14255,121.8115,0.9,,6.2,,4.81,5.42,163.5,1010.1,26.12,0.05
Vector_NAMR_FB_31A0005,2026-05-30 18:00:00,25.14255,121.8115,1,,6.1,,4.6,5.8,75,1010.6,26.1,0.05
Vector_NAMR_FB_31A0005,2026-05-30 19:00:00,25.14255,121.8115,1,,5.8,,4.86,6.21,342.3,1010.8,25.69,0.05
Vector_NAMR_FB_31A0005,2026-05-30 20:00:00,25.14255,121.8115,1,,6,,4.52,5.54,151.8,1011,25.31,0.11
Vector_NAMR_FB_31A0005,2026-05-30 21:00:00,25.14255,121.8115,0.7,,6.5,,4.46,5.27,2,1011.4,26.08,0.09
Vector_NAMR_FB_31A0005,2026-05-30 22:00:00,25.14255,121.8115,0.7,,6.4,,2.2,2.55,132.1,1011.6,25.89,0.14
Vector_NAMR_FB_31A0005,2026-05-30 23:00:00,25.14255,121.8115,0.6,,6,,0.93,1.66,334.6,1011.4,25.78,0.06
Vector_NAMR_FB_31A0005,2026-05-31 00:00:00,25.14255,121.8115,0.6,,6.4,,1.46,2.18,46.6,1010.8,25.69,0.12
Vector_NAMR_FB_31A0005,2026-05-31 01:00:00,25.14255,121.8115,0.8,,6.4,,0.99,1.58,272.4,1010,25.75,0.07
Vector_NAMR_FB_31A0005,2026-05-31 02:00:00,25.14255,121.8115,0.8,,5.8,,2.03,3.05,140.7,1009.5,25.66,0.04
Vector_NAMR_FB_YuanBeiYu,2026-05-29 00:00:00,23.648399,119.638084,0.05,,5,,5.2,,185,1010.8,,
Vector_NAMR_FB_YuanBeiYu,2026-05-29 01:00:00,23.648399,119.638084,0.05,,5.2,,3.4,,188,1008.8,,
Vector_NAMR_FB_YuanBeiYu,2026-05-29 02:00:00,23.648399,119.638084,0.05,,4.5,,4.8,,181,1009.8,,
Vector_NAMR_FB_YuanBeiYu,2026-05-29 03:00:00,23.648399,119.638084,0.08,,3,,2.9,,209,1010.8,,
Vector_NAMR_FB_YuanBeiYu,2026-05-29 04:00:00,23.648399,119.638084,0.08,,3.7,,2.2,,264,1010.5,,
Vector_NAMR_FB_YuanBeiYu,2026-05-29 05:00:00,23.648399,119.638084,0.07,,3,,2.6,,211,1010.8,,
Vector_NAMR_FB_YuanBeiYu,2026-05-29 06:00:00,23.648399,119.638084,0.06,,2.7,,0.4,,7,1011.2,,
Vector_NAMR_FB_YuanBeiYu,2026-05-29 07:00:00,23.648399,119.638084,0.07,,2.8,,2.8,,274,1011.5,,
Vector_NAMR_FB_YuanBeiYu,2026-05-29 08:00:00,23.648399,119.638084,0.08,,3.4,,4.7,,22,1012.9,,
Vector_NAMR_FB_YuanBeiYu,2026-05-29 09:00:00,23.648399,119.638084,0.08,,3.9,,4.9,,15,1011.9,,
Vector_NAMR_FB_YuanBeiYu,2026-05-29 10:00:00,23.648399,119.638084,0.09,,3.4,,3,,34,1011.9,,
Vector_NAMR_FB_YuanBeiYu,2026-05-29 11:00:00,23.648399,119.638084,0.12,,2.3,,6.7,,21,1011.9,,
Vector_NAMR_FB_YuanBeiYu,2026-05-29 12:00:00,23.648399,119.638084,0.13,,2.9,,6.5,,9,1011.2,,
Vector_NAMR_FB_YuanBeiYu,2026-05-29 13:00:00,23.648399,119.638084,0.1,,4,,6.2,,7,1011.2,,
Vector_NAMR_FB_YuanBeiYu,2026-05-29 14:00:00,23.648399,119.638084,0.11,,3.7,,6.8,,352,1009.8,,
Vector_NAMR_FB_YuanBeiYu,2026-05-29 15:00:00,23.648399,119.638084,0.17,,4.1,,9.6,,15,1009.5,,
Vector_NAMR_FB_YuanBeiYu,2026-05-29 16:00:00,23.648399,119.638084,0.29,,4,,9.8,,37,1008.1,,
Vector_NAMR_FB_YuanBeiYu,2026-05-29 17:00:00,23.648399,119.638084,0.26,,4.4,,8.6,,23,1010.5,,
Vector_NAMR_FB_YuanBeiYu,2026-05-29 18:00:00,23.648399,119.638084,0.26,,5.6,,9.7,,38,1009.1,,
Vector_NAMR_FB_YuanBeiYu,2026-05-29 19:00:00,23.648399,119.638084,0.23,,6.2,,8.9,,28,1009.8,,
Vector_NAMR_FB_YuanBeiYu,2026-05-29 20:00:00,23.648399,119.638084,0.3,,6.3,,10.8,,20,1011.5,,
Vector_NAMR_FB_YuanBeiYu,2026-05-29 21:00:00,23.648399,119.638084,0.37,,6.1,,10.6,,20,1011.5,,
Vector_NAMR_FB_YuanBeiYu,2026-05-29 22:00:00,23.648399,119.638084,0.3,,7.4,,5.7,,16,1011.9,,
Vector_NAMR_FB_YuanBeiYu,2026-05-29 23:00:00,23.648399,119.638084,0.41,,7.6,,7.1,,32,1011.9,,
Vector_NAMR_FB_YuanBeiYu,2026-05-30 00:00:00,23.648399,119.638084,0.42,,7.4,,0.8,,271,1011.5,,
Vector_NAMR_FB_YuanBeiYu,2026-05-30 01:00:00,23.648399,119.638084,0.41,,7.1,,0.2,,105,1010.8,,
Vector_NAMR_FB_YuanBeiYu,2026-05-30 02:00:00,23.648399,119.638084,0.44,,6,,9.3,,5,1010.8,,
Vector_NAMR_FB_YuanBeiYu,2026-05-30 03:00:00,23.648399,119.638084,0.37,,6.6,,9,,5,1010.2,,
Vector_NAMR_FB_YuanBeiYu,2026-05-30 04:00:00,23.648399,119.638084,0.48,,6.8,,8.7,,17,1009.1,,
Vector_NAMR_FB_YuanBeiYu,2026-05-30 05:00:00,23.648399,119.638084,0.43,,6.6,,9.4,,21,1008.5,,
Vector_NAMR_FB_YuanBeiYu,2026-05-30 06:00:00,23.648399,119.638084,0.42,,6.3,,9.6,,24,1009.8,,
Vector_NAMR_FB_YuanBeiYu,2026-05-30 07:00:00,23.648399,119.638084,0.32,,6.8,,9.4,,24,1010.8,,
Vector_NAMR_FB_YuanBeiYu,2026-05-30 08:00:00,23.648399,119.638084,0.34,,6.9,,8.6,,30,1011.5,,
Vector_NAMR_FB_YuanBeiYu,2026-05-30 09:00:00,23.648399,119.638084,0.3,,7.2,,10.1,,21,1011.5,,
Vector_NAMR_FB_YuanBeiYu,2026-05-30 10:00:00,23.648399,119.638084,0.32,,7.3,,5.9,,40,1011.5,,
Vector_NAMR_FB_YuanBeiYu,2026-05-30 11:00:00,23.648399,119.638084,0.36,,6,,9.9,,24,1011.5,,
Vector_NAMR_FB_YuanBeiYu,2026-05-30 12:00:00,23.648399,119.638084,0.37,,7.5,,10.9,,28,1011.9,,
Vector_NAMR_FB_YuanBeiYu,2026-05-30 13:00:00,23.648399,119.638084,0.36,,6.8,,9.4,,29,1011.9,,
Vector_NAMR_FB_YuanBeiYu,2026-05-30 14:00:00,23.648399,119.638084,0.32,,5.2,,10,,27,1010.8,,
Vector_NAMR_FB_YuanBeiYu,2026-05-30 15:00:00,23.648399,119.638084,0.36,,5.8,,11.9,,21,1008.8,,
Vector_NAMR_FB_YuanBeiYu,2026-05-30 16:00:00,23.648399,119.638084,0.46,,7,,10.1,,25,1009.1,,
Vector_NAMR_FB_YuanBeiYu,2026-05-30 17:00:00,23.648399,119.638084,0.44,,6.8,,11.6,,34,1009.5,,
Vector_NAMR_FB_YuanBeiYu,2026-05-30 18:00:00,23.648399,119.638084,0.43,,7,,11.1,,42,1009.5,,
Vector_NAMR_FB_YuanBeiYu,2026-05-30 19:00:00,23.648399,119.638084,0.41,,2,,12.1,,38,1010.2,,
Vector_NAMR_FB_YuanBeiYu,2026-05-30 20:00:00,23.648399,119.638084,0.45,,2.1,,11.9,,29,1009.8,,
Vector_NAMR_FB_YuanBeiYu,2026-05-30 21:00:00,23.648399,119.638084,0.44,,8,,11.9,,43,1010.8,,
Vector_NAMR_FB_YuanBeiYu,2026-05-30 22:00:00,23.648399,119.638084,0.47,,4.1,,11.2,,31,1011.2,,
Vector_NAMR_FB_YuanBeiYu,2026-05-30 23:00:00,23.648399,119.638084,0.53,,8.6,,9.2,,38,1010.5,,
Vector_NAMR_FB_YuanBeiYu,2026-05-31 00:00:00,23.648399,119.638084,0.55,,8.4,,8.9,,30,1009.8,,
Vector_NAMR_FB_YuanBeiYu,2026-05-31 01:00:00,23.648399,119.638084,0.47,,6.9,,11.1,,22,1009.5,,
Vector_NAMR_FB_YuanBeiYu,2026-05-31 02:00:00,23.648399,119.638084,0.46,,7.1,,11.1,,20,1008.8,,
Vector_NAMR_FB_SouthBaySmall,2026-05-29 00:00:00,21.94777,120.76463,0.4,,5.3,,1.64,2.02,348.6,1011.1,26.47,0.02
Vector_NAMR_FB_SouthBaySmall,2026-05-29 01:00:00,21.94777,120.76463,0.3,,5.5,,3.16,3.37,327.6,1010.7,26.46,0.05
Vector_NAMR_FB_SouthBaySmall,2026-05-29 02:00:00,21.94777,120.76463,0.3,,4.8,,2.42,2.8,343.3,1009.9,26.51,0.04
Vector_NAMR_FB_SouthBaySmall,2026-05-29 03:00:00,21.94777,120.76463,0.3,,5.6,,1.71,1.99,332.6,1009.9,26.47,0.01
Vector_NAMR_FB_SouthBaySmall,2026-05-29 04:00:00,21.94777,120.76463,0.4,,5.5,,3.31,3.9,345.9,1010.2,26.45,0.03
Vector_NAMR_FB_SouthBaySmall,2026-05-29 05:00:00,21.94777,120.76463,0.4,,5.7,,1.88,2.16,335.7,1010.4,26.39,0.02
Vector_NAMR_FB_SouthBaySmall,2026-05-29 06:00:00,21.94777,120.76463,0.4,,5.6,,2.73,3.24,326.4,1010.6,26.4,0.01
Vector_NAMR_FB_SouthBaySmall,2026-05-29 07:00:00,21.94777,120.76463,0.4,,5.9,,4.79,6.01,321.7,1011.1,26.43,0.03
Vector_NAMR_FB_SouthBaySmall,2026-05-29 08:00:00,21.94777,120.76463,0.3,,6,,5.72,6.99,334.7,1011,26.5,0.01
Vector_NAMR_FB_SouthBaySmall,2026-05-29 09:00:00,21.94777,120.76463,0.3,,5.1,,5.78,7.04,320.4,1011,26.61,0.02
Vector_NAMR_FB_SouthBaySmall,2026-05-29 10:00:00,21.94777,120.76463,0.3,,6.1,,4.51,5.44,300.1,1010.4,26.71,0.02
Vector_NAMR_FB_SouthBaySmall,2026-05-29 11:00:00,21.94777,120.76463,0.3,,5.2,,3.9,4.72,152.1,1010.2,26.86,0.05
Vector_NAMR_FB_SouthBaySmall,2026-05-29 12:00:00,21.94777,120.76463,0.4,,5.9,,3.68,4.23,201.7,1009.9,27.11,0.06
Vector_NAMR_FB_SouthBaySmall,2026-05-29 13:00:00,21.94777,120.76463,0.4,,5.3,,5.58,6.51,133.8,1009.6,26.88,0.05
Vector_NAMR_FB_SouthBaySmall,2026-05-29 14:00:00,21.94777,120.76463,0.4,,5.6,,4.31,5.55,102.5,1008.7,27.07,0.05
Vector_NAMR_FB_SouthBaySmall,2026-05-29 15:00:00,21.94777,120.76463,0.4,,4.9,,4.97,5.46,237.1,1008.6,27.23,0
Vector_NAMR_FB_SouthBaySmall,2026-05-29 16:00:00,21.94777,120.76463,0.4,,5.1,,4.16,4.69,217.4,1008.3,27.36,0.03
Vector_NAMR_FB_SouthBaySmall,2026-05-29 17:00:00,21.94777,120.76463,0.3,,5.2,,2.46,2.74,224.3,1008.5,27.18,0.08
Vector_NAMR_FB_SouthBaySmall,2026-05-29 18:00:00,21.94777,120.76463,0.3,,5.4,,1.64,1.96,234,1009.3,26.77,0.06
Vector_NAMR_FB_SouthBaySmall,2026-05-29 19:00:00,21.94777,120.76463,0.3,,5.9,,1.15,1.24,116.8,1009.8,27.06,0.12
Vector_NAMR_FB_SouthBaySmall,2026-05-29 20:00:00,21.94777,120.76463,0.3,,5.5,,4,5.33,60.3,1010.2,27.72,0.09
Vector_NAMR_FB_SouthBaySmall,2026-05-29 21:00:00,21.94777,120.76463,0.3,,5.3,,6.28,7.72,63.6,1010.8,27.92,0.03
Vector_NAMR_FB_SouthBaySmall,2026-05-29 22:00:00,21.94777,120.76463,0.2,,7.2,,8.02,9.42,75,1011.4,29.12,0.13
Vector_NAMR_FB_SouthBaySmall,2026-05-29 23:00:00,21.94777,120.76463,0.2,,6.3,,5.78,7.95,55.8,1010.9,29.11,0.07
Vector_NAMR_FB_SouthBaySmall,2026-05-30 00:00:00,21.94777,120.76463,0.3,,4.5,,7.75,9.44,70,1011.2,29.12,0.04
Vector_NAMR_FB_SouthBaySmall,2026-05-30 01:00:00,21.94777,120.76463,0.3,,5.4,,4.02,6.22,107.9,1010.6,28.99,0.05
Vector_NAMR_FB_SouthBaySmall,2026-05-30 02:00:00,21.94777,120.76463,0.3,,5.7,,8.33,10.17,65.6,1009.9,28.88,0.05
Vector_NAMR_FB_SouthBaySmall,2026-05-30 03:00:00,21.94777,120.76463,0.2,,5.6,,7.96,9.83,65.5,1009.4,28.73,0.01
Vector_NAMR_FB_SouthBaySmall,2026-05-30 04:00:00,21.94777,120.76463,0.2,,6.7,,9.93,12.27,52.5,1009.2,28.6,0.03
Vector_NAMR_FB_SouthBaySmall,2026-05-30 05:00:00,21.94777,120.76463,0.2,,6.6,,10.5,12.39,52.2,1009.3,28.52,0.05
Vector_NAMR_FB_SouthBaySmall,2026-05-30 06:00:00,21.94777,120.76463,0.3,,6.4,,10.59,12.16,50,1009.7,28.35,0.04
Vector_NAMR_FB_SouthBaySmall,2026-05-30 07:00:00,21.94777,120.76463,0.3,,7.2,,9.25,12.31,59.5,1010.3,28.42,0.06
Vector_NAMR_FB_SouthBaySmall,2026-05-30 08:00:00,21.94777,120.76463,0.3,,6.7,,9.04,11.93,63.7,1010.5,28.43,0.04
Vector_NAMR_FB_SouthBaySmall,2026-05-30 09:00:00,21.94777,120.76463,0.3,,7.1,,9.82,12.5,55.3,1010.5,28.37,0.04
Vector_NAMR_FB_SouthBaySmall,2026-05-30 10:00:00,21.94777,120.76463,0.3,,5.8,,10.21,13.35,61.3,1010.5,28.39,0.05
Vector_NAMR_FB_SouthBaySmall,2026-05-30 11:00:00,21.94777,120.76463,0.3,,6.5,,9.58,13.22,60.9,1010.2,28.37,0.02
Vector_NAMR_FB_SouthBaySmall,2026-05-30 12:00:00,21.94777,120.76463,0.3,,6.6,,9.59,12.35,57.9,1009.8,28.39,0.05
Vector_NAMR_FB_SouthBaySmall,2026-05-30 13:00:00,21.94777,120.76463,0.3,,6.1,,9.92,12.48,43.4,1009,28.38,0.03
Vector_NAMR_FB_SouthBaySmall,2026-05-30 14:00:00,21.94777,120.76463,0.3,,6.4,,8.61,11.05,58.8,1009,28.43,0.08
Vector_NAMR_FB_SouthBaySmall,2026-05-30 15:00:00,21.94777,120.76463,0.2,,5.3,,7.89,9.62,57.7,1009.1,28.51,0.08
Vector_NAMR_FB_SouthBaySmall,2026-05-30 16:00:00,21.94777,120.76463,0.2,,6.2,,8.45,9.96,63.8,1008.5,28.79,0.08
Vector_NAMR_FB_SouthBaySmall,2026-05-30 17:00:00,21.94777,120.76463,0.2,,4.1,,9.87,12.89,54.8,1008.5,28.59,0.03
Vector_NAMR_FB_SouthBaySmall,2026-05-30 18:00:00,21.94777,120.76463,0.2,,6.4,,9.37,12.01,51.5,1008.9,28.57,0.02
Vector_NAMR_FB_SouthBaySmall,2026-05-30 19:00:00,21.94777,120.76463,0.2,,6.5,,8.41,10.74,63.1,1009.3,28.56,0.03
Vector_NAMR_FB_SouthBaySmall,2026-05-30 20:00:00,21.94777,120.76463,0.5,,5.4,,10.25,13.39,50.7,1009.6,28.53,0.07
Vector_NAMR_FB_SouthBaySmall,2026-05-30 21:00:00,21.94777,120.76463,0.5,,6.8,,10.63,13.98,46,1009.9,28.7,0.07
Vector_NAMR_FB_SouthBaySmall,2026-05-30 22:00:00,21.94777,120.76463,0.5,,4.9,,9.79,12.4,57.8,1010.5,29.56,0.11
Vector_NAMR_FB_SouthBaySmall,2026-05-30 23:00:00,21.94777,120.76463,0.4,,5,,11.05,15.35,61.9,1009.9,29.43,0.04
Vector_NAMR_FB_SouthBaySmall,2026-05-31 00:00:00,21.94777,120.76463,0.4,,4.3,,10.22,13.05,64.3,1009.1,29.53,0.04
Vector_NAMR_FB_SouthBaySmall,2026-05-31 01:00:00,21.94777,120.76463,0.4,,7.9,,8.8,12.94,68.1,1008.7,29.51,0.05
Vector_NAMR_FB_SouthBaySmall,2026-05-31 02:00:00,21.94777,120.76463,0.4,,5,,7.83,10.46,53.5,1008.3,29.52,0.01
Vector_NAMR_FB_DongjiNew,2026-05-29 00:00:00,23.23833,119.66411,0.5,,5.9,,2.43,2.86,249.4,1009.2,,
Vector_NAMR_FB_DongjiNew,2026-05-29 01:00:00,23.23833,119.66411,0.4,,5.2,,2.36,2.66,201.8,1009.2,,
Vector_NAMR_FB_DongjiNew,2026-05-29 02:00:00,23.23833,119.66411,0.4,,5.3,,2.3,2.47,206.3,1008.9,,
Vector_NAMR_FB_DongjiNew,2026-05-29 03:00:00,23.23833,119.66411,0.4,,5.2,,2.52,2.93,237.9,1008.9,,
Vector_NAMR_FB_DongjiNew,2026-05-29 04:00:00,23.23833,119.66411,0.4,,4.9,,3.09,3.77,309,1009.5,,
Vector_NAMR_FB_DongjiNew,2026-05-29 05:00:00,23.23833,119.66411,0.4,,6,,3.77,4.27,310.8,1009.4,,
Vector_NAMR_FB_DongjiNew,2026-05-29 06:00:00,23.23833,119.66411,0.3,,5.6,,3.43,4.1,337.8,1009.7,,
Vector_NAMR_FB_DongjiNew,2026-05-29 07:00:00,23.23833,119.66411,0.3,,5.8,,3.39,3.91,6.1,1009.9,,
Vector_NAMR_FB_DongjiNew,2026-05-29 08:00:00,23.23833,119.66411,0.3,,5.8,,2.86,3.36,44.1,1010.1,,
Vector_NAMR_FB_DongjiNew,2026-05-29 09:00:00,23.23833,119.66411,0.3,,5.1,,3.63,4.26,85.6,1010.1,,
Vector_NAMR_FB_DongjiNew,2026-05-29 10:00:00,23.23833,119.66411,0.3,,6.1,,3.68,4.21,83.5,1009.8,,
Vector_NAMR_FB_DongjiNew,2026-05-29 11:00:00,23.23833,119.66411,0.3,,5.6,,4.31,5.76,46.8,1009.5,,
Vector_NAMR_FB_DongjiNew,2026-05-29 12:00:00,23.23833,119.66411,0.3,,6.2,,4.98,5.88,28,1009,,
Vector_NAMR_FB_DongjiNew,2026-05-29 13:00:00,23.23833,119.66411,0.3,,5.9,,6.01,6.91,39.6,1008.6,,
Vector_NAMR_FB_DongjiNew,2026-05-29 14:00:00,23.23833,119.66411,0.4,,2.9,,5.33,6.08,41.8,1008,,
Vector_NAMR_FB_DongjiNew,2026-05-29 15:00:00,23.23833,119.66411,0.4,,4.7,,6.33,7.43,44.5,1007.2,,
Vector_NAMR_FB_DongjiNew,2026-05-29 16:00:00,23.23833,119.66411,0.4,,4.5,,7.61,9.7,48.4,1007,,
Vector_NAMR_FB_DongjiNew,2026-05-29 17:00:00,23.23833,119.66411,0.4,,5.1,,8.75,10.25,65.6,1007.1,,
Vector_NAMR_FB_DongjiNew,2026-05-29 18:00:00,23.23833,119.66411,0.5,,6.2,,7.08,9.43,70.2,1007.7,,
Vector_NAMR_FB_DongjiNew,2026-05-29 19:00:00,23.23833,119.66411,0.4,,6.7,,7.51,9.63,69.2,1008.5,,
Vector_NAMR_FB_DongjiNew,2026-05-29 20:00:00,23.23833,119.66411,0.5,,7.2,,7,8.52,61.3,1009,,
Vector_NAMR_FB_DongjiNew,2026-05-29 21:00:00,23.23833,119.66411,0.5,,5.6,,5.54,6.81,52.4,1009.9,,
Vector_NAMR_FB_DongjiNew,2026-05-29 22:00:00,23.23833,119.66411,0.5,,5.6,,6.99,8.4,71.8,1010.6,,
Vector_NAMR_FB_DongjiNew,2026-05-29 23:00:00,23.23833,119.66411,0.5,,6.1,,7.23,8.88,75.4,1009.9,,
Vector_NAMR_FB_DongjiNew,2026-05-30 00:00:00,23.23833,119.66411,0.7,,7.1,,6.6,8.03,44,1010,,
Vector_NAMR_FB_DongjiNew,2026-05-30 01:00:00,23.23833,119.66411,0.9,,6.6,,7.07,8.28,34.6,1009.6,,
Vector_NAMR_FB_DongjiNew,2026-05-30 02:00:00,23.23833,119.66411,0.8,,6.7,,8.15,9.24,44.2,1009.4,,
Vector_NAMR_FB_DongjiNew,2026-05-30 03:00:00,23.23833,119.66411,0.7,,6.6,,7.23,8.88,42.2,1008.6,,
Vector_NAMR_FB_DongjiNew,2026-05-30 04:00:00,23.23833,119.66411,0.6,,6.7,,7.21,8.85,54.9,1007.9,,
Vector_NAMR_FB_DongjiNew,2026-05-30 05:00:00,23.23833,119.66411,0.5,,4.7,,6.49,7.88,52.3,1008.4,,
Vector_NAMR_FB_DongjiNew,2026-05-30 06:00:00,23.23833,119.66411,0.6,,6.3,,5.16,6.42,60.4,1008.7,,
Vector_NAMR_FB_DongjiNew,2026-05-30 07:00:00,23.23833,119.66411,0.5,,6.6,,6.06,7.58,49.6,1009.4,,
Vector_NAMR_FB_DongjiNew,2026-05-30 08:00:00,23.23833,119.66411,0.5,,6.6,,6,6.83,52,1009.2,,
Vector_NAMR_FB_DongjiNew,2026-05-30 09:00:00,23.23833,119.66411,0.6,,5.6,,6.58,7.55,40.8,1009.5,,
Vector_NAMR_FB_DongjiNew,2026-05-30 10:00:00,23.23833,119.66411,0.6,,6.9,,7.04,8.18,40.8,1009.8,,
Vector_NAMR_FB_DongjiNew,2026-05-30 11:00:00,23.23833,119.66411,0.5,,5.4,,7.58,9.15,40.4,1009.7,,
Vector_NAMR_FB_DongjiNew,2026-05-30 12:00:00,23.23833,119.66411,0.5,,6.5,,7.18,8.92,42.9,1009.3,,
Vector_NAMR_FB_DongjiNew,2026-05-30 13:00:00,23.23833,119.66411,0.7,,6.9,,8.15,9.84,51.1,1008.6,,
Vector_NAMR_FB_DongjiNew,2026-05-30 14:00:00,23.23833,119.66411,0.8,,6.3,,8.89,10.81,47.3,1008.1,,
Vector_NAMR_FB_DongjiNew,2026-05-30 15:00:00,23.23833,119.66411,0.7,,6.9,,9.04,10.39,49.8,1007.5,,
Vector_NAMR_FB_DongjiNew,2026-05-30 16:00:00,23.23833,119.66411,0.7,,7.1,,9.53,11.18,52.1,1007,,
Vector_NAMR_FB_DongjiNew,2026-05-30 17:00:00,23.23833,119.66411,0.6,,7.2,,8.22,11.21,46.2,1006.9,,
Vector_NAMR_FB_DongjiNew,2026-05-30 18:00:00,23.23833,119.66411,0.7,,7.2,,9.17,10.86,51.3,1006.9,,
Vector_NAMR_FB_DongjiNew,2026-05-30 19:00:00,23.23833,119.66411,0.7,,7,,9.43,11.89,59.9,1007.4,,
Vector_NAMR_FB_DongjiNew,2026-05-30 20:00:00,23.23833,119.66411,0.9,,7.9,,9.23,10.85,70.1,1008.1,,
Vector_NAMR_FB_DongjiNew,2026-05-30 21:00:00,23.23833,119.66411,0.9,,8.2,,8.87,11.01,59,1008.7,,
Vector_NAMR_FB_DongjiNew,2026-05-30 22:00:00,23.23833,119.66411,0.7,,5.9,,8.48,10.14,62.2,1009.3,,
Vector_NAMR_FB_DongjiNew,2026-05-30 23:00:00,23.23833,119.66411,0.8,,6.3,,8.16,9.36,79.9,1009.2,,
Vector_NAMR_FB_DongjiNew,2026-05-31 00:00:00,23.23833,119.66411,0.9,,8.1,,6.17,8.36,71.8,1008.4,,
Vector_NAMR_FB_DongjiNew,2026-05-31 01:00:00,23.23833,119.66411,1,,7.7,,8.14,10.1,64.4,1007.9,,
Vector_NAMR_FB_DongjiNew,2026-05-31 02:00:00,23.23833,119.66411,1.1,,7.8,,8.41,9.79,37.1,1007.8,,
Vector_CWB_FB_46761F,2026-05-29 00:00:00,23.1332,121.4206,0.5,,,6,,,,,28.4,
Vector_CWB_FB_46761F,2026-05-29 01:00:00,23.1332,121.4206,0.5,,,5.8,,,,,28.7,
Vector_CWB_FB_46761F,2026-05-29 02:00:00,23.1332,121.4206,0.5,,,5.6,,,,,28.6,
Vector_CWB_FB_46761F,2026-05-29 03:00:00,23.1332,121.4206,0.5,,,6.2,,,,,28.8,
Vector_CWB_FB_46761F,2026-05-29 04:00:00,23.1332,121.4206,0.5,,,6.6,,,,,28.9,
Vector_CWB_FB_46761F,2026-05-29 05:00:00,23.1332,121.4206,0.5,,,6.7,,,,,28.8,
Vector_CWB_FB_46761F,2026-05-29 06:00:00,23.1332,121.4206,0.4,,,6.2,,,,,28.7,
Vector_CWB_FB_46761F,2026-05-29 07:00:00,23.1332,121.4206,0.4,,,5.6,,,,,28.6,
Vector_CWB_FB_46761F,2026-05-29 08:00:00,23.1332,121.4206,0.4,,,5.6,,,,,28.7,
Vector_CWB_FB_46761F,2026-05-29 09:00:00,23.1332,121.4206,0.4,,,5.8,,,,,29.1,
Vector_CWB_FB_46761F,2026-05-29 10:00:00,23.1332,121.4206,0.5,,,6.4,,,,,29.1,
Vector_CWB_FB_46761F,2026-05-29 11:00:00,23.1332,121.4206,0.5,,,6.1,,,,,28.9,
Vector_CWB_FB_46761F,2026-05-29 12:00:00,23.1332,121.4206,0.5,,,5.2,,,,,29.2,
Vector_CWB_FB_46761F,2026-05-29 13:00:00,23.1332,121.4206,0.4,,,5.2,,,,,29.5,
Vector_CWB_FB_46761F,2026-05-29 14:00:00,23.1332,121.4206,0.5,,,6.2,,,,,29.6,
Vector_CWB_FB_46761F,2026-05-29 15:00:00,23.1332,121.4206,0.5,,,4.2,,,,,29.4,
Vector_CWB_FB_46761F,2026-05-29 16:00:00,23.1332,121.4206,0.7,,,3.4,,,,,29,
Vector_CWB_FB_46761F,2026-05-29 17:00:00,23.1332,121.4206,0.8,,,3.6,,,,,28.9,
Vector_CWB_FB_46761F,2026-05-29 18:00:00,23.1332,121.4206,0.9,,,3.7,,,,,28.8,
Vector_CWB_FB_46761F,2026-05-29 19:00:00,23.1332,121.4206,0.9,,,3.9,,,,,28.9,
Vector_CWB_FB_46761F,2026-05-29 20:00:00,23.1332,121.4206,0.9,,,4.1,,,,,28.8,
Vector_CWB_FB_46761F,2026-05-29 22:00:00,23.1332,121.4206,1,,,4.4,,,,,28.8,
Vector_CWB_FB_46761F,2026-05-29 23:00:00,23.1332,121.4206,1.1,,,4.2,,,,,28.8,
Vector_CWB_FB_46761F,2026-05-30 00:00:00,23.1332,121.4206,1.2,,,4.3,,,,,28.8,
Vector_CWB_FB_46761F,2026-05-30 01:00:00,23.1332,121.4206,1.2,,,4.2,,,,,28.8,
Vector_CWB_FB_46761F,2026-05-30 02:00:00,23.1332,121.4206,1,,,4.8,,,,,28.8,
Vector_CWB_FB_46761F,2026-05-30 03:00:00,23.1332,121.4206,0.9,,,4.3,,,,,28.8,
Vector_CWB_FB_46761F,2026-05-30 04:00:00,23.1332,121.4206,0.9,,,3.9,,,,,28.7,
Vector_CWB_FB_46761F,2026-05-30 05:00:00,23.1332,121.4206,0.9,,,4.1,,,,,28.6,
Vector_CWB_FB_46761F,2026-05-30 06:00:00,23.1332,121.4206,0.8,,,3.9,,,,,28.6,
Vector_CWB_FB_46761F,2026-05-30 07:00:00,23.1332,121.4206,0.9,,,4,,,,,28.6,
Vector_CWB_FB_46761F,2026-05-30 08:00:00,23.1332,121.4206,1,,,4,,,,,28.6,
Vector_CWB_FB_46761F,2026-05-30 09:00:00,23.1332,121.4206,1.1,,,4.2,,,,,28.6,
Vector_CWB_FB_46761F,2026-05-30 10:00:00,23.1332,121.4206,1.1,,,4.3,,,,,28.6,
Vector_CWB_FB_46761F,2026-05-30 11:00:00,23.1332,121.4206,1.1,,,4.2,,,,,28.6,
Vector_CWB_FB_46761F,2026-05-30 12:00:00,23.1332,121.4206,1.1,,,4.1,,,,,28.7,
Vector_CWB_FB_46761F,2026-05-30 13:00:00,23.1332,121.4206,1,,,4.3,,,,,28.8,
Vector_CWB_FB_46761F,2026-05-30 14:00:00,23.1332,121.4206,1.1,,,4.1,,,,,28.7,
Vector_CWB_FB_46761F,2026-05-30 15:00:00,23.1332,121.4206,1.1,,,4.3,,,,,28.7,
Vector_CWB_FB_46761F,2026-05-30 16:00:00,23.1332,121.4206,1,,,4.2,,,,,28.7,
Vector_CWB_FB_46761F,2026-05-30 17:00:00,23.1332,121.4206,0.9,,,3.9,,,,,28.5,
Vector_CWB_FB_46761F,2026-05-30 18:00:00,23.1332,121.4206,0.9,,,4.1,,,,,28.5,
Vector_CWB_FB_46761F,2026-05-30 19:00:00,23.1332,121.4206,1,,,4.4,,,,,28.4,
Vector_CWB_FB_46761F,2026-05-30 20:00:00,23.1332,121.4206,1.1,,,4.2,,,,,28.5,
Vector_CWB_FB_46761F,2026-05-30 21:00:00,23.1332,121.4206,1.1,,,4.4,,,,,28.4,
Vector_CWB_FB_46761F,2026-05-30 22:00:00,23.1332,121.4206,1.2,,,4.6,,,,,28.3,
Vector_CWB_FB_46761F,2026-05-30 23:00:00,23.1332,121.4206,1.2,,,4.9,,,,,28.3,
Vector_CWB_FB_46761F,2026-05-31 00:00:00,23.1332,121.4206,1.2,,,4.9,,,,,28.4,
Vector_CWB_FB_46699A,2026-05-29 00:00:00,24.0311,121.6325,0.3,,,4.7,,,,1009.9,29,0.24
Vector_CWB_FB_46699A,2026-05-29 01:00:00,24.0311,121.6325,0.3,,,4.8,,,,1009.2,28.9,0.05
Vector_CWB_FB_46699A,2026-05-29 02:00:00,24.0311,121.6325,0.3,,,5.5,,,,1008.5,28.5,0.09
Vector_CWB_FB_46699A,2026-05-29 03:00:00,24.0311,121.6325,0.4,,,5.3,,,,1008.5,28.6,0.14
Vector_CWB_FB_46699A,2026-05-29 04:00:00,24.0311,121.6325,0.3,,,5.4,2.2,,229,1008.1,28.3,0.22
Vector_CWB_FB_46699A,2026-05-29 05:00:00,24.0311,121.6325,0.4,,,5.9,1.5,,315,1008.2,28.7,0.14
Vector_CWB_FB_46699A,2026-05-29 06:00:00,24.0311,121.6325,0.4,,,5.2,2,,226,1007.9,28.8,0.2
Vector_CWB_FB_46699A,2026-05-29 07:00:00,24.0311,121.6325,0.4,,,5.1,,,,1009.3,29.1,0.29
Vector_CWB_FB_46699A,2026-05-29 08:00:00,24.0311,121.6325,0.4,,,4.9,1.5,,40,1010.1,28.9,0.17
Vector_CWB_FB_46699A,2026-05-29 09:00:00,24.0311,121.6325,0.4,,,4.8,2.4,,71,1010.3,28.9,0.11
Vector_CWB_FB_46699A,2026-05-29 10:00:00,24.0311,121.6325,0.3,,,4.9,3.1,,50,1010.3,29.2,0.07
Vector_CWB_FB_46699A,2026-05-29 11:00:00,24.0311,121.6325,0.3,,,5.2,4.3,,58,1010,29.4,0.1
Vector_CWB_FB_46699A,2026-05-29 12:00:00,24.0311,121.6325,0.3,,,4.3,5.2,,52,1009.1,28.9,0.05
Vector_CWB_FB_46699A,2026-05-29 13:00:00,24.0311,121.6325,0.5,,,3.6,5.5,,45,1008.4,28.9,0.11
Vector_CWB_FB_46699A,2026-05-29 14:00:00,24.0311,121.6325,0.7,,,3.5,9.1,,41,1008.1,28.9,0.07
Vector_CWB_FB_46699A,2026-05-29 15:00:00,24.0311,121.6325,1.1,,,3.7,10.6,,40,1008,28.6,0.02
Vector_CWB_FB_46699A,2026-05-29 16:00:00,24.0311,121.6325,1.5,,,4.4,9.8,,41,1008,28.8,0.13
Vector_CWB_FB_46699A,2026-05-29 17:00:00,24.0311,121.6325,,,,,9.2,,40,1008.4,29,0.13
Vector_CWB_FB_46699A,2026-05-29 18:00:00,24.0311,121.6325,1.4,,,4.4,8.1,,41,1008.9,29,0.24
Vector_CWB_FB_46699A,2026-05-29 19:00:00,24.0311,121.6325,1.4,,,4.6,7.6,,45,1010.1,28.9,0.08
Vector_CWB_FB_46699A,2026-05-29 20:00:00,24.0311,121.6325,1,,,4.2,6.5,,52,1010.8,28.7,0.08
Vector_CWB_FB_46699A,2026-05-29 21:00:00,24.0311,121.6325,1,,,4.3,6.1,,74,1011.4,28.5,0.08
Vector_CWB_FB_46699A,2026-05-29 22:00:00,24.0311,121.6325,0.9,,,4.4,4.8,,55,1011.7,28.6,0
Vector_CWB_FB_46699A,2026-05-29 23:00:00,24.0311,121.6325,0.9,,,4.7,3.3,,333,1011.1,28.5,0.04
Vector_CWB_FB_46699A,2026-05-30 00:00:00,24.0311,121.6325,0.7,,,4.4,3.6,,4,1010.4,28.6,0.16
Vector_CWB_FB_46699A,2026-05-30 01:00:00,24.0311,121.6325,0.8,,,4.5,3.1,,35,1010.3,28.4,0.11
Vector_CWB_FB_46699A,2026-05-30 02:00:00,24.0311,121.6325,0.9,,,4.5,4.9,,38,1010.2,28.4,0.03
Vector_CWB_FB_46699A,2026-05-30 03:00:00,24.0311,121.6325,1,,,4.5,6.5,,42,1010,28.4,0.06
Vector_CWB_FB_46699A,2026-05-30 04:00:00,24.0311,121.6325,0.9,,,4.2,6.7,,46,1009.8,28.3,0.18
Vector_CWB_FB_46699A,2026-05-30 05:00:00,24.0311,121.6325,0.9,,,4.3,5.8,,39,1009.7,28.1,0.17
Vector_CWB_FB_46699A,2026-05-30 06:00:00,24.0311,121.6325,0.8,,,4.3,3.8,,20,1010.4,28,0.24
Vector_CWB_FB_46699A,2026-05-30 07:00:00,24.0311,121.6325,0.8,,,4.2,5.2,,35,1010.7,28,0.16
Vector_CWB_FB_46699A,2026-05-30 08:00:00,24.0311,121.6325,0.9,,,4.7,4.6,,33,1010.9,28,0.08
Vector_CWB_FB_46699A,2026-05-30 09:00:00,24.0311,121.6325,0.8,,,4.4,4.6,,45,1011.2,28,0.02
Vector_CWB_FB_46699A,2026-05-30 10:00:00,24.0311,121.6325,0.8,,,4.2,6,,49,1011.2,28,0.02
Vector_CWB_FB_46699A,2026-05-30 11:00:00,24.0311,121.6325,0.8,,,4.3,4.9,,47,1011,28.2,0.06
Vector_CWB_FB_46699A,2026-05-30 12:00:00,24.0311,121.6325,0.8,,,4.3,5.3,,44,1010.5,28.3,0.07
Vector_CWB_FB_46699A,2026-05-30 13:00:00,24.0311,121.6325,0.8,,,4.4,5.3,,41,1009.9,28.4,0.03
Vector_CWB_FB_46699A,2026-05-30 14:00:00,24.0311,121.6325,0.7,,,4.6,5.3,,50,1009.8,28.5,0.09
Vector_CWB_FB_46699A,2026-05-30 15:00:00,24.0311,121.6325,,,,,6.7,,45,1009.2,28.3,0.18
Vector_CWB_FB_46699A,2026-05-30 16:00:00,24.0311,121.6325,1,,,4.3,6.2,,41,1008.6,28.3,0.17
Vector_CWB_FB_46699A,2026-05-30 17:00:00,24.0311,121.6325,1.1,,,4.7,7,,38,1008.9,28.3,0.16
Vector_CWB_FB_46699A,2026-05-30 18:00:00,24.0311,121.6325,1.2,,,4.3,7.6,,46,1009.9,28,0.14
Vector_CWB_FB_46699A,2026-05-30 19:00:00,24.0311,121.6325,1.2,,,4.6,7.3,,42,1009.7,28,0.1
Vector_CWB_FB_46699A,2026-05-30 20:00:00,24.0311,121.6325,1.3,,,4.7,7.7,,45,1010,28,0.14
Vector_CWB_FB_46699A,2026-05-30 21:00:00,24.0311,121.6325,1.2,,,4.7,7.2,,45,1011.1,28,0.11
Vector_CWB_FB_46699A,2026-05-30 22:00:00,24.0311,121.6325,1.2,,,4.8,7,,40,1011.1,28,0.21
Vector_CWB_FB_46699A,2026-05-30 23:00:00,24.0311,121.6325,1.2,,,5,5.6,,42,1010.9,28,0.22
Vector_CWB_FB_46699A,2026-05-31 00:00:00,24.0311,121.6325,1.1,,,5.1,4.5,,40,1009.6,27.8,0.29
Vector_CWB_FB_46699A,2026-05-31 01:00:00,24.0311,121.6325,0.9,,,4.8,4,,32,1008.9,27.8,0.23
Vector_CWB_FB_46757B,2026-05-29 00:00:00,24.7625,120.8422,0.5,,,3.9,0.7,,213,1009.4,28.1,0.3
Vector_CWB_FB_46757B,2026-05-29 01:00:00,24.7625,120.8422,0.4,,,3.8,2.9,,283,1009,28,0.36
Vector_CWB_FB_46757B,2026-05-29 02:00:00,24.7625,120.8422,0.4,,,3.9,1.1,,278,1008.6,27.8,0.29
Vector_CWB_FB_46757B,2026-05-29 03:00:00,24.7625,120.8422,0.3,,,4,2.6,,285,1008.9,27.7,0.27
Vector_CWB_FB_46757B,2026-05-29 04:00:00,24.7625,120.8422,0.3,,,4.2,3.9,,267,1009.4,27.6,0.16
Vector_CWB_FB_46757B,2026-05-29 05:00:00,24.7625,120.8422,0.3,,,4.3,2.9,,254,1008.9,27.6,0.1
Vector_CWB_FB_46757B,2026-05-29 06:00:00,24.7625,120.8422,0.3,,,4.1,3.5,,300,1009.9,27.6,0.04
Vector_CWB_FB_46757B,2026-05-29 07:00:00,24.7625,120.8422,0.3,,,4.2,4.7,,346,1010.6,27.6,0.03
Vector_CWB_FB_46757B,2026-05-29 08:00:00,24.7625,120.8422,0.3,,,4.2,3.1,,4,1010.8,27.6,0.02
Vector_CWB_FB_46757B,2026-05-29 09:00:00,24.7625,120.8422,0.3,,,3.6,3.5,,38,1010.9,27.6,0.06
Vector_CWB_FB_46757B,2026-05-29 10:00:00,24.7625,120.8422,0.4,,,3.8,,,,1010.7,27.7,0.16
Vector_CWB_FB_46757B,2026-05-29 11:00:00,24.7625,120.8422,0.3,,,4.1,4.9,,43,1010.5,27.9,0.31
Vector_CWB_FB_46757B,2026-05-29 12:00:00,24.7625,120.8422,0.6,,,4,7,,48,1009.7,,0.37
Vector_CWB_FB_46757B,2026-05-29 13:00:00,24.7625,120.8422,0.8,,,4.6,7.1,,46,1009.1,27.7,0.32
Vector_CWB_FB_46757B,2026-05-29 14:00:00,24.7625,120.8422,1,,,4.6,9.6,,36,1008.4,27.8,0.35
Vector_CWB_FB_46757B,2026-05-29 15:00:00,24.7625,120.8422,1.2,,,4.8,10.2,,44,1007.9,27.8,0.26
Vector_CWB_FB_46757B,2026-05-29 16:00:00,24.7625,120.8422,1.1,,,4.4,9.1,,50,1007.7,27.7,0.1
Vector_CWB_FB_46757B,2026-05-29 17:00:00,24.7625,120.8422,1.1,,,4.2,10.8,,36,1007.8,27.7,0.03
Vector_CWB_FB_46757B,2026-05-29 18:00:00,24.7625,120.8422,1,,,4.1,9.2,,48,1008.1,27.7,0.15
Vector_CWB_FB_46757B,2026-05-29 19:00:00,24.7625,120.8422,1,,,4.2,9.1,,54,1008.9,27.7,0.32
Vector_CWB_FB_46757B,2026-05-29 20:00:00,24.7625,120.8422,0.7,,,3.8,9.9,,36,1009.3,27.7,0.41
Vector_CWB_FB_46757B,2026-05-29 21:00:00,24.7625,120.8422,0.6,,,3.6,10.1,,32,1009.7,27.7,0.28
Vector_CWB_FB_46757B,2026-05-29 22:00:00,24.7625,120.8422,,,,,9.3,,44,1010,27.5,0.15
Vector_CWB_FB_46757B,2026-05-29 23:00:00,24.7625,120.8422,0.7,,,3.6,9.3,,50,1010,27.5,0.11
Vector_CWB_FB_46757B,2026-05-30 00:00:00,24.7625,120.8422,0.7,,,3.9,6.9,,47,1009.6,27.5,0.06
Vector_CWB_FB_46757B,2026-05-30 01:00:00,24.7625,120.8422,0.7,,,4.2,6.7,,26,1009.5,27.5,0.08
Vector_CWB_FB_46757B,2026-05-30 02:00:00,24.7625,120.8422,0.7,,,4.4,6.2,,53,1009.2,27.4,0.2
Vector_CWB_FB_46757B,2026-05-30 03:00:00,24.7625,120.8422,0.7,,,4.6,5.1,,69,1008.7,27.5,0.07
Vector_CWB_FB_46757B,2026-05-30 04:00:00,24.7625,120.8422,0.6,,,4.4,6.4,,33,1008.8,27.4,0.03
Vector_CWB_FB_46757B,2026-05-30 05:00:00,24.7625,120.8422,0.7,,,4.1,7.9,,46,1008.7,27.4,0.05
Vector_CWB_FB_46757B,2026-05-30 06:00:00,24.7625,120.8422,0.7,,,4.4,6,,44,1009.2,27.4,0.08
Vector_CWB_FB_46757B,2026-05-30 07:00:00,24.7625,120.8422,0.7,,,4,7.9,,48,1009.1,27.4,0.15
Vector_CWB_FB_46757B,2026-05-30 08:00:00,24.7625,120.8422,0.6,,,3.9,6.8,,45,1009.6,27.4,0.17
Vector_CWB_FB_46757B,2026-05-30 09:00:00,24.7625,120.8422,0.7,,,3.8,8.3,,44,1009.5,27.4,0.06
Vector_CWB_FB_46757B,2026-05-30 10:00:00,24.7625,120.8422,0.7,,,3.8,10.2,,23,1009.8,27.4,0.07
Vector_CWB_FB_46757B,2026-05-30 11:00:00,24.7625,120.8422,1,,,4.1,11.9,,27,1010,27.4,0.1
Vector_CWB_FB_46757B,2026-05-30 12:00:00,24.7625,120.8422,1.1,,,4.3,11.7,,36,1009.4,27.4,0.2
Vector_CWB_FB_46757B,2026-05-30 13:00:00,24.7625,120.8422,1.1,,,4.6,12.2,,31,1008.6,27.3,0.47
Vector_CWB_FB_46757B,2026-05-30 14:00:00,24.7625,120.8422,1.2,,,4.8,11.7,,37,1008,27.7,0.2
Vector_CWB_FB_46757B,2026-05-30 15:00:00,24.7625,120.8422,1.5,,,4.7,12.6,,36,1008.5,27.7,0.17
Vector_CWB_FB_46757B,2026-05-30 16:00:00,24.7625,120.8422,1.4,,,4.8,12.1,,27,1008,27.6,0.14
Vector_CWB_FB_46757B,2026-05-30 17:00:00,24.7625,120.8422,1.4,,,4.5,12.8,,34,1008.4,27.4,0.14
Vector_CWB_FB_46757B,2026-05-30 18:00:00,24.7625,120.8422,1.4,,,4.5,12.4,,38,1008.3,27.4,0.24
Vector_CWB_FB_46757B,2026-05-30 19:00:00,24.7625,120.8422,1.2,,,4.5,11.6,,39,1008.4,27.4,0.25
Vector_CWB_FB_46757B,2026-05-30 20:00:00,24.7625,120.8422,1,,,4.1,11.3,,37,1009.1,27.3,0.38
Vector_CWB_FB_46757B,2026-05-30 21:00:00,24.7625,120.8422,1.1,,,4.3,10.9,,41,1009.2,27.3,0.36
Vector_CWB_FB_46757B,2026-05-30 22:00:00,24.7625,120.8422,0.8,,,3.8,10.4,,37,1009.8,27.2,0.23
Vector_CWB_FB_46757B,2026-05-30 23:00:00,24.7625,120.8422,0.8,,,3.8,10.7,,39,1009.4,27.2,0.1
Vector_CWB_FB_46757B,2026-05-31 00:00:00,24.7625,120.8422,0.9,,,3.9,11.7,,40,1009,27.2,0.08
Vector_CWB_FB_46757B,2026-05-31 01:00:00,24.7625,120.8422,0.9,,,4.1,11.3,,44,1008.3,27.2,0.05
Vector_CWB_FB_46694A,2026-05-29 00:00:00,25.0969,121.9222,0.2,,,5.2,1.7,,210,1009,26.9,0.14
Vector_CWB_FB_46694A,2026-05-29 01:00:00,25.0969,121.9222,0.4,,,5.8,1.6,,245,1008.8,27,0.38
Vector_CWB_FB_46694A,2026-05-29 02:00:00,25.0969,121.9222,0.3,,,5.4,2,,217,1007.9,27.1,0.47
Vector_CWB_FB_46694A,2026-05-29 03:00:00,25.0969,121.9222,0.3,,,4.9,1.6,,236,1008.1,27.1,0.5
Vector_CWB_FB_46694A,2026-05-29 04:00:00,25.0969,121.9222,0.4,,,4.7,,,,1007.8,26.2,0.58
Vector_CWB_FB_46694A,2026-05-29 05:00:00,25.0969,121.9222,0.3,,,4.8,2.2,,225,1007.2,26.7,0.47
Vector_CWB_FB_46694A,2026-05-29 06:00:00,25.0969,121.9222,0.3,,,4.9,,,,1008,26.3,0.12
Vector_CWB_FB_46694A,2026-05-29 07:00:00,25.0969,121.9222,0.3,,,5.1,5.4,,2,1010.3,26.8,0.14
Vector_CWB_FB_46694A,2026-05-29 08:00:00,25.0969,121.9222,0.2,,,4.4,4.2,,353,1010.7,27.1,0.25
Vector_CWB_FB_46694A,2026-05-29 09:00:00,25.0969,121.9222,0.3,,,4.1,2.3,,306,1010.7,26.6,0.17
Vector_CWB_FB_46694A,2026-05-29 10:00:00,25.0969,121.9222,0.3,,,4.2,2.6,,323,1010.9,26.4,0.06
Vector_CWB_FB_46694A,2026-05-29 11:00:00,25.0969,121.9222,0.4,,,4.1,4.5,,13,1010.7,27,0.24
Vector_CWB_FB_46694A,2026-05-29 12:00:00,25.0969,121.9222,0.7,,,4.2,4.1,,327,1010.3,26.7,0.36
Vector_CWB_FB_46694A,2026-05-29 13:00:00,25.0969,121.9222,0.7,,,4.6,5.2,,353,1009.7,26.5,0.38
Vector_CWB_FB_46694A,2026-05-29 14:00:00,25.0969,121.9222,1,,,4.8,5.5,,3,1009.2,26.7,0.46
Vector_CWB_FB_46694A,2026-05-29 15:00:00,25.0969,121.9222,1.1,,,4.9,5.1,,10,1009.2,26.8,0.51
Vector_CWB_FB_46694A,2026-05-29 16:00:00,25.0969,121.9222,1.2,,,5,4.6,,8,1008.7,26.6,0.3
Vector_CWB_FB_46694A,2026-05-29 17:00:00,25.0969,121.9222,0.9,,,4.7,4.8,,10,1008.6,26.2,0.51
Vector_CWB_FB_46694A,2026-05-29 18:00:00,25.0969,121.9222,1,,,4.6,3.2,,318,1009.6,25.9,0.32
Vector_CWB_FB_46694A,2026-05-29 19:00:00,25.0969,121.9222,0.6,,,4.6,3.9,,47,1010.1,27.1,0.3
Vector_CWB_FB_46694A,2026-05-29 20:00:00,25.0969,121.9222,0.8,,,4.6,2.6,,57,1010.9,27.9,0.31
Vector_CWB_FB_46694A,2026-05-29 21:00:00,25.0969,121.9222,0.7,,,4.6,1.4,,76,1011.5,27.7,0.06
Vector_CWB_FB_46694A,2026-05-29 22:00:00,25.0969,121.9222,0.7,,,4.9,3.1,,74,1011.6,27.6,0.18
Vector_CWB_FB_46694A,2026-05-29 23:00:00,25.0969,121.9222,0.8,,,4.9,3.5,,83,1011.5,27.6,0.06
Vector_CWB_FB_46694A,2026-05-30 00:00:00,25.0969,121.9222,0.8,,,4.9,3.1,,68,1011,27.6,0.09
Vector_CWB_FB_46694A,2026-05-30 01:00:00,25.0969,121.9222,0.9,,,5.3,3,,61,1010.8,27.6,0.38
Vector_CWB_FB_46694A,2026-05-30 02:00:00,25.0969,121.9222,0.8,,,5.1,2.1,,70,1010.4,27.1,0.42
Vector_CWB_FB_46694A,2026-05-30 03:00:00,25.0969,121.9222,0.9,,,5.1,2.5,,81,1010.1,25.6,0.41
Vector_CWB_FB_46694A,2026-05-30 04:00:00,25.0969,121.9222,0.9,,,5,3.3,,68,1010,25.9,0.71
Vector_CWB_FB_46694A,2026-05-30 05:00:00,25.0969,121.9222,0.9,,,5.1,2.8,,73,1010,25.7,0.67
Vector_CWB_FB_46694A,2026-05-30 06:00:00,25.0969,121.9222,0.8,,,5.1,2.6,,92,1010.1,25.9,0.34
Vector_CWB_FB_46694A,2026-05-30 07:00:00,25.0969,121.9222,0.8,,,5.4,3.4,,71,1010.7,26.3,0.31
Vector_CWB_FB_46694A,2026-05-30 08:00:00,25.0969,121.9222,0.9,,,5.4,3.6,,69,1010.9,26.2,0.11
Vector_CWB_FB_46694A,2026-05-30 09:00:00,25.0969,121.9222,1,,,5.7,3.4,,84,1011.2,26.3,0.14
Vector_CWB_FB_46694A,2026-05-30 10:00:00,25.0969,121.9222,0.8,,,5.4,3.3,,84,1011.2,26.4,0.25
Vector_CWB_FB_46694A,2026-05-30 11:00:00,25.0969,121.9222,0.9,,,5.3,3.8,,67,1011.3,26.3,0.04
Vector_CWB_FB_46694A,2026-05-30 12:00:00,25.0969,121.9222,0.8,,,5,3.6,,52,1010.8,26.3,0.07
Vector_CWB_FB_46694A,2026-05-30 13:00:00,25.0969,121.9222,0.9,,,5.6,4,,45,1010.2,26.5,0.35
Vector_CWB_FB_46694A,2026-05-30 14:00:00,25.0969,121.9222,1,,,5.2,4.6,,43,1009.8,26.2,0.35
Vector_CWB_FB_46694A,2026-05-30 15:00:00,25.0969,121.9222,1,,,5.3,3.8,,27,1009.6,25.8,0.38
Vector_CWB_FB_46694A,2026-05-30 16:00:00,25.0969,121.9222,1.1,,,5,3.2,,35,1009.3,26.1,0.58
Vector_CWB_FB_46694A,2026-05-30 17:00:00,25.0969,121.9222,1.1,,,5.2,3.8,,22,1009.6,25.7,0.56
Vector_CWB_FB_46694A,2026-05-30 18:00:00,25.0969,121.9222,1,,,5.2,2.9,,14,1009.8,23.1,0.43
Vector_CWB_FB_46694A,2026-05-30 19:00:00,25.0969,121.9222,0.9,,,5.3,2,,358,1010,25.5,0.37
Vector_CWB_FB_46694A,2026-05-30 20:00:00,25.0969,121.9222,0.9,,,5.1,2.3,,4,1010.4,26.2,0.35
Vector_CWB_FB_46694A,2026-05-30 21:00:00,25.0969,121.9222,0.7,,,4.9,2.5,,23,1010.8,26.2,0.1
Vector_CWB_FB_46694A,2026-05-30 22:00:00,25.0969,121.9222,1,,,5.3,2.6,,75,1011.1,26.2,0.14
Vector_CWB_FB_46694A,2026-05-30 23:00:00,25.0969,121.9222,0.8,,,4.9,2.4,,69,1010.9,25.8,0.23
Vector_CWB_FB_46694A,2026-05-31 00:00:00,25.0969,121.9222,0.7,,,4.8,1.9,,349,1010.1,25.8,0.1
Vector_CWB_FB_46694A,2026-05-31 01:00:00,25.0969,121.9222,0.7,,,5.1,2.7,,332,1009.3,25.7,0.11
Vector_CWB_FB_46714D,2026-05-29 00:00:00,22.3131,120.3639,0.7,,,4.9,2.6,,331,1010.4,27.6,0.58
Vector_CWB_FB_46714D,2026-05-29 01:00:00,22.3131,120.3639,0.7,,,4.9,4.5,,323,1009.2,27.5,0.49
Vector_CWB_FB_46714D,2026-05-29 02:00:00,22.3131,120.3639,0.6,,,5.1,2.5,,338,1008.8,27.6,0.36
Vector_CWB_FB_46714D,2026-05-29 03:00:00,22.3131,120.3639,0.7,,,5.1,1.6,,312,1008.8,27.6,0.24
Vector_CWB_FB_46714D,2026-05-29 04:00:00,22.3131,120.3639,0.7,,,4.8,2.2,,336,1008.9,27.6,0.49
Vector_CWB_FB_46714D,2026-05-29 05:00:00,22.3131,120.3639,0.7,,,4.7,2.9,,335,1009.1,27.7,0.63
Vector_CWB_FB_46714D,2026-05-29 06:00:00,22.3131,120.3639,0.8,,,4.6,3,,352,1009.7,27.7,0.38
Vector_CWB_FB_46714D,2026-05-29 07:00:00,22.3131,120.3639,0.8,,,4.8,3.7,,356,1010,27.9,0.39
Vector_CWB_FB_46714D,2026-05-29 08:00:00,22.3131,120.3639,0.6,,,4.7,4.2,,359,1009.6,28,0.35
Vector_CWB_FB_46714D,2026-05-29 09:00:00,22.3131,120.3639,0.5,,,4.8,5.1,,335,1009.7,28.1,0.15
Vector_CWB_FB_46714D,2026-05-29 10:00:00,22.3131,120.3639,0.5,,,4.5,4.5,,323,1009.1,28.3,0.15
Vector_CWB_FB_46714D,2026-05-29 11:00:00,22.3131,120.3639,0.5,,,4.7,5.6,,305,1008.7,28.4,0.44
Vector_CWB_FB_46714D,2026-05-29 12:00:00,22.3131,120.3639,0.5,,,4.7,4.5,,277,1008.3,28.7,0.19
Vector_CWB_FB_46714D,2026-05-29 13:00:00,22.3131,120.3639,0.4,,,4.7,6.3,,283,1007.8,28.7,0.15
Vector_CWB_FB_46714D,2026-05-29 14:00:00,22.3131,120.3639,0.4,,,4.6,5.6,,278,1007.2,28.5,0.12
Vector_CWB_FB_46714D,2026-05-29 15:00:00,22.3131,120.3639,0.5,,,4.3,5.5,,280,1006.6,28.5,0.08
Vector_CWB_FB_46714D,2026-05-29 16:00:00,22.3131,120.3639,0.4,,,4.3,5.2,,306,1006.8,28.5,0.08
Vector_CWB_FB_46714D,2026-05-29 17:00:00,22.3131,120.3639,0.4,,,4.2,3.1,,344,1007.1,28.4,0.08
Vector_CWB_FB_46714D,2026-05-29 18:00:00,22.3131,120.3639,0.5,,,4.2,2.7,,37,1007.8,28.2,0.06
Vector_CWB_FB_46714D,2026-05-29 19:00:00,22.3131,120.3639,0.4,,,4.2,3.5,,38,1008.4,28.2,0.18
Vector_CWB_FB_46714D,2026-05-29 20:00:00,22.3131,120.3639,0.4,,,4.5,3.7,,47,1008.7,28.6,0.68
Vector_CWB_FB_46714D,2026-05-29 21:00:00,22.3131,120.3639,0.3,,,4.6,1.5,,65,1009.2,28.6,0.67
Vector_CWB_FB_46714D,2026-05-29 22:00:00,22.3131,120.3639,0.3,,,5,1.3,,35,1010.2,28.1,0.43
Vector_CWB_FB_46714D,2026-05-29 23:00:00,22.3131,120.3639,0.4,,,5.1,,,,1009.9,27.9,0.16
Vector_CWB_FB_46714D,2026-05-30 00:00:00,22.3131,120.3639,0.5,,,5.2,1.9,,27,1009.5,27.7,0.57
Vector_CWB_FB_46714D,2026-05-30 01:00:00,22.3131,120.3639,0.5,,,5.2,2.4,,49,1008.7,28.1,0.65
Vector_CWB_FB_46714D,2026-05-30 02:00:00,22.3131,120.3639,0.5,,,5.2,5,,154,1008.8,28,0.7
Vector_CWB_FB_46714D,2026-05-30 03:00:00,22.3131,120.3639,0.6,,,4.4,6.7,,230,1005.9,28,0.61
Vector_CWB_FB_46714D,2026-05-30 04:00:00,22.3131,120.3639,0.5,,,4.4,2.9,,231,1007.5,28.2,0.56
Vector_CWB_FB_46714D,2026-05-30 05:00:00,22.3131,120.3639,0.6,,,4.5,3.5,,277,1008.6,28,0.47
Vector_CWB_FB_46714D,2026-05-30 06:00:00,22.3131,120.3639,0.5,,,4.5,3.5,,274,1008.6,27.8,0.19
Vector_CWB_FB_46714D,2026-05-30 07:00:00,22.3131,120.3639,0.5,,,4.3,4.6,,257,1009,28.1,0.15
Vector_CWB_FB_46714D,2026-05-30 08:00:00,22.3131,120.3639,0.4,,,4.5,1.8,,247,1009.4,28.4,0.07
Vector_CWB_FB_46714D,2026-05-30 09:00:00,22.3131,120.3639,0.4,,,4.6,1.2,,281,1009.4,28.6,0.2
Vector_CWB_FB_46714D,2026-05-30 10:00:00,22.3131,120.3639,0.4,,,4.9,1.9,,84,1009.2,29,0.11
Vector_CWB_FB_46714D,2026-05-30 11:00:00,22.3131,120.3639,0.4,,,5,1.4,,96,1009,28.6,0.01
Vector_CWB_FB_46714D,2026-05-30 12:00:00,22.3131,120.3639,0.3,,,4.9,3.1,,308,1008.5,28.8,0.18
Vector_CWB_FB_46714D,2026-05-30 13:00:00,22.3131,120.3639,0.3,,,4.8,4.4,,300,1007.9,28.8,0.06
Vector_CWB_FB_46714D,2026-05-30 14:00:00,22.3131,120.3639,0.3,,,4.7,6,,291,1007.4,28.6,0.24
Vector_CWB_FB_46714D,2026-05-30 15:00:00,22.3131,120.3639,0.3,,,4.2,4.1,,303,1007.1,28.6,0.23
Vector_CWB_FB_46714D,2026-05-30 16:00:00,22.3131,120.3639,0.3,,,4.2,3,,277,1006.8,28.5,0.16
Vector_CWB_FB_46714D,2026-05-30 17:00:00,22.3131,120.3639,0.3,,,4.5,6.7,,140,1007,28.5,0.13
Vector_CWB_FB_46714D,2026-05-30 18:00:00,22.3131,120.3639,0.4,,,3.5,4.4,,123,1007.4,28.1,0.15
Vector_CWB_FB_46714D,2026-05-30 19:00:00,22.3131,120.3639,0.4,,,3.6,,,,1007.9,28.6,0.38
Vector_CWB_FB_46714D,2026-05-30 20:00:00,22.3131,120.3639,0.4,,,3.5,1.1,,125,1008.8,28.7,0.18
Vector_CWB_FB_46714D,2026-05-30 21:00:00,22.3131,120.3639,0.4,,,3.6,1.1,,95,1008.6,28.6,0.1
Vector_CWB_FB_46714D,2026-05-30 22:00:00,22.3131,120.3639,0.3,,,3.7,,,,1009,28.8,0.34
Vector_CWB_FB_46714D,2026-05-30 23:00:00,22.3131,120.3639,0.3,,,3.7,1.4,,39,1008.5,29,0.47
Vector_CWB_FB_46714D,2026-05-31 00:00:00,22.3131,120.3639,0.4,,,3.7,1.7,,29,1007.9,28.4,0.01
Vector_CWB_FB_46714D,2026-05-31 01:00:00,22.3131,120.3639,0.3,,,4,2.5,,29,1007.4,28.5,0.23
Vector_CWB_FB_C6V27,2026-05-29 00:00:00,21.0636,118.8572,0.7,,,4.5,4.7,,231,1009.9,,0.19
Vector_CWB_FB_C6V27,2026-05-29 02:00:00,21.0636,118.8572,,,,,,,,,,0.34
Vector_CWB_FB_C6V27,2026-05-29 03:00:00,21.0636,118.8572,0.6,,,4.1,4.2,,265,1008.4,,0.4
Vector_CWB_FB_C6V27,2026-05-29 04:00:00,21.0636,118.8572,0.6,,,4.2,4.2,,274,1008.3,,0.43
Vector_CWB_FB_C6V27,2026-05-29 05:00:00,21.0636,118.8572,0.6,,,4.1,4.2,,289,1009,,0.37
Vector_CWB_FB_C6V27,2026-05-29 06:00:00,21.0636,118.8572,0.6,,,4.1,4.9,,293,1009.4,,0.37
Vector_CWB_FB_C6V27,2026-05-29 07:00:00,21.0636,118.8572,0.6,,,4.1,4.6,,314,1010,,0.38
Vector_CWB_FB_C6V27,2026-05-29 08:00:00,21.0636,118.8572,,,,,,,,,,0.48
Vector_CWB_FB_C6V27,2026-05-29 09:00:00,21.0636,118.8572,0.6,,,4.2,3.3,,324,1009.8,,0.53
Vector_CWB_FB_C6V27,2026-05-29 10:00:00,21.0636,118.8572,0.7,,,4.2,3.2,,311,1009.8,,0.48
Vector_CWB_FB_C6V27,2026-05-29 11:00:00,21.0636,118.8572,0.7,,,4.4,4.2,,321,1009.9,,0.54
Vector_CWB_FB_C6V27,2026-05-29 12:00:00,21.0636,118.8572,0.7,,,4.9,3.7,,320,1009.4,,0.45
Vector_CWB_FB_C6V27,2026-05-29 13:00:00,21.0636,118.8572,0.7,,,4.7,3.2,,314,1008.9,,0.42
Vector_CWB_FB_C6V27,2026-05-29 16:00:00,21.0636,118.8572,0.6,,,4.4,3,,281,1006.5,,0.14
Vector_CWB_FB_C6V27,2026-05-29 17:00:00,21.0636,118.8572,0.6,,,4.6,3.7,,286,1006.6,,0.02
Vector_CWB_FB_C6V27,2026-05-29 19:00:00,21.0636,118.8572,0.7,,,4.2,3.1,,290,1008.1,,0.12
Vector_CWB_FB_C6V27,2026-05-29 20:00:00,21.0636,118.8572,0.6,,,4.3,3.2,,274,1008.4,,0.09
Vector_CWB_FB_C6V27,2026-05-29 21:00:00,21.0636,118.8572,0.6,,,4.3,10.4,,17,1010,,0.19
Vector_CWB_FB_C6V27,2026-05-29 22:00:00,21.0636,118.8572,0.6,,,3.9,,,,1008.7,,0.18
Vector_CWB_FB_C6V27,2026-05-29 23:00:00,21.0636,118.8572,0.5,,,4.4,,,,1009.6,,0.13
Vector_CWB_FB_C6V27,2026-05-30 01:00:00,21.0636,118.8572,0.5,,,4.5,3,,12,1008.7,,0.27
Vector_CWB_FB_C6V27,2026-05-30 02:00:00,21.0636,118.8572,0.6,,,5.1,3.7,,24,1008.3,,0.41
Vector_CWB_FB_C6V27,2026-05-30 03:00:00,21.0636,118.8572,0.5,,,4.5,2.4,,38,1007.5,,0.37
Vector_CWB_FB_C6V27,2026-05-30 04:00:00,21.0636,118.8572,0.6,,,4.4,1.2,,85,1007.9,,0.31
Vector_CWB_FB_C6V27,2026-05-30 05:00:00,21.0636,118.8572,0.6,,,4.4,5.9,,355,1008.1,,0.36
Vector_CWB_FB_C6V27,2026-05-30 06:00:00,21.0636,118.8572,0.7,,,4.1,2.8,,351,1009.1,,0.42
Vector_CWB_FB_C6V27,2026-05-30 07:00:00,21.0636,118.8572,0.8,,,4.2,5.6,,32,1008.8,,0.41
Vector_CWB_FB_C6V27,2026-05-30 08:00:00,21.0636,118.8572,1,,,4.7,8.1,,64,1008.6,,0.51
Vector_CWB_FB_C6V27,2026-05-30 09:00:00,21.0636,118.8572,1,,,4.4,6.1,,71,1008.1,,0.55
Vector_CWB_FB_C6V27,2026-05-30 10:00:00,21.0636,118.8572,1,,,5,4.8,,89,1008.5,,0.68
Vector_CWB_FB_C6V27,2026-05-30 11:00:00,21.0636,118.8572,0.9,,,5.4,3.7,,65,1009,,0.44
Vector_CWB_FB_C6V27,2026-05-30 12:00:00,21.0636,118.8572,0.9,,,5.2,5.2,,79,1008.8,,0.35
Vector_CWB_FB_C6V27,2026-05-30 13:00:00,21.0636,118.8572,1.1,,,4.9,3.7,,110,1008.3,,0.32
Vector_CWB_FB_C6V27,2026-05-30 14:00:00,21.0636,118.8572,1,,,5.1,3.7,,98,1008,,0.52
Vector_CWB_FB_C6V27,2026-05-30 15:00:00,21.0636,118.8572,1,,,4.7,2.6,,144,1007.5,,0.27
Vector_CWB_FB_C6V27,2026-05-30 16:00:00,21.0636,118.8572,1,,,5.1,2.8,,72,1007.2,,0.41
Vector_CWB_FB_C6V27,2026-05-30 17:00:00,21.0636,118.8572,1,,,4.8,3.8,,73,1006.9,,0.35
Vector_CWB_FB_C6V27,2026-05-30 18:00:00,21.0636,118.8572,1.1,,,4.9,3.1,,68,1007.2,,0.24
Vector_CWB_FB_C6V27,2026-05-30 19:00:00,21.0636,118.8572,1.2,,,4.6,3.5,,18,1007.6,,0.06
Vector_CWB_FB_C6V27,2026-05-30 20:00:00,21.0636,118.8572,1.1,,,5,4.2,,16,1008.4,,0.18
Vector_CWB_FB_C6V27,2026-05-30 21:00:00,21.0636,118.8572,1,,,5,5.1,,9,1009.2,,0.21
Vector_CWB_FB_C6V27,2026-05-30 22:00:00,21.0636,118.8572,0.9,,,4.9,4.7,,23,1009.3,,0.41
Vector_CWB_FB_C6V27,2026-05-31 00:00:00,21.0636,118.8572,1.2,,,5.3,3,,32,1008.5,,0.36
Vector_CWB_FB_C6V27,2026-05-31 01:00:00,21.0636,118.8572,1.1,,,5.2,5,,99,1008,,0.38
Vector_CWB_FB_C6W08,2026-05-29 00:00:00,26.3525,120.5153,1,,,4.1,7.8,,62,1008.7,23.8,0.52
Vector_CWB_FB_C6W08,2026-05-29 01:00:00,26.3525,120.5153,0.9,,,4.1,6.9,,51,1009.5,23.9,0.61
Vector_CWB_FB_C6W08,2026-05-29 02:00:00,26.3525,120.5153,1,,,4.3,4.6,,53,1009.7,23.9,0.39
Vector_CWB_FB_C6W08,2026-05-29 03:00:00,26.3525,120.5153,1,,,4.3,4.4,,27,1009.9,24.1,0.27
Vector_CWB_FB_C6W08,2026-05-29 04:00:00,26.3525,120.5153,1,,,4.9,4.6,,21,1010.2,24,0.08
Vector_CWB_FB_C6W08,2026-05-29 05:00:00,26.3525,120.5153,1.1,,,4.5,5.8,,18,1010.1,24.3,0.33
Vector_CWB_FB_C6W08,2026-05-29 06:00:00,26.3525,120.5153,0.9,,,4.2,6.7,,25,1010.4,24.3,0.3
Vector_CWB_FB_C6W08,2026-05-29 07:00:00,26.3525,120.5153,1,,,4.2,6.1,,46,1011.5,24.3,0.39
Vector_CWB_FB_C6W08,2026-05-29 08:00:00,26.3525,120.5153,1,,,4.2,6.1,,31,1012,24.6,0.28
Vector_CWB_FB_C6W08,2026-05-29 09:00:00,26.3525,120.5153,0.9,,,4.1,6.7,,29,1012.1,24.7,0.04
Vector_CWB_FB_C6W08,2026-05-29 10:00:00,26.3525,120.5153,0.9,,,4.3,5.3,,38,1012.1,24.7,0.11
Vector_CWB_FB_C6W08,2026-05-29 11:00:00,26.3525,120.5153,0.8,,,4.4,4.8,,38,1012.2,25,0.3
Vector_CWB_FB_C6W08,2026-05-29 12:00:00,26.3525,120.5153,0.7,,,4.5,4.7,,33,1012,25,0.44
Vector_CWB_FB_C6W08,2026-05-29 13:00:00,26.3525,120.5153,0.8,,,4.5,4.1,,23,1011.4,25.1,0.71
Vector_CWB_FB_C6W08,2026-05-29 14:00:00,26.3525,120.5153,0.6,,,4.4,4.6,,20,1011.3,25.1,0.66
Vector_CWB_FB_C6W08,2026-05-29 15:00:00,26.3525,120.5153,0.7,,,4.6,4.5,,28,1010.2,25.1,0.53
Vector_CWB_FB_C6W08,2026-05-29 16:00:00,26.3525,120.5153,0.7,,,4.1,5.3,,34,1010.1,25.3,0.37
Vector_CWB_FB_C6W08,2026-05-29 17:00:00,26.3525,120.5153,0.8,,,4.1,5.7,,40,1009.6,25.3,0.16
Vector_CWB_FB_C6W08,2026-05-29 18:00:00,26.3525,120.5153,0.8,,,4,5.7,,47,1010.2,25.1,0.22
Vector_CWB_FB_C6W08,2026-05-29 19:00:00,26.3525,120.5153,0.8,,,4.1,5.9,,49,1010.4,24.9,0.17
Vector_CWB_FB_C6W08,2026-05-29 20:00:00,26.3525,120.5153,0.8,,,4.2,5.1,,51,1011.1,24.9,0.23
Vector_CWB_FB_C6W08,2026-05-29 21:00:00,26.3525,120.5153,0.8,,,4.2,4.6,,45,1012,24.9,0.21
Vector_CWB_FB_C6W08,2026-05-29 22:00:00,26.3525,120.5153,0.9,,,4.3,4.5,,44,1013,24.9,0.11
Vector_CWB_FB_C6W08,2026-05-29 23:00:00,26.3525,120.5153,0.9,,,4.5,5.2,,51,1012.4,24.9,0.16
Vector_CWB_FB_C6W08,2026-05-30 00:00:00,26.3525,120.5153,0.9,,,4.5,6.1,,47,1012.5,24.4,0.33
Vector_CWB_FB_C6W08,2026-05-30 01:00:00,26.3525,120.5153,0.9,,,4.5,7.1,,33,1012,24.4,0.41
Vector_CWB_FB_C6W08,2026-05-30 02:00:00,26.3525,120.5153,1,,,4.7,7,,30,1012,24.9,0.65
Vector_CWB_FB_C6W08,2026-05-30 03:00:00,26.3525,120.5153,1.1,,,4.5,6.6,,35,1011.4,24.9,0.51
Vector_CWB_FB_C6W08,2026-05-30 04:00:00,26.3525,120.5153,1.2,,,4.7,6.6,,34,1011.5,24.8,0.41
Vector_CWB_FB_C6W08,2026-05-30 05:00:00,26.3525,120.5153,1.2,,,4.3,7.3,,41,1011.4,24.8,0.36
Vector_CWB_FB_C6W08,2026-05-30 06:00:00,26.3525,120.5153,1.5,,,4.4,8.4,,41,1011.5,24.7,0.35
Vector_CWB_FB_C6W08,2026-05-30 07:00:00,26.3525,120.5153,1.5,,,4.3,7.9,,37,1012.2,24.7,0.42
Vector_CWB_FB_C6W08,2026-05-30 08:00:00,26.3525,120.5153,1.2,,,4.2,8.4,,34,1012,24.7,0.39
Vector_CWB_FB_C6W08,2026-05-30 09:00:00,26.3525,120.5153,,,,,8.9,,40,1011.4,24.7,0.32
Vector_CWB_FB_C6W08,2026-05-30 10:00:00,26.3525,120.5153,1.3,,,4.3,8.1,,34,1012.7,24.7,0.21
Vector_CWB_FB_C6W08,2026-05-30 11:00:00,26.3525,120.5153,1.2,,,4.4,7.6,,46,1012.5,24.7,0.09
Vector_CWB_FB_C6W08,2026-05-30 12:00:00,26.3525,120.5153,1.2,,,4.8,7,,36,1012.6,24.8,0.16
Vector_CWB_FB_C6W08,2026-05-30 13:00:00,26.3525,120.5153,1.2,,,5.1,7,,50,1011.9,24,0.78
Vector_CWB_FB_C6W08,2026-05-30 14:00:00,26.3525,120.5153,1.3,,,5,6.9,,40,1011.5,24.8,0.55
Vector_CWB_FB_C6W08,2026-05-30 15:00:00,26.3525,120.5153,1.2,,,5,7.1,,52,1011.1,24.7,0.54
Vector_CWB_FB_C6W08,2026-05-30 16:00:00,26.3525,120.5153,1.4,,,5,7.4,,48,1010.8,24.7,0.38
Vector_CWB_FB_C6W08,2026-05-30 17:00:00,26.3525,120.5153,1.6,,,5.1,7.4,,45,1010.7,24.7,0.26
Vector_CWB_FB_C6W08,2026-05-30 18:00:00,26.3525,120.5153,1.3,,,4.7,6.9,,62,1010.9,24.7,0.34
Vector_CWB_FB_C6W08,2026-05-30 19:00:00,26.3525,120.5153,1.3,,,4.5,7.5,,62,1011.1,24.6,0.18
Vector_CWB_FB_C6W08,2026-05-30 20:00:00,26.3525,120.5153,1.3,,,4.6,7.5,,59,1011.4,24.6,0.33
Vector_CWB_FB_C6W08,2026-05-30 21:00:00,26.3525,120.5153,1.3,,,4.4,7.1,,60,1012.1,24.6,0.11
Vector_CWB_FB_C6W08,2026-05-30 22:00:00,26.3525,120.5153,1.2,,,4.3,6.6,,51,1012.2,24.6,0.06
Vector_CWB_FB_C6W08,2026-05-30 23:00:00,26.3525,120.5153,1.2,,,4.5,6,,53,1011.7,24.6,0.31
Vector_CWB_FB_C6W08,2026-05-31 00:00:00,26.3525,120.5153,1.3,,,5,5.7,,45,1011.3,24.6,0.24
Vector_CWB_FB_C6W08,2026-05-31 01:00:00,26.3525,120.5153,1.3,,,5.2,6.5,,33,1010.9,24.5,0.34
Vector_CWB_FB_C6W10,2026-05-29 00:00:00,23.191,119.6647,0.5,,,4.2,1.7,,218,1008.7,27.5,0.4
Vector_CWB_FB_C6W10,2026-05-29 01:00:00,23.191,119.6647,0.5,,,4.3,1.7,,201,1009,27.4,0.36
Vector_CWB_FB_C6W10,2026-05-29 02:00:00,23.191,119.6647,0.5,,,4.3,3,,175,1008.7,27.4,0.2
Vector_CWB_FB_C6W10,2026-05-29 04:00:00,23.191,119.6647,0.5,,,4.5,4.3,,266,1009.1,27.2,0.42
Vector_CWB_FB_C6W10,2026-05-29 05:00:00,23.191,119.6647,0.4,,,4.7,3.6,,275,1009.2,27.5,0.21
Vector_CWB_FB_C6W10,2026-05-29 06:00:00,23.191,119.6647,0.4,,,4.4,4,,283,1009.5,27.5,0.42
Vector_CWB_FB_C6W10,2026-05-29 07:00:00,23.191,119.6647,0.3,,,4.5,2.9,,313,1009.7,27.6,0.49
Vector_CWB_FB_C6W10,2026-05-29 08:00:00,23.191,119.6647,0.3,,,4.4,3.2,,3,1009.7,27.7,
Vector_CWB_FB_C6W10,2026-05-29 09:00:00,23.191,119.6647,0.4,,,4.3,3.7,,42,1009.6,27.7,0.41
Vector_CWB_FB_C6W10,2026-05-29 10:00:00,23.191,119.6647,0.4,,,4.1,3,,23,1009.4,27.9,0.26
Vector_CWB_FB_C6W10,2026-05-29 11:00:00,23.191,119.6647,0.4,,,4.3,4.9,,4,1009,28.1,0.15
Vector_CWB_FB_C6W10,2026-05-29 12:00:00,23.191,119.6647,0.4,,,4.4,5,,6,1008.5,28.1,0.26
Vector_CWB_FB_C6W10,2026-05-29 13:00:00,23.191,119.6647,0.4,,,4.3,5.4,,4,1007.9,28,0.38
Vector_CWB_FB_C6W10,2026-05-29 14:00:00,23.191,119.6647,0.4,,,3.9,5.5,,357,1007.3,27.2,0.19
Vector_CWB_FB_C6W10,2026-05-29 15:00:00,23.191,119.6647,0.5,,,4,5.1,,351,1006.8,27.4,0.26
Vector_CWB_FB_C6W10,2026-05-29 16:00:00,23.191,119.6647,0.6,,,4.1,8.5,,13,1006.6,28.2,0.42
Vector_CWB_FB_C6W10,2026-05-29 17:00:00,23.191,119.6647,0.6,,,4.2,8.9,,28,1006.6,28,0.59
Vector_CWB_FB_C6W10,2026-05-29 18:00:00,23.191,119.6647,0.7,,,4.6,7.9,,28,1007.4,28,0.62
Vector_CWB_FB_C6W10,2026-05-29 19:00:00,23.191,119.6647,0.8,,,5.5,7.9,,30,1008,28,0.1
Vector_CWB_FB_C6W10,2026-05-29 20:00:00,23.191,119.6647,0.8,,,5.2,7.6,,22,1008.8,27.7,0.62
Vector_CWB_FB_C6W10,2026-05-29 21:00:00,23.191,119.6647,0.9,,,5.1,7.1,,18,1009.7,27.7,0.65
Vector_CWB_FB_C6W10,2026-05-29 22:00:00,23.191,119.6647,0.9,,,4.7,7.7,,34,1010.2,27.5,0.34
Vector_CWB_FB_C6W10,2026-05-29 23:00:00,23.191,119.6647,1,,,4.3,7,,32,1009.6,27.5,0.25
Vector_CWB_FB_C6W10,2026-05-30 00:00:00,23.191,119.6647,1,,,4.6,7,,17,1009.7,27.4,0.47
Vector_CWB_FB_C6W10,2026-05-30 01:00:00,23.191,119.6647,0.9,,,4.8,7.8,,360,1009.2,27.4,0.48
Vector_CWB_FB_C6W10,2026-05-30 02:00:00,23.191,119.6647,0.8,,,4.7,7.8,,2,1008.8,27.3,0.33
Vector_CWB_FB_C6W10,2026-05-30 03:00:00,23.191,119.6647,0.8,,,4.8,8.4,,358,1008.1,27.1,0.13
Vector_CWB_FB_C6W10,2026-05-30 04:00:00,23.191,119.6647,1.3,,,5.3,8.2,,18,1007.7,27.4,0.43
Vector_CWB_FB_C6W10,2026-05-30 05:00:00,23.191,119.6647,1.2,,,5.1,7.6,,19,1008.4,27.5,0.35
Vector_CWB_FB_C6W10,2026-05-30 06:00:00,23.191,119.6647,0.8,,,5,6.7,,16,1008.6,27.6,0.45
Vector_CWB_FB_C6W10,2026-05-30 07:00:00,23.191,119.6647,0.9,,,5.2,6.5,,10,1009.1,27.8,0.45
Vector_CWB_FB_C6W10,2026-05-30 08:00:00,23.191,119.6647,0.8,,,5.3,6.7,,4,1009.1,27.9,0.39
Vector_CWB_FB_C6W10,2026-05-30 09:00:00,23.191,119.6647,0.8,,,5,7.5,,360,1009.4,27.8,0.56
Vector_CWB_FB_C6W10,2026-05-30 10:00:00,23.191,119.6647,0.9,,,4.7,7.6,,3,1009.6,27.8,0.35
Vector_CWB_FB_C6W10,2026-05-30 11:00:00,23.191,119.6647,0.9,,,4.1,7.6,,360,1009.3,27.9,0.35
Vector_CWB_FB_C6W10,2026-05-30 12:00:00,23.191,119.6647,0.8,,,3.9,8.4,,11,1008.6,27.8,0.24
Vector_CWB_FB_C6W10,2026-05-30 13:00:00,23.191,119.6647,0.7,,,4.3,9.2,,7,1008.1,27.9,0.34
Vector_CWB_FB_C6W10,2026-05-30 14:00:00,23.191,119.6647,0.9,,,4.4,9,,5,1007.4,27.8,0.18
Vector_CWB_FB_C6W10,2026-05-30 15:00:00,23.191,119.6647,1.3,,,5,9.2,,8,1006.8,27.9,0.31
Vector_CWB_FB_C6W10,2026-05-30 16:00:00,23.191,119.6647,1.6,,,5.5,9.9,,8,1006.6,28,0.48
Vector_CWB_FB_C6W10,2026-05-30 17:00:00,23.191,119.6647,1.4,,,5.5,9.4,,16,1006.6,28.1,0.48
Vector_CWB_FB_C6W10,2026-05-30 18:00:00,23.191,119.6647,1.3,,,5.5,10.4,,17,1006.5,28,0.66
Vector_CWB_FB_C6W10,2026-05-30 19:00:00,23.191,119.6647,1.4,,,5.7,10.7,,23,1007.2,27.9,0.42
Vector_CWB_FB_C6W10,2026-05-30 20:00:00,23.191,119.6647,1.3,,,5.7,10.5,,29,1007.7,27.8,0.78
Vector_CWB_FB_C6W10,2026-05-30 21:00:00,23.191,119.6647,1.5,,,6.6,10.4,,30,1008.4,27.8,0.8
Vector_CWB_FB_C6W10,2026-05-31 00:00:00,23.191,119.6647,1.4,,,4.7,8.4,,38,1008.3,27.4,0.55
Vector_CWB_FB_C6W10,2026-05-31 01:00:00,23.191,119.6647,1.1,,,4.5,8.4,,27,1007.4,27.5,0.62
Vector_CWB_FB_C6AH2,2026-05-29 00:00:00,25.305,121.5364,0.4,,,4,2,,290,1010,26.9,0.47
Vector_CWB_FB_C6AH2,2026-05-29 01:00:00,25.305,121.5364,0.5,,,4.2,,,,1009.8,26.9,0.38
Vector_CWB_FB_C6AH2,2026-05-29 02:00:00,25.305,121.5364,0.5,,,3.9,1.3,,4,1009.3,27.3,0.14
Vector_CWB_FB_C6AH2,2026-05-29 03:00:00,25.305,121.5364,0.5,,,4.4,1.3,,53,1009.3,27.1,0.49
Vector_CWB_FB_C6AH2,2026-05-29 04:00:00,25.305,121.5364,0.4,,,4.7,1.1,,164,1009.1,26.4,0.68
Vector_CWB_FB_C6AH2,2026-05-29 05:00:00,25.305,121.5364,0.4,,,4.6,2.6,,280,1008.8,26.6,0.53
Vector_CWB_FB_C6AH2,2026-05-29 06:00:00,25.305,121.5364,0.6,,,3.7,9,,42,1010.2,25.8,0.5
Vector_CWB_FB_C6AH2,2026-05-29 07:00:00,25.305,121.5364,0.7,,,3.7,4.5,,112,1011.1,26.6,0.34
Vector_CWB_FB_C6AH2,2026-05-29 08:00:00,25.305,121.5364,0.5,,,4,3.7,,98,1011.8,26.7,0.39
Vector_CWB_FB_C6AH2,2026-05-29 09:00:00,25.305,121.5364,0.5,,,4.3,5.1,,56,1012.3,26.1,0.55
Vector_CWB_FB_C6AH2,2026-05-29 10:00:00,25.305,121.5364,0.9,,,4.5,6.4,,48,1012.2,27,1.47
Vector_CWB_FB_C6AH2,2026-05-29 11:00:00,25.305,121.5364,0.6,,,4.6,4.6,,66,1012.5,27,1.08
Vector_CWB_FB_C6AH2,2026-05-29 12:00:00,25.305,121.5364,0.9,,,5,4.7,,84,1011.8,26.9,0.87
Vector_CWB_FB_C6AH2,2026-05-29 13:00:00,25.305,121.5364,0.9,,,4.7,5.5,,76,1011.3,27.1,0.56
Vector_CWB_FB_C6AH2,2026-05-29 14:00:00,25.305,121.5364,0.9,,,4.7,6.2,,71,1010.7,27.2,0.22
Vector_CWB_FB_C6AH2,2026-05-29 15:00:00,25.305,121.5364,0.8,,,4.6,7.1,,64,1010.5,27.3,0.62
Vector_CWB_FB_C6AH2,2026-05-29 16:00:00,25.305,121.5364,0.8,,,4.4,7.3,,65,1009.7,26.7,0.54
Vector_CWB_FB_C6AH2,2026-05-29 17:00:00,25.305,121.5364,1,,,4.1,7.4,,65,1010,27.1,0.5
Vector_CWB_FB_C6AH2,2026-05-29 18:00:00,25.305,121.5364,0.8,,,4.2,6.9,,79,1010.6,27,0.29
Vector_CWB_FB_C6AH2,2026-05-29 19:00:00,25.305,121.5364,0.9,,,4.3,6.8,,92,1011.3,26.4,0.04
Vector_CWB_FB_C6AH2,2026-05-29 20:00:00,25.305,121.5364,0.7,,,4.7,5.8,,89,1011.7,26.2,0.13
Vector_CWB_FB_C6AH2,2026-05-29 21:00:00,25.305,121.5364,0.8,,,4.6,6.1,,78,1012.1,26.1,0.21
Vector_CWB_FB_C6AH2,2026-05-29 22:00:00,25.305,121.5364,0.9,,,5,6.2,,103,1012.4,26.4,0.73
Vector_CWB_FB_C6AH2,2026-05-29 23:00:00,25.305,121.5364,1.1,,,5.5,6.1,,86,1012.3,27.1,1.18
Vector_CWB_FB_C6AH2,2026-05-30 00:00:00,25.305,121.5364,1,,,5.7,6.7,,80,1011.7,26.7,0.82
Vector_CWB_FB_C6AH2,2026-05-30 01:00:00,25.305,121.5364,0.8,,,5.1,6.8,,91,1011.3,26.5,0.4
Vector_CWB_FB_C6AH2,2026-05-30 02:00:00,25.305,121.5364,0.9,,,4.9,7.6,,85,1011,26.5,0.21
Vector_CWB_FB_C6AH2,2026-05-30 03:00:00,25.305,121.5364,0.8,,,4.8,7.1,,91,1010.7,26.7,0.45
Vector_CWB_FB_C6AH2,2026-05-30 04:00:00,25.305,121.5364,0.8,,,4.6,8,,87,1010.2,26.7,0.54
Vector_CWB_FB_C6AH2,2026-05-30 05:00:00,25.305,121.5364,0.9,,,4.6,6.8,,87,1010.8,26,0.49
Vector_CWB_FB_C6AH2,2026-05-30 06:00:00,25.305,121.5364,0.9,,,4.7,7.8,,78,1010.9,26.1,0.38
Vector_CWB_FB_C6AH2,2026-05-30 07:00:00,25.305,121.5364,0.8,,,4.4,8.3,,67,1011.1,25.7,0.03
Vector_CWB_FB_C6AH2,2026-05-30 08:00:00,25.305,121.5364,0.9,,,4.8,8.6,,65,1011.6,26,0.15
Vector_CWB_FB_C6AH2,2026-05-30 09:00:00,25.305,121.5364,0.9,,,4.3,8.2,,59,1012.1,26,
Vector_CWB_FB_C6AH2,2026-05-30 10:00:00,25.305,121.5364,0.9,,,4.6,7.8,,67,1011.6,25.3,0.58
Vector_CWB_FB_C6AH2,2026-05-30 11:00:00,25.305,121.5364,0.9,,,5.3,7.5,,64,1012,26.5,1.22
Vector_CWB_FB_C6AH2,2026-05-30 12:00:00,25.305,121.5364,0.8,,,5.1,7.3,,54,1011.8,26.3,0.72
Vector_CWB_FB_C6AH2,2026-05-30 13:00:00,25.305,121.5364,0.9,,,4.8,7.4,,56,1011.4,26.2,0.65
Vector_CWB_FB_C6AH2,2026-05-30 14:00:00,25.305,121.5364,0.8,,,4.8,6.7,,62,1011,26.4,0.18
Vector_CWB_FB_C6AH2,2026-05-30 15:00:00,25.305,121.5364,0.8,,,4.7,6.9,,61,1010.7,26.7,0.6
Vector_CWB_FB_C6AH2,2026-05-30 16:00:00,25.305,121.5364,0.8,,,4.6,7.3,,67,1010.1,26.5,0.71
Vector_CWB_FB_C6AH2,2026-05-30 17:00:00,25.305,121.5364,0.8,,,4.4,7.6,,55,1010.5,25.9,0.5
Vector_CWB_FB_C6AH2,2026-05-30 18:00:00,25.305,121.5364,0.8,,,4.4,7.1,,60,1010.7,26.1,0.35
Vector_CWB_FB_C6AH2,2026-05-30 19:00:00,25.305,121.5364,0.9,,,4.7,7.4,,62,1011.2,25.9,0.22
Vector_CWB_FB_C6AH2,2026-05-30 20:00:00,25.305,121.5364,0.9,,,4.7,7.2,,80,1011.5,25.7,0.14
Vector_CWB_FB_C6AH2,2026-05-30 21:00:00,25.305,121.5364,1,,,5.2,7.2,,81,1011.7,25.9,0.18
Vector_CWB_FB_C6AH2,2026-05-30 22:00:00,25.305,121.5364,0.9,,,5,6.7,,80,1011.9,24.8,0.49
Vector_CWB_FB_C6AH2,2026-05-30 23:00:00,25.305,121.5364,1.1,,,5.4,6,,64,1011.9,25.7,1.2
Vector_CWB_FB_C6AH2,2026-05-31 00:00:00,25.305,121.5364,1.1,,,5.5,6.1,,64,1011.2,26.3,0.97
Vector_CWB_FB_C6AH2,2026-05-31 01:00:00,25.305,121.5364,0.8,,,5.2,6,,64,1010.2,25.6,0.75
Vector_CWB_FB_46708A,2026-05-29 00:00:00,24.8469,121.9256,0.3,,,5.3,1.5,,35,1009.6,27.5,0.12
Vector_CWB_FB_46708A,2026-05-29 01:00:00,24.8469,121.9256,0.3,,,4.9,1.4,,10,1009.1,27.6,0.12
Vector_CWB_FB_46708A,2026-05-29 02:00:00,24.8469,121.9256,0.3,,,4.9,,,,1008.5,28,0.34
Vector_CWB_FB_46708A,2026-05-29 03:00:00,24.8469,121.9256,0.3,,,4.8,5.1,,181,1008.2,27.7,0.75
Vector_CWB_FB_46708A,2026-05-29 04:00:00,24.8469,121.9256,0.3,,,4.2,1.4,,164,1008.4,27.9,0.2
Vector_CWB_FB_46708A,2026-05-29 05:00:00,24.8469,121.9256,0.3,,,4.8,1.8,,166,1008,28,0.27
Vector_CWB_FB_46708A,2026-05-29 06:00:00,24.8469,121.9256,0.3,,,4.2,1.6,,165,1008.6,28.4,0.47
Vector_CWB_FB_46708A,2026-05-29 07:00:00,24.8469,121.9256,0.3,,,5,3.6,,18,1009.7,28.3,0.41
Vector_CWB_FB_46708A,2026-05-29 08:00:00,24.8469,121.9256,0.2,,,4.5,2.7,,360,1010.6,27.7,0.58
Vector_CWB_FB_46708A,2026-05-29 09:00:00,24.8469,121.9256,0.2,,,4.8,,,,1011.1,27.8,0.71
Vector_CWB_FB_46708A,2026-05-29 10:00:00,24.8469,121.9256,0.3,,,4.7,3.6,,57,1010.9,27.6,0.59
Vector_CWB_FB_46708A,2026-05-29 11:00:00,24.8469,121.9256,0.4,,,4.5,8,,12,1010.2,27.6,0.5
Vector_CWB_FB_46708A,2026-05-29 12:00:00,24.8469,121.9256,0.4,,,3.8,7,,23,1010.3,27.3,0.37
Vector_CWB_FB_46708A,2026-05-29 13:00:00,24.8469,121.9256,0.5,,,3.6,7.7,,19,1010,27.5,0.51
Vector_CWB_FB_46708A,2026-05-29 14:00:00,24.8469,121.9256,0.5,,,3.8,6.8,,23,1009.6,27.1,0.87
Vector_CWB_FB_46708A,2026-05-29 15:00:00,24.8469,121.9256,0.5,,,4,7.6,,20,1009.2,27.7,0.96
Vector_CWB_FB_46708A,2026-05-29 16:00:00,24.8469,121.9256,0.6,,,3.7,8.1,,26,1008.7,27.4,0.57
Vector_CWB_FB_46708A,2026-05-29 17:00:00,24.8469,121.9256,0.6,,,3.9,6.4,,19,1008.7,26.7,0.28
Vector_CWB_FB_46708A,2026-05-29 18:00:00,24.8469,121.9256,0.6,,,4.6,5.1,,19,1009.7,26.2,0.43
Vector_CWB_FB_46708A,2026-05-29 19:00:00,24.8469,121.9256,0.6,,,4.8,3,,8,1010.6,26.8,0.48
Vector_CWB_FB_46708A,2026-05-29 20:00:00,24.8469,121.9256,0.6,,,5,3.5,,16,1011.2,26.5,0.59
Vector_CWB_FB_46708A,2026-05-29 21:00:00,24.8469,121.9256,0.7,,,5.3,3.8,,15,1011.8,26.2,0.76
Vector_CWB_FB_46708A,2026-05-29 22:00:00,24.8469,121.9256,0.7,,,5.2,3.1,,346,1012,26.7,0.63
Vector_CWB_FB_46708A,2026-05-29 23:00:00,24.8469,121.9256,0.9,,,5.3,2.7,,322,1011.9,26.8,0.56
Vector_CWB_FB_46708A,2026-05-30 00:00:00,24.8469,121.9256,0.7,,,4.8,1.9,,328,1011.3,26.9,0.4
Vector_CWB_FB_46708A,2026-05-30 01:00:00,24.8469,121.9256,1,,,4.7,3.5,,348,1011.2,26.8,0.24
Vector_CWB_FB_46708A,2026-05-30 02:00:00,24.8469,121.9256,0.9,,,4.7,3.9,,30,1010.6,26.8,0.14
Vector_CWB_FB_46708A,2026-05-30 03:00:00,24.8469,121.9256,0.8,,,4.7,3.1,,33,1010.5,26.8,0.05
Vector_CWB_FB_46708A,2026-05-30 04:00:00,24.8469,121.9256,0.6,,,5,3.4,,343,1010.5,26.9,0.13
Vector_CWB_FB_46708A,2026-05-30 05:00:00,24.8469,121.9256,0.6,,,4.9,3.4,,51,1010.4,26.8,0.39
Vector_CWB_FB_46708A,2026-05-30 06:00:00,24.8469,121.9256,0.6,,,5.1,2.7,,57,1010.7,26.8,0.61
Vector_CWB_FB_46708A,2026-05-30 07:00:00,24.8469,121.9256,0.4,,,5.3,2.2,,69,1011.1,26.8,0.63
Vector_CWB_FB_46708A,2026-05-30 08:00:00,24.8469,121.9256,0.4,,,5.2,2.6,,74,1011.3,26.7,0.79
Vector_CWB_FB_46708A,2026-05-30 09:00:00,24.8469,121.9256,0.4,,,5.1,3.3,,60,1011.5,28,0.86
Vector_CWB_FB_46708A,2026-05-30 10:00:00,24.8469,121.9256,0.4,,,4.9,3.7,,66,1011.5,27.6,0.84
Vector_CWB_FB_46708A,2026-05-30 11:00:00,24.8469,121.9256,0.7,,,5.2,4.7,,62,1011.4,27.5,0.65
Vector_CWB_FB_46708A,2026-05-30 12:00:00,24.8469,121.9256,0.7,,,4.7,4.7,,53,1010.9,27.5,0.34
Vector_CWB_FB_46708A,2026-05-30 13:00:00,24.8469,121.9256,0.7,,,4.5,6.2,,46,1010.4,27.4,0.12
Vector_CWB_FB_46708A,2026-05-30 14:00:00,24.8469,121.9256,0.7,,,4.6,6.2,,54,1010,27.7,0.23
Vector_CWB_FB_46708A,2026-05-30 15:00:00,24.8469,121.9256,0.5,,,4.2,7.8,,48,1009.8,27.1,0.55
Vector_CWB_FB_46708A,2026-05-30 16:00:00,24.8469,121.9256,0.5,,,4.4,7.3,,39,1009.4,27.4,0.68
Vector_CWB_FB_46708A,2026-05-30 17:00:00,24.8469,121.9256,0.6,,,4.6,7.3,,43,1009.6,27.6,0.58
Vector_CWB_FB_46708A,2026-05-30 18:00:00,24.8469,121.9256,0.6,,,4.4,6.9,,39,1010.2,27.4,0.25
Vector_CWB_FB_46708A,2026-05-30 19:00:00,24.8469,121.9256,0.6,,,4.3,5.6,,18,1010.5,27.1,0.05
Vector_CWB_FB_46708A,2026-05-30 20:00:00,24.8469,121.9256,0.6,,,5,4.7,,356,1011,26.4,0.09
Vector_CWB_FB_46708A,2026-05-30 21:00:00,24.8469,121.9256,0.6,,,5.6,3.1,,327,1011.6,27,0.26
Vector_CWB_FB_46708A,2026-05-30 22:00:00,24.8469,121.9256,0.7,,,5.5,2.8,,329,1011.6,27,0.45
Vector_CWB_FB_46708A,2026-05-30 23:00:00,24.8469,121.9256,0.6,,,5.1,3,,9,1011.3,26.7,0.34
Vector_CWB_FB_46708A,2026-05-31 00:00:00,24.8469,121.9256,0.7,,,5,4,,5,1010.4,26.5,0.38
Vector_CWB_FB_46708A,2026-05-31 01:00:00,24.8469,121.9256,0.8,,,5.1,4,,350,1009.7,26.9,0.28
Vector_CWB_FB_C6S94,2026-05-29 00:00:00,22.0753,121.5828,0.6,,,7.3,3.2,,2,1010,28.5,0.49
Vector_CWB_FB_C6S94,2026-05-29 01:00:00,22.0753,121.5828,0.6,,,7.6,3.3,,6,1009.5,28.4,0.48
Vector_CWB_FB_C6S94,2026-05-29 02:00:00,22.0753,121.5828,0.6,,,6.7,3.9,,5,1009.2,28.4,0.48
Vector_CWB_FB_C6S94,2026-05-29 03:00:00,22.0753,121.5828,0.6,,,5.6,2.9,,8,1008.6,28.6,0.47
Vector_CWB_FB_C6S94,2026-05-29 04:00:00,22.0753,121.5828,0.6,,,5.7,2.5,,9,1009.2,28.6,0.35
Vector_CWB_FB_C6S94,2026-05-29 05:00:00,22.0753,121.5828,0.7,,,5.7,2,,16,1009.5,28.6,0.48
Vector_CWB_FB_C6S94,2026-05-29 06:00:00,22.0753,121.5828,0.6,,,5.5,1.7,,22,1009.5,28.6,0.47
Vector_CWB_FB_C6S94,2026-05-29 07:00:00,22.0753,121.5828,0.6,,,5.4,1.1,,321,1009.9,28.2,0.26
Vector_CWB_FB_C6S94,2026-05-29 08:00:00,22.0753,121.5828,0.7,,,6.1,1.9,,342,1010.3,27.5,0.29
Vector_CWB_FB_C6S94,2026-05-29 09:00:00,22.0753,121.5828,0.6,,,5.6,2.5,,344,1010.4,28.8,0.48
Vector_CWB_FB_C6S94,2026-05-29 10:00:00,22.0753,121.5828,0.6,,,6.8,2.4,,341,1010.2,29,0.47
Vector_CWB_FB_C6S94,2026-05-29 11:00:00,22.0753,121.5828,0.5,,,6.3,3.2,,345,1009.8,29,0.4
Vector_CWB_FB_C6S94,2026-05-29 12:00:00,22.0753,121.5828,0.5,,,6.7,3.7,,24,1009.7,28.8,0.36
Vector_CWB_FB_C6S94,2026-05-29 13:00:00,22.0753,121.5828,0.6,,,6.9,3.9,,24,1008.8,28.9,0.32
Vector_CWB_FB_C6S94,2026-05-29 14:00:00,22.0753,121.5828,0.6,,,6.4,2.5,,32,1008.3,28.5,0.26
Vector_CWB_FB_C6S94,2026-05-29 15:00:00,22.0753,121.5828,0.6,,,5.9,1.7,,41,1007.7,28.7,0.19
Vector_CWB_FB_C6S94,2026-05-29 16:00:00,22.0753,121.5828,0.6,,,5.6,2.6,,23,1007.5,28.4,0.11
Vector_CWB_FB_C6S94,2026-05-29 17:00:00,22.0753,121.5828,0.6,,,5.6,2.5,,5,1008.1,28.5,0.07
Vector_CWB_FB_C6S94,2026-05-29 18:00:00,22.0753,121.5828,0.5,,,5.4,3.6,,23,1008.6,28.6,0.24
Vector_CWB_FB_C6S94,2026-05-29 19:00:00,22.0753,121.5828,0.6,,,6.1,3.6,,20,1009.3,28.4,0.19
Vector_CWB_FB_C6S94,2026-05-29 20:00:00,22.0753,121.5828,0.5,,,4,6,,38,1009.8,28.4,0.1
Vector_CWB_FB_C6S94,2026-05-29 21:00:00,22.0753,121.5828,0.7,,,4.2,7.2,,39,1010.4,27.9,0.31
Vector_CWB_FB_C6S94,2026-05-29 22:00:00,22.0753,121.5828,0.9,,,4.4,6.7,,42,1010.9,28.1,0.21
Vector_CWB_FB_C6S94,2026-05-29 23:00:00,22.0753,121.5828,1.1,,,4.4,7.5,,40,1010.7,28.1,0.17
Vector_CWB_FB_C6S94,2026-05-30 00:00:00,22.0753,121.5828,1.1,,,4.5,7,,27,1010.5,27.9,0.13
Vector_CWB_FB_C6S94,2026-05-30 01:00:00,22.0753,121.5828,1.1,,,4.4,6.4,,26,1009.9,27.8,0.13
Vector_CWB_FB_C6S94,2026-05-30 02:00:00,22.0753,121.5828,1,,,4.7,6.3,,8,1009.5,27.3,0.21
Vector_CWB_FB_C6S94,2026-05-30 03:00:00,22.0753,121.5828,1,,,4.8,6.9,,19,1009.3,27.7,0.32
Vector_CWB_FB_C6S94,2026-05-30 04:00:00,22.0753,121.5828,1.3,,,5,6.8,,27,1009.2,27.5,0.41
Vector_CWB_FB_C6S94,2026-05-30 05:00:00,22.0753,121.5828,1,,,5.1,8,,27,1008.5,27.5,0.61
Vector_CWB_FB_C6S94,2026-05-30 06:00:00,22.0753,121.5828,1.2,,,4.7,8.3,,17,1009.5,27.5,0.19
Vector_CWB_FB_C6S94,2026-05-30 07:00:00,22.0753,121.5828,1.3,,,4.9,7.6,,22,1010.2,27.7,0.33
Vector_CWB_FB_C6S94,2026-05-30 08:00:00,22.0753,121.5828,1.3,,,5.1,7.5,,29,1010.7,27.5,0.29
Vector_CWB_FB_C6S94,2026-05-30 09:00:00,22.0753,121.5828,1.1,,,5.2,7.5,,15,1010.9,27.5,0.15
Vector_CWB_FB_C6S94,2026-05-30 10:00:00,22.0753,121.5828,1.1,,,5.6,7.5,,26,1010.7,27.4,0.06
Vector_CWB_FB_C6S94,2026-05-30 11:00:00,22.0753,121.5828,1,,,5.1,7.7,,25,1010.3,27.4,0.15
Vector_CWB_FB_C6S94,2026-05-30 12:00:00,22.0753,121.5828,1.3,,,4.8,8.1,,29,1009.6,27.6,0.06
Vector_CWB_FB_C6S94,2026-05-30 13:00:00,22.0753,121.5828,1.3,,,4.8,9,,21,1009,27.9,0.05
Vector_CWB_FB_C6S94,2026-05-30 14:00:00,22.0753,121.5828,1.5,,,5.2,9.3,,22,1008.3,27.8,0.12
Vector_CWB_FB_C6S94,2026-05-30 15:00:00,22.0753,121.5828,1.4,,,4.8,9.8,,33,1008.1,27.7,0.13
Vector_CWB_FB_C6S94,2026-05-30 16:00:00,22.0753,121.5828,1.5,,,4.9,9,,27,1007.9,27.7,0.29
Vector_CWB_FB_C6S94,2026-05-30 17:00:00,22.0753,121.5828,1.4,,,4.8,8.5,,26,1007.9,27.7,0.28
Vector_CWB_FB_C6S94,2026-05-30 18:00:00,22.0753,121.5828,1.4,,,4.8,9.1,,31,1008.7,27.7,0.23
Vector_CWB_FB_C6S94,2026-05-30 19:00:00,22.0753,121.5828,1.3,,,4.7,8.9,,31,1009.2,27.7,0.38
Vector_CWB_FB_C6S94,2026-05-30 20:00:00,22.0753,121.5828,1.5,,,5.2,9.5,,34,1009.7,27.6,0.11
Vector_CWB_FB_C6S94,2026-05-30 21:00:00,22.0753,121.5828,1.4,,,5,9,,38,1010.2,27.7,0.1
Vector_CWB_FB_C6S94,2026-05-30 22:00:00,22.0753,121.5828,1.5,,,5.4,8.5,,27,1010.5,27.7,0.22
Vector_CWB_FB_C6S94,2026-05-30 23:00:00,22.0753,121.5828,1.7,,,6,8.5,,21,1010.1,27.7,0.42
Vector_CWB_FB_C6S94,2026-05-31 00:00:00,22.0753,121.5828,2.2,,,6.9,8.5,,16,1009.3,27.6,0.13
Vector_CWB_FB_C6S94,2026-05-31 01:00:00,22.0753,121.5828,2.3,,,6.7,8.2,,19,1008.5,27.7,0.18
Vector_CWB_FB_C6B01,2026-05-29 00:00:00,25.6049,122.0588,0.7,,,4.6,,,,1010.5,26.4,1.13
Vector_CWB_FB_C6B01,2026-05-29 01:00:00,25.6049,122.0588,0.6,,,4.5,,,,1010.3,26.6,0.99
Vector_CWB_FB_C6B01,2026-05-29 02:00:00,25.6049,122.0588,0.7,,,4.8,,,,1009.7,26.3,0.46
Vector_CWB_FB_C6B01,2026-05-29 03:00:00,25.6049,122.0588,0.6,,,4.6,,,,1009.4,26.3,0.16
Vector_CWB_FB_C6B01,2026-05-29 04:00:00,25.6049,122.0588,0.7,,,4.9,,,,1009.4,25.5,0.82
Vector_CWB_FB_C6B01,2026-05-29 05:00:00,25.6049,122.0588,0.6,,,4.6,,,,1009.7,26.3,1.15
Vector_CWB_FB_C6B01,2026-05-29 06:00:00,25.6049,122.0588,0.7,,,4.7,,,,1010.3,25.9,1.23
Vector_CWB_FB_C6B01,2026-05-29 07:00:00,25.6049,122.0588,0.6,,,4.6,,,,1011.2,25.1,0.91
Vector_CWB_FB_C6B01,2026-05-29 08:00:00,25.6049,122.0588,0.6,,,4.4,,,,1012,25.9,0.3
Vector_CWB_FB_C6B01,2026-05-29 09:00:00,25.6049,122.0588,0.7,,,4.5,,,,1012.3,25.6,0.72
Vector_CWB_FB_C6B01,2026-05-29 10:00:00,25.6049,122.0588,0.6,,,4.5,,,,1012.4,25.4,1.16
Vector_CWB_FB_C6B01,2026-05-29 11:00:00,25.6049,122.0588,0.6,,,4.3,,,,1012.1,25.4,1.2
Vector_CWB_FB_C6B01,2026-05-29 12:00:00,25.6049,122.0588,0.7,,,4.2,,,,1011.8,24.8,1.04
Vector_CWB_FB_C6B01,2026-05-29 13:00:00,25.6049,122.0588,0.6,,,4.2,,,,1011.3,24.8,0.6
Vector_CWB_FB_C6B01,2026-05-29 14:00:00,25.6049,122.0588,0.8,,,4.2,,,,1010.9,24.6,0.2
Vector_CWB_FB_C6B01,2026-05-29 15:00:00,25.6049,122.0588,0.7,,,4,,,,1010.7,23.7,0.61
Vector_CWB_FB_C6B01,2026-05-29 16:00:00,25.6049,122.0588,0.8,,,4.2,,,,1010.2,23.3,1.05
Vector_CWB_FB_C6B01,2026-05-29 17:00:00,25.6049,122.0588,0.7,,,4.3,,,,1010.1,24.1,1.3
Vector_CWB_FB_C6B01,2026-05-29 18:00:00,25.6049,122.0588,0.7,,,4.6,,,,1010.7,26.9,1.17
Vector_CWB_FB_C6B01,2026-05-29 19:00:00,25.6049,122.0588,0.8,,,5.1,,,,1011.5,27.1,1.25
Vector_CWB_FB_C6B01,2026-05-29 20:00:00,25.6049,122.0588,0.9,,,4.8,,,,1012.2,27.8,1.14
Vector_CWB_FB_C6B01,2026-05-29 21:00:00,25.6049,122.0588,0.7,,,4.4,,,,1012.7,27.2,0.78
Vector_CWB_FB_C6B01,2026-05-29 22:00:00,25.6049,122.0588,0.8,,,4.2,,,,1013,27,0.17
Vector_CWB_FB_C6B01,2026-05-29 23:00:00,25.6049,122.0588,0.9,,,5,,,,1012.9,26.8,0.24
Vector_CWB_FB_C6B01,2026-05-30 00:00:00,25.6049,122.0588,0.7,,,5,,,,1012.7,26.1,1.07
Vector_CWB_FB_C6B01,2026-05-30 01:00:00,25.6049,122.0588,0.8,,,4.9,,,,1012.4,26,0.8
Vector_CWB_FB_C6B01,2026-05-30 02:00:00,25.6049,122.0588,0.8,,,4.5,,,,1011.9,26.4,0.21
Vector_CWB_FB_C6B01,2026-05-30 03:00:00,25.6049,122.0588,0.8,,,4.4,,,,1011.7,26,0.43
Vector_CWB_FB_C6B01,2026-05-30 04:00:00,25.6049,122.0588,0.6,,,4.1,,,,1011.6,25.7,0.65
Vector_CWB_FB_C6B01,2026-05-30 05:00:00,25.6049,122.0588,0.6,,,4.3,,,,1011.7,25.5,1.08
Vector_CWB_FB_C6B01,2026-05-30 06:00:00,25.6049,122.0588,0.7,,,4.6,,,,1012,27.1,1.37
Vector_CWB_FB_C6B01,2026-05-30 07:00:00,25.6049,122.0588,0.7,,,4.6,,,,1012.4,27.1,1.25
Vector_CWB_FB_C6B01,2026-05-30 08:00:00,25.6049,122.0588,0.8,,,4.8,,,,1012.2,27.4,1.14
Vector_CWB_FB_C6B01,2026-05-30 09:00:00,25.6049,122.0588,0.8,,,4.8,,,,1012.7,27.3,0.56
Vector_CWB_FB_C6B01,2026-05-30 10:00:00,25.6049,122.0588,0.8,,,4.7,,,,1012.9,26.8,0.28
Vector_CWB_FB_C6B01,2026-05-30 11:00:00,25.6049,122.0588,0.8,,,4.9,,,,1012.9,27.2,0.68
Vector_CWB_FB_C6B01,2026-05-30 12:00:00,25.6049,122.0588,0.9,,,4.8,,,,1012.7,27.2,0.84
Vector_CWB_FB_C6B01,2026-05-30 13:00:00,25.6049,122.0588,0.7,,,4.6,,,,1011.9,27.4,0.97
Vector_CWB_FB_C6B01,2026-05-30 14:00:00,25.6049,122.0588,0.6,,,4.4,,,,1011.7,27,0.55
Vector_CWB_FB_C6B01,2026-05-30 15:00:00,25.6049,122.0588,0.8,,,4.7,,,,1011.4,26.2,0.4
Vector_CWB_FB_C6B01,2026-05-30 16:00:00,25.6049,122.0588,0.6,,,4.5,,,,1011.1,26.6,1.03
Vector_CWB_FB_C6B01,2026-05-30 17:00:00,25.6049,122.0588,0.7,,,4.8,,,,1011.1,27,1.42
Vector_CWB_FB_C6B01,2026-05-30 18:00:00,25.6049,122.0588,0.6,,,5.2,,,,1011.6,27.4,1.8
Vector_CWB_FB_C6B01,2026-05-30 19:00:00,25.6049,122.0588,0.6,,,5.3,,,,1011.8,26.9,1.62
Vector_CWB_FB_C6B01,2026-05-30 20:00:00,25.6049,122.0588,0.7,,,4.9,,,,1011.9,27.1,1.42
Vector_CWB_FB_C6B01,2026-05-30 21:00:00,25.6049,122.0588,0.8,,,4.9,,,,1012.3,26.6,1.13
Vector_CWB_FB_C6B01,2026-05-30 22:00:00,25.6049,122.0588,0.8,,,4.7,,,,1012.4,27,0.66
Vector_CWB_FB_C6B01,2026-05-30 23:00:00,25.6049,122.0588,0.9,,,4.8,,,,1012.4,26,0.31
Vector_CWB_FB_C6B01,2026-05-31 00:00:00,25.6049,122.0588,0.9,,,5,,,,1011.8,26.9,0.25
Vector_CWB_FB_C6B01,2026-05-31 01:00:00,25.6049,122.0588,0.9,,,4.5,,,,1011,27,0.21
Vector_CWB_FB_C6F01,2026-05-29 00:00:00,24.2111,120.4094,0.3,,,4,1.5,,224,1009.4,27.6,0.2
Vector_CWB_FB_C6F01,2026-05-29 01:00:00,24.2111,120.4094,0.3,,,4,1.5,,190,1009,27.6,0.16
Vector_CWB_FB_C6F01,2026-05-29 02:00:00,24.2111,120.4094,0.3,,,4.2,,,,1009,27.6,0.17
Vector_CWB_FB_C6F01,2026-05-29 03:00:00,24.2111,120.4094,0.3,,,4.3,2.5,,286,1009.4,27.6,0.22
Vector_CWB_FB_C6F01,2026-05-29 04:00:00,24.2111,120.4094,0.3,,,4.1,2.6,,310,1009.5,27.6,0.24
Vector_CWB_FB_C6F01,2026-05-29 05:00:00,24.2111,120.4094,0.3,,,4.1,2.2,,336,1009.6,27.6,0.29
Vector_CWB_FB_C6F01,2026-05-29 06:00:00,24.2111,120.4094,0.3,,,4,1.2,,327,1009.6,29,0.32
Vector_CWB_FB_C6F01,2026-05-29 07:00:00,24.2111,120.4094,0.3,,,4,1.8,,354,1010.7,28.6,0.38
Vector_CWB_FB_C6F01,2026-05-29 08:00:00,24.2111,120.4094,0.3,,,4.1,4.4,,6,1011,28.4,0.25
Vector_CWB_FB_C6F01,2026-05-29 09:00:00,24.2111,120.4094,0.3,,,3.8,4,,39,1010.8,28,0.21
Vector_CWB_FB_C6F01,2026-05-29 10:00:00,24.2111,120.4094,0.3,,,4,3.7,,34,1010.2,27.8,0.12
Vector_CWB_FB_C6F01,2026-05-29 11:00:00,24.2111,120.4094,0.3,,,3.6,5.4,,6,1009.6,27.9,0.14
Vector_CWB_FB_C6F01,2026-05-29 12:00:00,24.2111,120.4094,0.5,,,3.6,6.9,,22,1009.1,28.7,0.06
Vector_CWB_FB_C6F01,2026-05-29 13:00:00,24.2111,120.4094,0.6,,,3.6,7.7,,32,1008,28.6,0.07
Vector_CWB_FB_C6F01,2026-05-29 14:00:00,24.2111,120.4094,0.8,,,3.7,9.1,,12,1007.8,28.6,0.13
Vector_CWB_FB_C6F01,2026-05-29 15:00:00,24.2111,120.4094,1.1,,,4.1,10.9,,20,1007.4,28.8,0.04
Vector_CWB_FB_C6F01,2026-05-29 16:00:00,24.2111,120.4094,1.8,,,4.7,11.1,,22,1006.4,28.5,0.08
Vector_CWB_FB_C6F01,2026-05-29 17:00:00,24.2111,120.4094,1.8,,,5.1,11.2,,27,1006.4,28.3,0.11
Vector_CWB_FB_C6F01,2026-05-29 18:00:00,24.2111,120.4094,1.7,,,5.1,10.2,,32,1007.5,28.2,0.16
Vector_CWB_FB_C6F01,2026-05-29 19:00:00,24.2111,120.4094,2,,,5.4,8.8,,30,1008.3,27.9,0.16
Vector_CWB_FB_C6F01,2026-05-29 20:00:00,24.2111,120.4094,1.8,,,5.4,9.4,,30,1009,28,
Vector_CWB_FB_C6F01,2026-05-29 21:00:00,24.2111,120.4094,1.5,,,4.7,9.6,,28,1009.9,28,0.16
Vector_CWB_FB_C6F01,2026-05-29 22:00:00,24.2111,120.4094,1.7,,,5.3,8.8,,28,1009.8,27.9,0.25
Vector_CWB_FB_C6F01,2026-05-29 23:00:00,24.2111,120.4094,1.4,,,4.8,7.5,,24,1009.4,27.8,0.3
Vector_CWB_FB_C6F01,2026-05-30 00:00:00,24.2111,120.4094,1.2,,,4.5,8.2,,31,1009,27.9,0.34
Vector_CWB_FB_C6F01,2026-05-30 01:00:00,24.2111,120.4094,1.4,,,4.8,8.5,,24,1008.9,27.9,0.29
Vector_CWB_FB_C6F01,2026-05-30 02:00:00,24.2111,120.4094,1.3,,,4.8,7.9,,29,1008.8,27.9,0.19
Vector_CWB_FB_C6F01,2026-05-30 03:00:00,24.2111,120.4094,1.2,,,4.7,7.5,,38,1008.4,27.8,0.22
Vector_CWB_FB_C6F01,2026-05-30 04:00:00,24.2111,120.4094,1.2,,,4.7,8.1,,43,1008.2,27.7,0.1
Vector_CWB_FB_C6F01,2026-05-30 05:00:00,24.2111,120.4094,1.3,,,4.9,7,,37,1008.3,27.8,0.03
Vector_CWB_FB_C6F01,2026-05-30 06:00:00,24.2111,120.4094,1.3,,,4.7,7.3,,38,1008.6,27.8,0.06
Vector_CWB_FB_C6F01,2026-05-30 07:00:00,24.2111,120.4094,1.3,,,4.8,6.1,,41,1008.9,27.9,0.12
Vector_CWB_FB_C6F01,2026-05-30 08:00:00,24.2111,120.4094,1.3,,,4.8,6.7,,49,1009.3,27.9,0.06
Vector_CWB_FB_C6F01,2026-05-30 09:00:00,24.2111,120.4094,1.4,,,5,5.8,,51,1009.2,28,0.05
Vector_CWB_FB_C6F01,2026-05-30 10:00:00,24.2111,120.4094,1.5,,,5.3,5.6,,27,1009.6,28.1,0.01
Vector_CWB_FB_C6F01,2026-05-30 11:00:00,24.2111,120.4094,1.4,,,5.2,10,,23,1009.4,28,0.05
Vector_CWB_FB_C6F01,2026-05-30 12:00:00,24.2111,120.4094,1.9,,,5.3,10.6,,26,1009.5,28,0.1
Vector_CWB_FB_C6F01,2026-05-30 13:00:00,24.2111,120.4094,2,,,5.5,11.3,,30,1008.9,28.1,0.2
Vector_CWB_FB_C6F01,2026-05-30 14:00:00,24.2111,120.4094,1.9,,,5.2,11.7,,31,1008.1,28.1,0.07
Vector_CWB_FB_C6F01,2026-05-30 15:00:00,24.2111,120.4094,1.9,,,5.1,11.3,,29,1007.8,28.1,0.05
Vector_CWB_FB_C6F01,2026-05-30 16:00:00,24.2111,120.4094,1.8,,,5,11.5,,26,1006.8,28.1,0.04
Vector_CWB_FB_C6F01,2026-05-30 17:00:00,24.2111,120.4094,2.1,,,5.4,11.6,,27,1006.7,28,0.08
Vector_CWB_FB_C6F01,2026-05-30 18:00:00,24.2111,120.4094,2.3,,,5.8,13,,27,1006.9,28,0.02
Vector_CWB_FB_C6F01,2026-05-30 19:00:00,24.2111,120.4094,2.2,,,5.5,12.4,,27,1007.1,27.9,
Vector_CWB_FB_C6F01,2026-05-30 20:00:00,24.2111,120.4094,2.3,,,5.6,11.5,,28,1007.8,27.9,0.15
Vector_CWB_FB_C6F01,2026-05-30 21:00:00,24.2111,120.4094,2.3,,,5.7,11.9,,27,1008.6,27.8,0.17
Vector_CWB_FB_C6F01,2026-05-30 22:00:00,24.2111,120.4094,2,,,5.5,10.2,,33,1009,27.8,0.34
Vector_CWB_FB_C6F01,2026-05-30 23:00:00,24.2111,120.4094,1.7,,,5.3,9.1,,30,1008.8,27.8,0.37
Vector_CWB_FB_C6F01,2026-05-31 00:00:00,24.2111,120.4094,1.7,,,5,9.1,,30,1008.1,27.7,0.44
Vector_CWB_FB_C6F01,2026-05-31 01:00:00,24.2111,120.4094,1.9,,,5.1,11.6,,34,1007.3,27.7,0.32
Vector_IHMT_FB_TP,2026-05-29 00:00:00,25.165925,121.3503083,0.4,,4.6,,,,,,,0.54
Vector_IHMT_FB_TP,2026-05-29 01:00:00,25.165925,121.3503083,0.4,,5.1,,,,,,,0.44
Vector_IHMT_FB_TP,2026-05-29 02:00:00,25.165925,121.3503083,0.4,,5,,,,,,,0.2
Vector_IHMT_FB_TP,2026-05-29 03:00:00,25.165925,121.3503083,0.5,,6,,,,,,,0.15
Vector_IHMT_FB_TP,2026-05-29 04:00:00,25.165925,121.3503083,0.4,,5.3,,,,,,,0.39
Vector_IHMT_FB_TP,2026-05-29 05:00:00,25.165925,121.3503083,0.4,,5.9,,,,,,,0.63
Vector_IHMT_FB_TP,2026-05-29 06:00:00,25.165925,121.3503083,0.7,,3.1,,,,,,,0.35
Vector_IHMT_FB_TP,2026-05-29 07:00:00,25.165925,121.3503083,0.7,,3.8,,,,,,,0.24
Vector_IHMT_FB_TP,2026-05-29 08:00:00,25.165925,121.3503083,0.6,,4.3,,,,,,,0.19
Vector_IHMT_FB_TP,2026-05-29 09:00:00,25.165925,121.3503083,0.7,,4.5,,,,,,,0.18
Vector_IHMT_FB_TP,2026-05-29 10:00:00,25.165925,121.3503083,0.8,,5.4,,,,,,,0.7
Vector_IHMT_FB_TP,2026-05-29 11:00:00,25.165925,121.3503083,1.2,,5.4,,,,,,,0.6
Vector_IHMT_FB_TP,2026-05-29 12:00:00,25.165925,121.3503083,1.2,,5.3,,,,,,,0.58
Vector_IHMT_FB_TP,2026-05-29 13:00:00,25.165925,121.3503083,1.3,,5.4,,,,,,,0.32
Vector_IHMT_FB_TP,2026-05-29 14:00:00,25.165925,121.3503083,1.4,,5.5,,,,,,,0.18
Vector_IHMT_FB_TP,2026-05-29 15:00:00,25.165925,121.3503083,1.5,,5.3,,,,,,,0.24
Vector_IHMT_FB_TP,2026-05-29 16:00:00,25.165925,121.3503083,1.2,,5.1,,,,,,,0.76
Vector_IHMT_FB_TP,2026-05-29 17:00:00,25.165925,121.3503083,1,,4.6,,,,,,,0.88
Vector_IHMT_FB_TP,2026-05-29 18:00:00,25.165925,121.3503083,0.8,,4.9,,,,,,,0.91
Vector_IHMT_FB_TP,2026-05-29 19:00:00,25.165925,121.3503083,0.7,,5,,,,,,,0.65
Vector_IHMT_FB_TP,2026-05-29 20:00:00,25.165925,121.3503083,0.7,,5.3,,,,,,,0.33
Vector_IHMT_FB_TP,2026-05-29 21:00:00,25.165925,121.3503083,0.8,,5.3,,,,,,,0.15
Vector_IHMT_FB_TP,2026-05-29 22:00:00,25.165925,121.3503083,0.7,,6,,,,,,,0.52
Vector_IHMT_FB_TP,2026-05-29 23:00:00,25.165925,121.3503083,0.8,,5.5,,,,,,,0.51
Vector_IHMT_FB_TP,2026-05-30 00:00:00,25.165925,121.3503083,0.9,,6.2,,,,,,,0.52
Vector_IHMT_FB_TP,2026-05-30 01:00:00,25.165925,121.3503083,0.9,,6,,,,,,,0.53
Vector_IHMT_FB_TP,2026-05-30 02:00:00,25.165925,121.3503083,1.1,,5.9,,,,,,,0.31
Vector_IHMT_FB_TP,2026-05-30 03:00:00,25.165925,121.3503083,1.1,,5.5,,,,,,,0.09
Vector_IHMT_FB_TP,2026-05-30 04:00:00,25.165925,121.3503083,1.1,,5.3,,,,,,,0.29
Vector_IHMT_FB_TP,2026-05-30 05:00:00,25.165925,121.3503083,1.1,,5.2,,,,,,,0.32
Vector_IHMT_FB_TP,2026-05-30 06:00:00,25.165925,121.3503083,0.8,,5.1,,,,,,,0.41
Vector_IHMT_FB_TP,2026-05-30 07:00:00,25.165925,121.3503083,0.8,,5.4,,,,,,,0.39
Vector_IHMT_FB_TP,2026-05-30 08:00:00,25.165925,121.3503083,1,,4.3,,,,,,,0.26
Vector_IHMT_FB_TP,2026-05-30 09:00:00,25.165925,121.3503083,1.2,,4.1,,,,,,,0.14
Vector_IHMT_FB_TP,2026-05-30 10:00:00,25.165925,121.3503083,1.2,,4.5,,,,,,,0.49
Vector_IHMT_FB_TP,2026-05-30 11:00:00,25.165925,121.3503083,1.2,,4.9,,,,,,,0.58
Vector_IHMT_FB_TP,2026-05-30 12:00:00,25.165925,121.3503083,1.4,,5.2,,,,,,,0.49
Vector_IHMT_FB_TP,2026-05-30 13:00:00,25.165925,121.3503083,1.6,,5.2,,,,,,,0.46
Vector_IHMT_FB_TP,2026-05-30 14:00:00,25.165925,121.3503083,1.5,,5.5,,,,,,,0.21
Vector_IHMT_FB_TP,2026-05-30 15:00:00,25.165925,121.3503083,1.5,,5.2,,,,,,,0.04
Vector_IHMT_FB_TP,2026-05-30 16:00:00,25.165925,121.3503083,1.3,,5.1,,,,,,,0.48
Vector_IHMT_FB_TP,2026-05-30 17:00:00,25.165925,121.3503083,1.1,,5.2,,,,,,,0.92
Vector_IHMT_FB_TP,2026-05-30 18:00:00,25.165925,121.3503083,0.9,,4.8,,,,,,,-999
Vector_IHMT_FB_TP,2026-05-30 19:00:00,25.165925,121.3503083,0.9,,5.4,,,,,,,0.75
Vector_IHMT_FB_TP,2026-05-30 20:00:00,25.165925,121.3503083,0.8,,6.1,,,,,,,0.45
Vector_IHMT_FB_TP,2026-05-30 21:00:00,25.165925,121.3503083,0.8,,6.1,,,,,,,0.2
Vector_IHMT_FB_TP,2026-05-30 22:00:00,25.165925,121.3503083,0.8,,6.4,,,,,,,0.34
Vector_IHMT_FB_TP,2026-05-30 23:00:00,25.165925,121.3503083,0.7,,6.7,,,,,,,0.59
Vector_IHMT_FB_TP,2026-05-31 00:00:00,25.165925,121.3503083,0.9,,6.2,,,,,,,0.64
Vector_IHMT_FB_TP,2026-05-31 01:00:00,25.165925,121.3503083,1,,5.6,,,,,,,0.58
Vector_IHMT_FB_TP,2026-05-31 02:00:00,25.165925,121.3503083,1,,5.2,,,,,,,0.55
Vector_IHMT_FB_AP,2026-05-29 00:00:00,22.9637299,120.1495881,0.6,,4.8,,,,,,,0.24
Vector_IHMT_FB_AP,2026-05-29 01:00:00,22.9637299,120.1495881,0.5,,5.1,,,,,,,0.19
Vector_IHMT_FB_AP,2026-05-29 02:00:00,22.9637299,120.1495881,0.5,,5.2,,,,,,,0.04
Vector_IHMT_FB_AP,2026-05-29 03:00:00,22.9637299,120.1495881,0.6,,5,,,,,,,0.13
Vector_IHMT_FB_AP,2026-05-29 04:00:00,22.9637299,120.1495881,0.5,,5.1,,,,,,,0.23
Vector_IHMT_FB_AP,2026-05-29 05:00:00,22.9637299,120.1495881,0.5,,4.8,,,,,,,0.28
Vector_IHMT_FB_AP,2026-05-29 06:00:00,22.9637299,120.1495881,0.5,,4.9,,,,,,,0.27
Vector_IHMT_FB_AP,2026-05-29 07:00:00,22.9637299,120.1495881,0.5,,5.2,,,,,,,0.08
Vector_IHMT_FB_AP,2026-05-29 08:00:00,22.9637299,120.1495881,0.5,,5.4,,,,,,,0.28
Vector_IHMT_FB_AP,2026-05-29 09:00:00,22.9637299,120.1495881,0.5,,5.1,,,,,,,0.28
Vector_IHMT_FB_AP,2026-05-29 10:00:00,22.9637299,120.1495881,0.4,,5.3,,,,,,,0.42
Vector_IHMT_FB_AP,2026-05-29 11:00:00,22.9637299,120.1495881,0.4,,5.3,,,,,,,0.47
Vector_IHMT_FB_AP,2026-05-29 12:00:00,22.9637299,120.1495881,0.4,,5.6,,,,,,,0.48
Vector_IHMT_FB_AP,2026-05-29 13:00:00,22.9637299,120.1495881,0.4,,4.8,,,,,,,0.45
Vector_IHMT_FB_AP,2026-05-29 14:00:00,22.9637299,120.1495881,0.5,,4.8,,,,,,,0.23
Vector_IHMT_FB_AP,2026-05-29 15:00:00,22.9637299,120.1495881,0.5,,4.4,,,,,,,0.11
Vector_IHMT_FB_AP,2026-05-29 16:00:00,22.9637299,120.1495881,0.5,,4.3,,,,,,,0.12
Vector_IHMT_FB_AP,2026-05-29 17:00:00,22.9637299,120.1495881,0.5,,4.7,,,,,,,0.37
Vector_IHMT_FB_AP,2026-05-29 18:00:00,22.9637299,120.1495881,0.5,,4.6,,,,,,,0.4
Vector_IHMT_FB_AP,2026-05-29 19:00:00,22.9637299,120.1495881,0.3,,5.4,,,,,,,0.38
Vector_IHMT_FB_AP,2026-05-29 20:00:00,22.9637299,120.1495881,0.4,,4.5,,,,,,,0.19
Vector_IHMT_FB_AP,2026-05-29 21:00:00,22.9637299,120.1495881,0.4,,4.3,,,,,,,0.08
Vector_IHMT_FB_AP,2026-05-29 22:00:00,22.9637299,120.1495881,0.5,,4.7,,,,,,,0.15
Vector_IHMT_FB_AP,2026-05-29 23:00:00,22.9637299,120.1495881,0.4,,4.5,,,,,,,0.3
Vector_IHMT_FB_AP,2026-05-30 00:00:00,22.9637299,120.1495881,0.4,,5.7,,,,,,,0.38
Vector_IHMT_FB_AP,2026-05-30 01:00:00,22.9637299,120.1495881,0.4,,6.2,,,,,,,0.25
Vector_IHMT_FB_AP,2026-05-30 02:00:00,22.9637299,120.1495881,0.5,,5.2,,,,,,,0.12
Vector_IHMT_FB_AP,2026-05-30 03:00:00,22.9637299,120.1495881,0.5,,5,,,,,,,0.12
Vector_IHMT_FB_AP,2026-05-30 04:00:00,22.9637299,120.1495881,0.6,,4.5,,,,,,,0.2
Vector_IHMT_FB_AP,2026-05-30 05:00:00,22.9637299,120.1495881,0.5,,6,,,,,,,0.39
Vector_IHMT_FB_AP,2026-05-30 06:00:00,22.9637299,120.1495881,0.6,,4.5,,,,,,,0.1
Vector_IHMT_FB_AP,2026-05-30 07:00:00,22.9637299,120.1495881,0.5,,5.7,,,,,,,0.21
Vector_IHMT_FB_AP,2026-05-30 08:00:00,22.9637299,120.1495881,0.5,,6.3,,,,,,,0.2
Vector_IHMT_FB_AP,2026-05-30 09:00:00,22.9637299,120.1495881,0.5,,4.6,,,,,,,0.04
Vector_IHMT_FB_AP,2026-05-30 10:00:00,22.9637299,120.1495881,0.4,,6.5,,,,,,,0.19
Vector_IHMT_FB_AP,2026-05-30 11:00:00,22.9637299,120.1495881,0.4,,6.2,,,,,,,0.38
Vector_IHMT_FB_AP,2026-05-30 12:00:00,22.9637299,120.1495881,0.4,,4.2,,,,,,,0.41
Vector_IHMT_FB_AP,2026-05-30 13:00:00,22.9637299,120.1495881,0.4,,6.5,,,,,,,0.34
Vector_IHMT_FB_AP,2026-05-30 14:00:00,22.9637299,120.1495881,0.5,,5.5,,,,,,,0.25
Vector_IHMT_FB_AP,2026-05-30 15:00:00,22.9637299,120.1495881,0.5,,5.9,,,,,,,0.03
Vector_IHMT_FB_AP,2026-05-30 16:00:00,22.9637299,120.1495881,0.5,,6.8,,,,,,,0.12
Vector_IHMT_FB_AP,2026-05-30 17:00:00,22.9637299,120.1495881,0.5,,6.7,,,,,,,0.17
Vector_IHMT_FB_AP,2026-05-30 18:00:00,22.9637299,120.1495881,0.5,,6.7,,,,,,,0.2
Vector_IHMT_FB_AP,2026-05-30 19:00:00,22.9637299,120.1495881,0.5,,6,,,,,,,0.36
Vector_IHMT_FB_AP,2026-05-30 20:00:00,22.9637299,120.1495881,0.6,,7.4,,,,,,,0.43
Vector_IHMT_FB_AP,2026-05-30 21:00:00,22.9637299,120.1495881,0.6,,7.2,,,,,,,0.24
Vector_IHMT_FB_AP,2026-05-30 22:00:00,22.9637299,120.1495881,0.6,,7.7,,,,,,,0.03
Vector_IHMT_FB_AP,2026-05-30 23:00:00,22.9637299,120.1495881,0.5,,7.2,,,,,,,0.18
Vector_IHMT_FB_AP,2026-05-31 00:00:00,22.9637299,120.1495881,0.6,,7.6,,,,,,,0.34
Vector_IHMT_FB_AP,2026-05-31 01:00:00,22.9637299,120.1495881,0.5,,7,,,,,,,0.31
Vector_IHMT_FB_AP,2026-05-31 02:00:00,22.9637299,120.1495881,0.4,,7.2,,,,,,,0.29
Vector_IHMT_FB_BD,2026-05-29 00:00:00,23.3736111,120.1169444,0.3,,5.6,,,,,,,0.21
Vector_IHMT_FB_BD,2026-05-29 01:00:00,23.3736111,120.1169444,0.3,,5,,,,,,,0.08
Vector_IHMT_FB_BD,2026-05-29 02:00:00,23.3736111,120.1169444,0.3,,5.3,,,,,,,0.16
Vector_IHMT_FB_BD,2026-05-29 03:00:00,23.3736111,120.1169444,0.3,,5,,,,,,,0.22
Vector_IHMT_FB_BD,2026-05-29 04:00:00,23.3736111,120.1169444,0.3,,5.3,,,,,,,0.33
Vector_IHMT_FB_BD,2026-05-29 05:00:00,23.3736111,120.1169444,0.3,,5.5,,,,,,,0.28
Vector_IHMT_FB_BD,2026-05-29 06:00:00,23.3736111,120.1169444,0.3,,4.9,,,,,,,0.27
Vector_IHMT_FB_BD,2026-05-29 07:00:00,23.3736111,120.1169444,0.3,,4.8,,,,,,,0.13
Vector_IHMT_FB_BD,2026-05-29 08:00:00,23.3736111,120.1169444,0.3,,5.8,,,,,,,0.09
Vector_IHMT_FB_BD,2026-05-29 09:00:00,23.3736111,120.1169444,0.3,,5.3,,,,,,,0.29
Vector_IHMT_FB_BD,2026-05-29 10:00:00,23.3736111,120.1169444,0.3,,5.4,,,,,,,0.34
Vector_IHMT_FB_BD,2026-05-29 11:00:00,23.3736111,120.1169444,0.2,,5.1,,,,,,,0.37
Vector_IHMT_FB_BD,2026-05-29 12:00:00,23.3736111,120.1169444,0.2,,5.4,,,,,,,0.24
Vector_IHMT_FB_BD,2026-05-29 13:00:00,23.3736111,120.1169444,0.2,,5.4,,,,,,,0.27
Vector_IHMT_FB_BD,2026-05-29 14:00:00,23.3736111,120.1169444,0.3,,3.5,,,,,,,0.14
Vector_IHMT_FB_BD,2026-05-29 15:00:00,23.3736111,120.1169444,0.3,,3,,,,,,,0.13
Vector_IHMT_FB_BD,2026-05-29 16:00:00,23.3736111,120.1169444,0.3,,3.5,,,,,,,0.23
Vector_IHMT_FB_BD,2026-05-29 17:00:00,23.3736111,120.1169444,0.3,,3.6,,,,,,,0.24
Vector_IHMT_FB_BD,2026-05-29 18:00:00,23.3736111,120.1169444,0.3,,4.5,,,,,,,0.26
Vector_IHMT_FB_BD,2026-05-29 19:00:00,23.3736111,120.1169444,0.2,,5.6,,,,,,,0.24
Vector_IHMT_FB_BD,2026-05-29 20:00:00,23.3736111,120.1169444,0.3,,7,,,,,,,0.15
Vector_IHMT_FB_BD,2026-05-29 21:00:00,23.3736111,120.1169444,0.4,,7.5,,,,,,,0.18
Vector_IHMT_FB_BD,2026-05-29 22:00:00,23.3736111,120.1169444,0.5,,7.2,,,,,,,0.24
Vector_IHMT_FB_BD,2026-05-29 23:00:00,23.3736111,120.1169444,0.5,,7.3,,,,,,,0.37
Vector_IHMT_FB_BD,2026-05-30 00:00:00,23.3736111,120.1169444,0.5,,6.9,,,,,,,0.35
Vector_IHMT_FB_BD,2026-05-30 01:00:00,23.3736111,120.1169444,0.5,,6.9,,,,,,,0.25
Vector_IHMT_FB_BD,2026-05-30 02:00:00,23.3736111,120.1169444,0.4,,6.5,,,,,,,0.08
Vector_IHMT_FB_BD,2026-05-30 03:00:00,23.3736111,120.1169444,0.4,,6.5,,,,,,,0.28
Vector_IHMT_FB_BD,2026-05-30 04:00:00,23.3736111,120.1169444,0.4,,5,,,,,,,0.24
Vector_IHMT_FB_BD,2026-05-30 05:00:00,23.3736111,120.1169444,0.3,,5.7,,,,,,,0.25
Vector_IHMT_FB_BD,2026-05-30 06:00:00,23.3736111,120.1169444,0.3,,5.9,,,,,,,0.21
Vector_IHMT_FB_BD,2026-05-30 07:00:00,23.3736111,120.1169444,0.3,,5.9,,,,,,,0.09
Vector_IHMT_FB_BD,2026-05-30 08:00:00,23.3736111,120.1169444,0.3,,6.6,,,,,,,0.13
Vector_IHMT_FB_BD,2026-05-30 09:00:00,23.3736111,120.1169444,0.3,,6.6,,,,,,,0.09
Vector_IHMT_FB_BD,2026-05-30 10:00:00,23.3736111,120.1169444,0.4,,7,,,,,,,0.35
Vector_IHMT_FB_BD,2026-05-30 11:00:00,23.3736111,120.1169444,0.4,,6.9,,,,,,,0.41
Vector_IHMT_FB_BD,2026-05-30 12:00:00,23.3736111,120.1169444,0.4,,6.3,,,,,,,0.32
Vector_IHMT_FB_BD,2026-05-30 13:00:00,23.3736111,120.1169444,0.4,,6.6,,,,,,,0.29
Vector_IHMT_FB_BD,2026-05-30 14:00:00,23.3736111,120.1169444,0.4,,6.8,,,,,,,0.09
Vector_IHMT_FB_BD,2026-05-30 15:00:00,23.3736111,120.1169444,0.4,,5.8,,,,,,,0.1
Vector_IHMT_FB_BD,2026-05-30 16:00:00,23.3736111,120.1169444,0.5,,3.3,,,,,,,0.27
Vector_IHMT_FB_BD,2026-05-30 17:00:00,23.3736111,120.1169444,0.4,,3.7,,,,,,,0.35
Vector_IHMT_FB_BD,2026-05-30 18:00:00,23.3736111,120.1169444,0.4,,5.1,,,,,,,0.32
Vector_IHMT_FB_BD,2026-05-30 19:00:00,23.3736111,120.1169444,0.4,,7.3,,,,,,,0.3
Vector_IHMT_FB_BD,2026-05-30 20:00:00,23.3736111,120.1169444,0.4,,8,,,,,,,0.13
Vector_IHMT_FB_BD,2026-05-30 21:00:00,23.3736111,120.1169444,0.5,,8,,,,,,,0.11
Vector_IHMT_FB_BD,2026-05-30 22:00:00,23.3736111,120.1169444,0.6,,8.1,,,,,,,0.33
Vector_IHMT_FB_BD,2026-05-30 23:00:00,23.3736111,120.1169444,0.5,,7.8,,,,,,,0.4
Vector_IHMT_FB_BD,2026-05-31 00:00:00,23.3736111,120.1169444,0.5,,7.7,,,,,,,0.28
Vector_IHMT_FB_BD,2026-05-31 01:00:00,23.3736111,120.1169444,0.5,,7.6,,,,,,,0.21
Vector_IHMT_FB_BD,2026-05-31 02:00:00,23.3736111,120.1169444,0.5,,7.4,,,,,,,0.27
Vector_IHMT_FB_KL,2026-05-29 00:00:00,25.164083,121.747167,0.3,,5.7,,,,,,,0.66
Vector_IHMT_FB_KL,2026-05-29 01:00:00,25.164083,121.747167,0.3,,6.2,,,,,,,0.4
Vector_IHMT_FB_KL,2026-05-29 02:00:00,25.164083,121.747167,0.3,,9.3,,,,,,,0.21
Vector_IHMT_FB_KL,2026-05-29 03:00:00,25.164083,121.747167,0.3,,6.3,,,,,,,0.23
Vector_IHMT_FB_KL,2026-05-29 04:00:00,25.164083,121.747167,0.3,,8.2,,,,,,,0.38
Vector_IHMT_FB_KL,2026-05-29 05:00:00,25.164083,121.747167,0.3,,9.1,,,,,,,0.54
Vector_IHMT_FB_KL,2026-05-29 06:00:00,25.164083,121.747167,0.3,,8.1,,,,,,,0.39
Vector_IHMT_FB_KL,2026-05-29 07:00:00,25.164083,121.747167,0.4,,3.6,,,,,,,0.54
Vector_IHMT_FB_KL,2026-05-29 08:00:00,25.164083,121.747167,0.5,,3.5,,,,,,,0.39
Vector_IHMT_FB_KL,2026-05-29 09:00:00,25.164083,121.747167,0.4,,3.2,,,,,,,0.07
Vector_IHMT_FB_KL,2026-05-29 10:00:00,25.164083,121.747167,0.5,,3.9,,,,,,,0.14
Vector_IHMT_FB_KL,2026-05-29 11:00:00,25.164083,121.747167,0.7,,4.3,,,,,,,0.93
Vector_IHMT_FB_KL,2026-05-29 12:00:00,25.164083,121.747167,0.8,,4.6,,,,,,,0.78
Vector_IHMT_FB_KL,2026-05-29 13:00:00,25.164083,121.747167,0.8,,4.9,,,,,,,0.77
Vector_IHMT_FB_KL,2026-05-29 14:00:00,25.164083,121.747167,0.8,,5.2,,,,,,,0.7
Vector_IHMT_FB_KL,2026-05-29 15:00:00,25.164083,121.747167,0.7,,4.9,,,,,,,0.37
Vector_IHMT_FB_KL,2026-05-29 16:00:00,25.164083,121.747167,0.8,,5.9,,,,,,,0.28
Vector_IHMT_FB_KL,2026-05-29 17:00:00,25.164083,121.747167,1.1,,5.6,,,,,,,0.55
Vector_IHMT_FB_KL,2026-05-29 18:00:00,25.164083,121.747167,1,,5.3,,,,,,,0.89
Vector_IHMT_FB_KL,2026-05-29 19:00:00,25.164083,121.747167,1,,5.2,,,,,,,0.68
Vector_IHMT_FB_KL,2026-05-29 20:00:00,25.164083,121.747167,1,,5.6,,,,,,,0.85
Vector_IHMT_FB_KL,2026-05-29 21:00:00,25.164083,121.747167,1,,5.9,,,,,,,0.49
Vector_IHMT_FB_KL,2026-05-29 22:00:00,25.164083,121.747167,0.9,,6.1,,,,,,,0.33
Vector_IHMT_FB_KL,2026-05-29 23:00:00,25.164083,121.747167,0.7,,5.6,,,,,,,0.26
Vector_IHMT_FB_KL,2026-05-30 00:00:00,25.164083,121.747167,0.7,,5.1,,,,,,,0.43
Vector_IHMT_FB_KL,2026-05-30 01:00:00,25.164083,121.747167,0.7,,5.6,,,,,,,0.25
Vector_IHMT_FB_KL,2026-05-30 02:00:00,25.164083,121.747167,0.7,,6.2,,,,,,,0.05
Vector_IHMT_FB_KL,2026-05-30 03:00:00,25.164083,121.747167,0.9,,6,,,,,,,0.36
Vector_IHMT_FB_KL,2026-05-30 04:00:00,25.164083,121.747167,0.9,,6.1,,,,,,,0.55
Vector_IHMT_FB_KL,2026-05-30 05:00:00,25.164083,121.747167,0.9,,5.6,,,,,,,0.79
Vector_IHMT_FB_KL,2026-05-30 06:00:00,25.164083,121.747167,1,,6,,,,,,,0.52
Vector_IHMT_FB_KL,2026-05-30 07:00:00,25.164083,121.747167,0.8,,5.6,,,,,,,0.7
Vector_IHMT_FB_KL,2026-05-30 08:00:00,25.164083,121.747167,0.8,,6.2,,,,,,,0.73
Vector_IHMT_FB_KL,2026-05-30 09:00:00,25.164083,121.747167,0.9,,6.4,,,,,,,0.58
Vector_IHMT_FB_KL,2026-05-30 10:00:00,25.164083,121.747167,0.8,,6.6,,,,,,,0.04
Vector_IHMT_FB_KL,2026-05-30 11:00:00,25.164083,121.747167,0.8,,6,,,,,,,0.46
Vector_IHMT_FB_KL,2026-05-30 12:00:00,25.164083,121.747167,0.8,,6,,,,,,,0.92
Vector_IHMT_FB_KL,2026-05-30 13:00:00,25.164083,121.747167,0.7,,6.4,,,,,,,0.74
Vector_IHMT_FB_KL,2026-05-30 14:00:00,25.164083,121.747167,0.9,,6.7,,,,,,,0.5
Vector_IHMT_FB_KL,2026-05-30 15:00:00,25.164083,121.747167,-1,,-100,,,,,,,0.5
Vector_IHMT_FB_KL,2026-05-30 16:00:00,25.164083,121.747167,0.9,,5.4,,,,,,,0.25
Vector_IHMT_FB_KL,2026-05-30 17:00:00,25.164083,121.747167,1.2,,6.5,,,,,,,0.35
Vector_IHMT_FB_KL,2026-05-30 18:00:00,25.164083,121.747167,0.9,,5.4,,,,,,,0.79
Vector_IHMT_FB_KL,2026-05-30 19:00:00,25.164083,121.747167,1,,6.2,,,,,,,1.05
Vector_IHMT_FB_KL,2026-05-30 20:00:00,25.164083,121.747167,0.8,,5.8,,,,,,,0.86
Vector_IHMT_FB_KL,2026-05-30 21:00:00,25.164083,121.747167,0.9,,6,,,,,,,0.43
Vector_IHMT_FB_KL,2026-05-30 22:00:00,25.164083,121.747167,0.8,,6.2,,,,,,,0.69
Vector_IHMT_FB_KL,2026-05-30 23:00:00,25.164083,121.747167,0.8,,6.6,,,,,,,0.46
Vector_IHMT_FB_KL,2026-05-31 00:00:00,25.164083,121.747167,0.9,,6.3,,,,,,,0.66
Vector_IHMT_FB_KL,2026-05-31 01:00:00,25.164083,121.747167,0.8,,6.5,,,,,,,1.19
Vector_IHMT_FB_KL,2026-05-31 02:00:00,25.164083,121.747167,0.9,,6.9,,,,,,,0.63
Vector_IHMT_FB_SA,2026-05-29 00:00:00,24.590119,121.885447,0.5,,8.1,,,,,,,0.1
Vector_IHMT_FB_SA,2026-05-29 01:00:00,24.590119,121.885447,0.5,,8.9,,,,,,,0.19
Vector_IHMT_FB_SA,2026-05-29 02:00:00,24.590119,121.885447,0.5,,8.4,,,,,,,0.18
Vector_IHMT_FB_SA,2026-05-29 03:00:00,24.590119,121.885447,0.5,,8,,,,,,,0.23
Vector_IHMT_FB_SA,2026-05-29 04:00:00,24.590119,121.885447,0.4,,8.1,,,,,,,0.19
Vector_IHMT_FB_SA,2026-05-29 05:00:00,24.590119,121.885447,0.5,,8.4,,,,,,,0.16
Vector_IHMT_FB_SA,2026-05-29 06:00:00,24.590119,121.885447,0.5,,8.4,,,,,,,0.06
Vector_IHMT_FB_SA,2026-05-29 07:00:00,24.590119,121.885447,0.5,,9.1,,,,,,,0.08
Vector_IHMT_FB_SA,2026-05-29 08:00:00,24.590119,121.885447,0.5,,9,,,,,,,0.03
Vector_IHMT_FB_SA,2026-05-29 09:00:00,24.590119,121.885447,0.5,,7.6,,,,,,,0.08
Vector_IHMT_FB_SA,2026-05-29 10:00:00,24.590119,121.885447,0.5,,8.7,,,,,,,0.04
Vector_IHMT_FB_SA,2026-05-29 11:00:00,24.590119,121.885447,0.5,,8.2,,,,,,,0.04
Vector_IHMT_FB_SA,2026-05-29 12:00:00,24.590119,121.885447,0.6,,8.5,,,,,,,0.05
Vector_IHMT_FB_SA,2026-05-29 13:00:00,24.590119,121.885447,0.7,,3.7,,,,,,,0.14
Vector_IHMT_FB_SA,2026-05-29 14:00:00,24.590119,121.885447,0.8,,4.7,,,,,,,0.29
Vector_IHMT_FB_SA,2026-05-29 15:00:00,24.590119,121.885447,0.9,,5.1,,,,,,,0.12
Vector_IHMT_FB_SA,2026-05-29 16:00:00,24.590119,121.885447,0.9,,5.5,,,,,,,0.18
Vector_IHMT_FB_SA,2026-05-29 17:00:00,24.590119,121.885447,0.8,,5.3,,,,,,,0.18
Vector_IHMT_FB_SA,2026-05-29 18:00:00,24.590119,121.885447,0.9,,6,,,,,,,0.01
Vector_IHMT_FB_SA,2026-05-29 19:00:00,24.590119,121.885447,0.9,,6.6,,,,,,,0.07
Vector_IHMT_FB_SA,2026-05-29 20:00:00,24.590119,121.885447,0.9,,6.4,,,,,,,0.11
Vector_IHMT_FB_SA,2026-05-29 21:00:00,24.590119,121.885447,0.9,,6.2,,,,,,,0.18
Vector_IHMT_FB_SA,2026-05-29 22:00:00,24.590119,121.885447,0.9,,5.9,,,,,,,0.19
Vector_IHMT_FB_SA,2026-05-29 23:00:00,24.590119,121.885447,1,,6.2,,,,,,,0.02
Vector_IHMT_FB_SA,2026-05-30 00:00:00,24.590119,121.885447,0.9,,6.1,,,,,,,0.19
Vector_IHMT_FB_SA,2026-05-30 01:00:00,24.590119,121.885447,1.1,,5.8,,,,,,,0.42
Vector_IHMT_FB_SA,2026-05-30 02:00:00,24.590119,121.885447,1,,5.7,,,,,,,0.29
Vector_IHMT_FB_SA,2026-05-30 03:00:00,24.590119,121.885447,0.9,,6.4,,,,,,,0.34
Vector_IHMT_FB_SA,2026-05-30 04:00:00,24.590119,121.885447,0.9,,6,,,,,,,0.24
Vector_IHMT_FB_SA,2026-05-30 05:00:00,24.590119,121.885447,0.8,,6.2,,,,,,,0.18
Vector_IHMT_FB_SA,2026-05-30 06:00:00,24.590119,121.885447,0.8,,6.6,,,,,,,0.08
Vector_IHMT_FB_SA,2026-05-30 07:00:00,24.590119,121.885447,0.8,,6.6,,,,,,,0.12
Vector_IHMT_FB_SA,2026-05-30 08:00:00,24.590119,121.885447,0.7,,6.7,,,,,,,0.13
Vector_IHMT_FB_SA,2026-05-30 09:00:00,24.590119,121.885447,0.8,,6.5,,,,,,,0.05
Vector_IHMT_FB_SA,2026-05-30 10:00:00,24.590119,121.885447,1,,6.3,,,,,,,0.04
Vector_IHMT_FB_SA,2026-05-30 11:00:00,24.590119,121.885447,0.8,,6.3,,,,,,,0.13
Vector_IHMT_FB_SA,2026-05-30 12:00:00,24.590119,121.885447,0.8,,6.3,,,,,,,0.19
Vector_IHMT_FB_SA,2026-05-30 13:00:00,24.590119,121.885447,0.9,,6.1,,,,,,,0.2
Vector_IHMT_FB_SA,2026-05-30 14:00:00,24.590119,121.885447,1.1,,6.3,,,,,,,0.17
Vector_IHMT_FB_SA,2026-05-30 15:00:00,24.590119,121.885447,1,,6.2,,,,,,,0.05
Vector_IHMT_FB_SA,2026-05-30 16:00:00,24.590119,121.885447,1.1,,6.1,,,,,,,0.05
Vector_IHMT_FB_SA,2026-05-30 17:00:00,24.590119,121.885447,1,,6.4,,,,,,,0.04
Vector_IHMT_FB_SA,2026-05-30 18:00:00,24.590119,121.885447,0.9,,6.5,,,,,,,0.02
Vector_IHMT_FB_SA,2026-05-30 19:00:00,24.590119,121.885447,1,,6,,,,,,,0.16
Vector_IHMT_FB_SA,2026-05-30 20:00:00,24.590119,121.885447,1,,6.2,,,,,,,0.15
Vector_IHMT_FB_SA,2026-05-30 21:00:00,24.590119,121.885447,0.9,,6.5,,,,,,,0.3
Vector_IHMT_FB_SA,2026-05-30 22:00:00,24.590119,121.885447,1.1,,6.4,,,,,,,0.25
Vector_IHMT_FB_SA,2026-05-30 23:00:00,24.590119,121.885447,0.9,,6.4,,,,,,,0.46
Vector_IHMT_FB_SA,2026-05-31 00:00:00,24.590119,121.885447,1,,6.3,,,,,,,0.2
Vector_IHMT_FB_SA,2026-05-31 01:00:00,24.590119,121.885447,1,,6.5,,,,,,,0.19
Vector_IHMT_FB_SA,2026-05-31 02:00:00,24.590119,121.885447,1.2,,13.5,,,,,,,0.1
Vector_IHMT_FB_HL,2026-05-29 00:00:00,23.967217,121.626014,0.5,,9.8,,,,,,,0.1
Vector_IHMT_FB_HL,2026-05-29 01:00:00,23.967217,121.626014,0.5,,8.2,,,,,,,0.11
Vector_IHMT_FB_HL,2026-05-29 02:00:00,23.967217,121.626014,0.5,,7.9,,,,,,,0.11
Vector_IHMT_FB_HL,2026-05-29 03:00:00,23.967217,121.626014,0.5,,8.6,,,,,,,0.08
Vector_IHMT_FB_HL,2026-05-29 04:00:00,23.967217,121.626014,0.5,,8.2,,,,,,,0.04
Vector_IHMT_FB_HL,2026-05-29 05:00:00,23.967217,121.626014,0.5,,8.4,,,,,,,0.36
Vector_IHMT_FB_HL,2026-05-29 06:00:00,23.967217,121.626014,0.5,,7.8,,,,,,,0.07
Vector_IHMT_FB_HL,2026-05-29 07:00:00,23.967217,121.626014,0.5,,8.2,,,,,,,0.19
Vector_IHMT_FB_HL,2026-05-29 08:00:00,23.967217,121.626014,0.5,,8.9,,,,,,,0.05
Vector_IHMT_FB_HL,2026-05-29 09:00:00,23.967217,121.626014,0.6,,8.8,,,,,,,0.16
Vector_IHMT_FB_HL,2026-05-29 10:00:00,23.967217,121.626014,0.5,,7.9,,,,,,,0.37
Vector_IHMT_FB_HL,2026-05-29 11:00:00,23.967217,121.626014,0.5,,8.9,,,,,,,0.44
Vector_IHMT_FB_HL,2026-05-29 12:00:00,23.967217,121.626014,0.6,,7.3,,,,,,,0.35
Vector_IHMT_FB_HL,2026-05-29 13:00:00,23.967217,121.626014,0.7,,8.8,,,,,,,0.11
Vector_IHMT_FB_HL,2026-05-29 14:00:00,23.967217,121.626014,0.8,,4.2,,,,,,,0.15
Vector_IHMT_FB_HL,2026-05-29 15:00:00,23.967217,121.626014,1,,4.6,,,,,,,0.2
Vector_IHMT_FB_HL,2026-05-29 16:00:00,23.967217,121.626014,0.8,,5.2,,,,,,,0.25
Vector_IHMT_FB_HL,2026-05-29 17:00:00,23.967217,121.626014,1,,4.8,,,,,,,0.45
Vector_IHMT_FB_HL,2026-05-29 18:00:00,23.967217,121.626014,1,,4.8,,,,,,,0.44
Vector_IHMT_FB_HL,2026-05-29 19:00:00,23.967217,121.626014,0.9,,4.7,,,,,,,0.28
Vector_IHMT_FB_HL,2026-05-29 20:00:00,23.967217,121.626014,0.9,,4.7,,,,,,,0.27
Vector_IHMT_FB_HL,2026-05-29 21:00:00,23.967217,121.626014,0.7,,7.1,,,,,,,0.31
Vector_IHMT_FB_HL,2026-05-29 22:00:00,23.967217,121.626014,0.6,,6.8,,,,,,,0.21
Vector_IHMT_FB_HL,2026-05-29 23:00:00,23.967217,121.626014,0.7,,6.7,,,,,,,0.22
Vector_IHMT_FB_HL,2026-05-30 00:00:00,23.967217,121.626014,0.7,,7.7,,,,,,,0.07
Vector_IHMT_FB_HL,2026-05-30 01:00:00,23.967217,121.626014,0.6,,7.5,,,,,,,0.19
Vector_IHMT_FB_HL,2026-05-30 02:00:00,23.967217,121.626014,0.7,,4.4,,,,,,,0.17
Vector_IHMT_FB_HL,2026-05-30 03:00:00,23.967217,121.626014,0.8,,4.5,,,,,,,0.16
Vector_IHMT_FB_HL,2026-05-30 04:00:00,23.967217,121.626014,0.8,,6.4,,,,,,,0.11
Vector_IHMT_FB_HL,2026-05-30 05:00:00,23.967217,121.626014,0.8,,6.6,,,,,,,0.12
Vector_IHMT_FB_HL,2026-05-30 06:00:00,23.967217,121.626014,0.7,,6.2,,,,,,,0.19
Vector_IHMT_FB_HL,2026-05-30 07:00:00,23.967217,121.626014,0.8,,6.1,,,,,,,0.26
Vector_IHMT_FB_HL,2026-05-30 08:00:00,23.967217,121.626014,0.8,,6,,,,,,,0.35
Vector_IHMT_FB_HL,2026-05-30 09:00:00,23.967217,121.626014,0.9,,6.3,,,,,,,0.26
Vector_IHMT_FB_HL,2026-05-30 10:00:00,23.967217,121.626014,0.9,,5.6,,,,,,,0.35
Vector_IHMT_FB_HL,2026-05-30 11:00:00,23.967217,121.626014,0.8,,6.4,,,,,,,0.37
Vector_IHMT_FB_HL,2026-05-30 12:00:00,23.967217,121.626014,0.9,,6.3,,,,,,,0.37
Vector_IHMT_FB_HL,2026-05-30 13:00:00,23.967217,121.626014,0.9,,6.5,,,,,,,0.33
Vector_IHMT_FB_HL,2026-05-30 14:00:00,23.967217,121.626014,0.8,,6.5,,,,,,,0.17
Vector_IHMT_FB_HL,2026-05-30 15:00:00,23.967217,121.626014,0.9,,5.9,,,,,,,0.22
Vector_IHMT_FB_HL,2026-05-30 16:00:00,23.967217,121.626014,1,,6.5,,,,,,,0.22
Vector_IHMT_FB_HL,2026-05-30 17:00:00,23.967217,121.626014,1,,5.9,,,,,,,0.12
Vector_IHMT_FB_HL,2026-05-30 18:00:00,23.967217,121.626014,1.1,,6.3,,,,,,,0.19
Vector_IHMT_FB_HL,2026-05-30 19:00:00,23.967217,121.626014,1.1,,6.2,,,,,,,0.12
Vector_IHMT_FB_HL,2026-05-30 20:00:00,23.967217,121.626014,1.1,,6.5,,,,,,,0.19
Vector_IHMT_FB_HL,2026-05-30 21:00:00,23.967217,121.626014,1.1,,6.5,,,,,,,0.19
Vector_IHMT_FB_HL,2026-05-30 22:00:00,23.967217,121.626014,1.2,,6.6,,,,,,,0.24
Vector_IHMT_FB_HL,2026-05-30 23:00:00,23.967217,121.626014,1,,6.8,,,,,,,0.24
Vector_IHMT_FB_HL,2026-05-31 00:00:00,23.967217,121.626014,1.1,,7.1,,,,,,,0.23
Vector_IHMT_FB_HL,2026-05-31 01:00:00,23.967217,121.626014,1.2,,6.7,,,,,,,0.14
Vector_IHMT_FB_HL,2026-05-31 02:00:00,23.967217,121.626014,1.3,,13.8,,,,,,,0.17
Vector_IHMT_FB_KH,2026-05-29 00:00:00,22.616833,120.253694,0.7,,4.9,,,,,,,0.46
Vector_IHMT_FB_KH,2026-05-29 01:00:00,22.616833,120.253694,0.7,,5,,,,,,,0.41
Vector_IHMT_FB_KH,2026-05-29 02:00:00,22.616833,120.253694,0.7,,5.3,,,,,,,0.41
Vector_IHMT_FB_KH,2026-05-29 03:00:00,22.616833,120.253694,0.6,,5.6,,,,,,,0.23
Vector_IHMT_FB_KH,2026-05-29 04:00:00,22.616833,120.253694,0.6,,5.3,,,,,,,0.17
Vector_IHMT_FB_KH,2026-05-29 05:00:00,22.616833,120.253694,0.7,,5.2,,,,,,,0.34
Vector_IHMT_FB_KH,2026-05-29 06:00:00,22.616833,120.253694,0.6,,5.6,,,,,,,0.36
Vector_IHMT_FB_KH,2026-05-29 07:00:00,22.616833,120.253694,0.6,,5.1,,,,,,,0.43
Vector_IHMT_FB_KH,2026-05-29 08:00:00,22.616833,120.253694,0.6,,5.7,,,,,,,0.25
Vector_IHMT_FB_KH,2026-05-29 09:00:00,22.616833,120.253694,0.6,,5.2,,,,,,,0.18
Vector_IHMT_FB_KH,2026-05-29 10:00:00,22.616833,120.253694,0.6,,4.9,,,,,,,0.09
Vector_IHMT_FB_KH,2026-05-29 11:00:00,22.616833,120.253694,0.6,,5.5,,,,,,,0.1
Vector_IHMT_FB_KH,2026-05-29 12:00:00,22.616833,120.253694,0.6,,5.5,,,,,,,0.03
Vector_IHMT_FB_KH,2026-05-29 13:00:00,22.616833,120.253694,0.6,,2.9,,,,,,,0.24
Vector_IHMT_FB_KH,2026-05-29 14:00:00,22.616833,120.253694,0.7,,2.9,,,,,,,0.29
Vector_IHMT_FB_KH,2026-05-29 15:00:00,22.616833,120.253694,0.7,,3.1,,,,,,,0.14
Vector_IHMT_FB_KH,2026-05-29 16:00:00,22.616833,120.253694,0.6,,3.3,,,,,,,0.17
Vector_IHMT_FB_KH,2026-05-29 17:00:00,22.616833,120.253694,0.5,,4.4,,,,,,,0.32
Vector_IHMT_FB_KH,2026-05-29 18:00:00,22.616833,120.253694,0.5,,4.4,,,,,,,0.33
Vector_IHMT_FB_KH,2026-05-29 19:00:00,22.616833,120.253694,0.5,,4.8,,,,,,,0.24
Vector_IHMT_FB_KH,2026-05-29 20:00:00,22.616833,120.253694,0.4,,4.7,,,,,,,0.19
Vector_IHMT_FB_KH,2026-05-29 21:00:00,22.616833,120.253694,0.5,,5.3,,,,,,,0.24
Vector_IHMT_FB_KH,2026-05-29 22:00:00,22.616833,120.253694,0.4,,5.6,,,,,,,0.26
Vector_IHMT_FB_KH,2026-05-29 23:00:00,22.616833,120.253694,0.4,,5.6,,,,,,,0.27
Vector_IHMT_FB_KH,2026-05-30 00:00:00,22.616833,120.253694,0.5,,5,,,,,,,0.38
Vector_IHMT_FB_KH,2026-05-30 01:00:00,22.616833,120.253694,0.5,,5.3,,,,,,,0.32
Vector_IHMT_FB_KH,2026-05-30 02:00:00,22.616833,120.253694,0.4,,5.6,,,,,,,0.31
Vector_IHMT_FB_KH,2026-05-30 03:00:00,22.616833,120.253694,0.5,,5,,,,,,,0.14
Vector_IHMT_FB_KH,2026-05-30 04:00:00,22.616833,120.253694,0.5,,5.9,,,,,,,0.09
Vector_IHMT_FB_KH,2026-05-30 05:00:00,22.616833,120.253694,0.7,,5.2,,,,,,,0.13
Vector_IHMT_FB_KH,2026-05-30 06:00:00,22.616833,120.253694,0.7,,5,,,,,,,0.12
Vector_IHMT_FB_KH,2026-05-30 07:00:00,22.616833,120.253694,0.6,,4.9,,,,,,,0.11
Vector_IHMT_FB_KH,2026-05-30 08:00:00,22.616833,120.253694,0.6,,5.8,,,,,,,0.08
Vector_IHMT_FB_KH,2026-05-30 09:00:00,22.616833,120.253694,0.6,,4.9,,,,,,,0.15
Vector_IHMT_FB_KH,2026-05-30 10:00:00,22.616833,120.253694,0.6,,5,,,,,,,0.2
Vector_IHMT_FB_KH,2026-05-30 11:00:00,22.616833,120.253694,0.6,,5,,,,,,,0.33
Vector_IHMT_FB_KH,2026-05-30 12:00:00,22.616833,120.253694,0.5,,4.2,,,,,,,0.34
Vector_IHMT_FB_KH,2026-05-30 13:00:00,22.616833,120.253694,0.6,,4.9,,,,,,,0.26
Vector_IHMT_FB_KH,2026-05-30 14:00:00,22.616833,120.253694,0.5,,4.7,,,,,,,0.22
Vector_IHMT_FB_KH,2026-05-30 15:00:00,22.616833,120.253694,0.5,,6.2,,,,,,,0.13
Vector_IHMT_FB_KH,2026-05-30 16:00:00,22.616833,120.253694,0.5,,4.7,,,,,,,0.12
Vector_IHMT_FB_KH,2026-05-30 17:00:00,22.616833,120.253694,0.5,,5.1,,,,,,,0.03
Vector_IHMT_FB_KH,2026-05-30 18:00:00,22.616833,120.253694,0.6,,5.3,,,,,,,0.12
Vector_IHMT_FB_KH,2026-05-30 19:00:00,22.616833,120.253694,0.5,,4.8,,,,,,,0.04
Vector_IHMT_FB_KH,2026-05-30 20:00:00,22.616833,120.253694,0.5,,3.9,,,,,,,0.19
Vector_IHMT_FB_KH,2026-05-30 21:00:00,22.616833,120.253694,0.5,,5,,,,,,,0.1
Vector_IHMT_FB_KH,2026-05-30 22:00:00,22.616833,120.253694,0.5,,5.2,,,,,,,0.06
Vector_IHMT_FB_KH,2026-05-30 23:00:00,22.616833,120.253694,0.5,,6.2,,,,,,,0.18
Vector_IHMT_FB_KH,2026-05-31 00:00:00,22.616833,120.253694,0.6,,3.7,,,,,,,0.18
Vector_IHMT_FB_KH,2026-05-31 01:00:00,22.616833,120.253694,0.6,,6.3,,,,,,,0.2
Vector_IHMT_FB_KH,2026-05-31 02:00:00,22.616833,120.253694,0.6,,3.5,,,,,,,0.29
Vector_IHMT_FB_NG,2026-05-29 00:00:00,26.168711,119.9389167,0.4,,4.2,,,,,,,0.13
Vector_IHMT_FB_NG,2026-05-29 01:00:00,26.168711,119.9389167,0.3,,4.5,,,,,,,0.27
Vector_IHMT_FB_NG,2026-05-29 02:00:00,26.168711,119.9389167,0.2,,4.3,,,,,,,0.17
Vector_IHMT_FB_NG,2026-05-29 03:00:00,26.168711,119.9389167,0.3,,4.7,,,,,,,0.2
Vector_IHMT_FB_NG,2026-05-29 04:00:00,26.168711,119.9389167,0.3,,3.8,,,,,,,0.1
Vector_IHMT_FB_NG,2026-05-29 05:00:00,26.168711,119.9389167,0.3,,4.6,,,,,,,0.08
Vector_IHMT_FB_NG,2026-05-29 06:00:00,26.168711,119.9389167,0.3,,4.4,,,,,,,0.11
Vector_IHMT_FB_NG,2026-05-29 07:00:00,26.168711,119.9389167,0.4,,4.5,,,,,,,0.12
Vector_IHMT_FB_NG,2026-05-29 08:00:00,26.168711,119.9389167,0.4,,5,,,,,,,0.07
Vector_IHMT_FB_NG,2026-05-29 09:00:00,26.168711,119.9389167,0.4,,5,,,,,,,0.14
Vector_IHMT_FB_NG,2026-05-29 10:00:00,26.168711,119.9389167,0.4,,5,,,,,,,0.21
Vector_IHMT_FB_NG,2026-05-29 11:00:00,26.168711,119.9389167,0.3,,5.6,,,,,,,0.09
Vector_IHMT_FB_NG,2026-05-29 12:00:00,26.168711,119.9389167,0.3,,5.6,,,,,,,0.07
Vector_IHMT_FB_NG,2026-05-29 13:00:00,26.168711,119.9389167,0.3,,3.4,,,,,,,0.19
Vector_IHMT_FB_NG,2026-05-29 14:00:00,26.168711,119.9389167,0.3,,5.4,,,,,,,0.23
Vector_IHMT_FB_NG,2026-05-29 15:00:00,26.168711,119.9389167,0.6,,-1000,,,,,,,0.15
Vector_IHMT_FB_NG,2026-05-29 16:00:00,26.168711,119.9389167,0.3,,11.5,,,,,,,0.08
Vector_IHMT_FB_NG,2026-05-29 17:00:00,26.168711,119.9389167,0.3,,4.8,,,,,,,0.01
Vector_IHMT_FB_NG,2026-05-29 18:00:00,26.168711,119.9389167,0.3,,12.2,,,,,,,0.26
Vector_IHMT_FB_NG,2026-05-29 19:00:00,26.168711,119.9389167,0.3,,4.4,,,,,,,0.14
Vector_IHMT_FB_NG,2026-05-29 20:00:00,26.168711,119.9389167,0.3,,4.4,,,,,,,0.15
Vector_IHMT_FB_NG,2026-05-29 21:00:00,26.168711,119.9389167,0.3,,4.3,,,,,,,0.12
Vector_IHMT_FB_NG,2026-05-29 22:00:00,26.168711,119.9389167,0.3,,4.7,,,,,,,0.11
Vector_IHMT_FB_NG,2026-05-29 23:00:00,26.168711,119.9389167,0.3,,5.4,,,,,,,0.03
Vector_IHMT_FB_NG,2026-05-30 00:00:00,26.168711,119.9389167,0.4,,5.5,,,,,,,0.08
Vector_IHMT_FB_NG,2026-05-30 01:00:00,26.168711,119.9389167,0.4,,2.6,,,,,,,0.05
Vector_IHMT_FB_NG,2026-05-30 02:00:00,26.168711,119.9389167,0.4,,2.6,,,,,,,0.11
Vector_IHMT_FB_NG,2026-05-30 03:00:00,26.168711,119.9389167,0.4,,2.8,,,,,,,0.22
Vector_IHMT_FB_NG,2026-05-30 04:00:00,26.168711,119.9389167,0.4,,4.8,,,,,,,0.23
Vector_IHMT_FB_NG,2026-05-30 05:00:00,26.168711,119.9389167,0.4,,5,,,,,,,0.13
Vector_IHMT_FB_NG,2026-05-30 06:00:00,26.168711,119.9389167,0.5,,5.4,,,,,,,0.07
Vector_IHMT_FB_NG,2026-05-30 07:00:00,26.168711,119.9389167,0.6,,5.2,,,,,,,0.04
Vector_IHMT_FB_NG,2026-05-30 08:00:00,26.168711,119.9389167,0.7,,3.7,,,,,,,0.12
Vector_IHMT_FB_NG,2026-05-30 09:00:00,26.168711,119.9389167,0.6,,3.1,,,,,,,0.2
Vector_IHMT_FB_NG,2026-05-30 10:00:00,26.168711,119.9389167,0.6,,5.5,,,,,,,0.14
Vector_IHMT_FB_NG,2026-05-30 11:00:00,26.168711,119.9389167,0.5,,5.7,,,,,,,0.13
Vector_IHMT_FB_NG,2026-05-30 12:00:00,26.168711,119.9389167,0.5,,5.8,,,,,,,0.11
Vector_IHMT_FB_NG,2026-05-30 13:00:00,26.168711,119.9389167,0.4,,5.9,,,,,,,0.1
Vector_IHMT_FB_NG,2026-05-30 14:00:00,26.168711,119.9389167,0.3,,6.2,,,,,,,0.18
Vector_IHMT_FB_NG,2026-05-30 15:00:00,26.168711,119.9389167,0.4,,6.1,,,,,,,0.12
Vector_IHMT_FB_NG,2026-05-30 16:00:00,26.168711,119.9389167,0.4,,5.7,,,,,,,0.1
Vector_IHMT_FB_NG,2026-05-30 17:00:00,26.168711,119.9389167,0.5,,5.8,,,,,,,0.07
Vector_IHMT_FB_NG,2026-05-30 18:00:00,26.168711,119.9389167,0.5,,5.1,,,,,,,0.21
Vector_IHMT_FB_NG,2026-05-30 19:00:00,26.168711,119.9389167,0.6,,5.6,,,,,,,0.19
Vector_IHMT_FB_NG,2026-05-30 20:00:00,26.168711,119.9389167,0.6,,5.1,,,,,,,0.12
Vector_IHMT_FB_NG,2026-05-30 21:00:00,26.168711,119.9389167,0.6,,4.2,,,,,,,0.13
Vector_IHMT_FB_NG,2026-05-30 22:00:00,26.168711,119.9389167,0.5,,5.4,,,,,,,0.11
Vector_IHMT_FB_NG,2026-05-30 23:00:00,26.168711,119.9389167,0.5,,6,,,,,,,0.09
Vector_IHMT_FB_NG,2026-05-31 00:00:00,26.168711,119.9389167,0.5,,5.9,,,,,,,0.12
Vector_IHMT_FB_NG,2026-05-31 01:00:00,26.168711,119.9389167,0.4,,6.1,,,,,,,0.12
Vector_IHMT_FB_NG,2026-05-31 02:00:00,26.168711,119.9389167,0.4,,6.3,,,,,,,0.12
Vector_IHMT_FB_TC,2026-05-29 00:00:00,24.303317,120.481933,0.4,,5.6,,,,,,,0.19
Vector_IHMT_FB_TC,2026-05-29 01:00:00,24.303317,120.481933,0.4,,4.9,,,,,,,0.26
Vector_IHMT_FB_TC,2026-05-29 02:00:00,24.303317,120.481933,0.4,,5.2,,,,,,,0.43
Vector_IHMT_FB_TC,2026-05-29 03:00:00,24.303317,120.481933,0.4,,5.2,,,,,,,0.35
Vector_IHMT_FB_TC,2026-05-29 04:00:00,24.303317,120.481933,0.4,,5.5,,,,,,,0.47
Vector_IHMT_FB_TC,2026-05-29 05:00:00,24.303317,120.481933,0.3,,6.4,,,,,,,0.13
Vector_IHMT_FB_TC,2026-05-29 06:00:00,24.303317,120.481933,0.4,,4.9,,,,,,,0.44
Vector_IHMT_FB_TC,2026-05-29 07:00:00,24.303317,120.481933,0.4,,6,,,,,,,0.18
Vector_IHMT_FB_TC,2026-05-29 08:00:00,24.303317,120.481933,0.4,,5.7,,,,,,,0.06
Vector_IHMT_FB_TC,2026-05-29 09:00:00,24.303317,120.481933,0.4,,5.4,,,,,,,0.12
Vector_IHMT_FB_TC,2026-05-29 10:00:00,24.303317,120.481933,0.4,,5.2,,,,,,,0.05
Vector_IHMT_FB_TC,2026-05-29 11:00:00,24.303317,120.481933,0.5,,4.6,,,,,,,0.16
Vector_IHMT_FB_TC,2026-05-29 12:00:00,24.303317,120.481933,0.7,,3.2,,,,,,,0.29
Vector_IHMT_FB_TC,2026-05-29 13:00:00,24.303317,120.481933,0.9,,3.8,,,,,,,0.32
Vector_IHMT_FB_TC,2026-05-29 14:00:00,24.303317,120.481933,1.3,,4.8,,,,,,,0.22
Vector_IHMT_FB_TC,2026-05-29 15:00:00,24.303317,120.481933,1.7,,5.4,,,,,,,0.26
Vector_IHMT_FB_TC,2026-05-29 16:00:00,24.303317,120.481933,2.2,,6,,,,,,,0.19
Vector_IHMT_FB_TC,2026-05-29 17:00:00,24.303317,120.481933,2,,6.4,,,,,,,0.28
Vector_IHMT_FB_TC,2026-05-29 18:00:00,24.303317,120.481933,2,,6.7,,,,,,,0.2
Vector_IHMT_FB_TC,2026-05-29 19:00:00,24.303317,120.481933,1.6,,6.9,,,,,,,0.22
Vector_IHMT_FB_TC,2026-05-29 20:00:00,24.303317,120.481933,1.7,,6.6,,,,,,,0.24
Vector_IHMT_FB_TC,2026-05-29 21:00:00,24.303317,120.481933,1.5,,6.6,,,,,,,0.31
Vector_IHMT_FB_TC,2026-05-29 22:00:00,24.303317,120.481933,1.4,,6.5,,,,,,,0.35
Vector_IHMT_FB_TC,2026-05-29 23:00:00,24.303317,120.481933,1.2,,6.2,,,,,,,0.4
Vector_IHMT_FB_TC,2026-05-30 00:00:00,24.303317,120.481933,1.3,,6.1,,,,,,,0.33
Vector_IHMT_FB_TC,2026-05-30 01:00:00,24.303317,120.481933,1.2,,6,,,,,,,0.22
Vector_IHMT_FB_TC,2026-05-30 02:00:00,24.303317,120.481933,1.3,,6.2,,,,,,,0.18
Vector_IHMT_FB_TC,2026-05-30 03:00:00,24.303317,120.481933,1.3,,6,,,,,,,0.16
Vector_IHMT_FB_TC,2026-05-30 04:00:00,24.303317,120.481933,1.2,,6.2,,,,,,,0.09
Vector_IHMT_FB_TC,2026-05-30 05:00:00,24.303317,120.481933,1.3,,6.5,,,,,,,0.2
Vector_IHMT_FB_TC,2026-05-30 06:00:00,24.303317,120.481933,1.3,,6.5,,,,,,,0.28
Vector_IHMT_FB_TC,2026-05-30 07:00:00,24.303317,120.481933,1.5,,6.5,,,,,,,0.21
Vector_IHMT_FB_TC,2026-05-30 08:00:00,24.303317,120.481933,1.4,,6.6,,,,,,,0.12
Vector_IHMT_FB_TC,2026-05-30 09:00:00,24.303317,120.481933,1.4,,6.3,,,,,,,0.13
Vector_IHMT_FB_TC,2026-05-30 10:00:00,24.303317,120.481933,1.4,,6.6,,,,,,,0.12
Vector_IHMT_FB_TC,2026-05-30 11:00:00,24.303317,120.481933,2,,6.6,,,,,,,0.19
Vector_IHMT_FB_TC,2026-05-30 12:00:00,24.303317,120.481933,2,,6.7,,,,,,,0.21
Vector_IHMT_FB_TC,2026-05-30 13:00:00,24.303317,120.481933,1.9,,6.8,,,,,,,0.3
Vector_IHMT_FB_TC,2026-05-30 14:00:00,24.303317,120.481933,1.9,,7,,,,,,,0.27
Vector_IHMT_FB_TC,2026-05-30 15:00:00,24.303317,120.481933,2.1,,7,,,,,,,0.25
Vector_IHMT_FB_TC,2026-05-30 16:00:00,24.303317,120.481933,2,,6.6,,,,,,,0.32
Vector_IHMT_FB_TC,2026-05-30 17:00:00,24.303317,120.481933,2,,6.8,,,,,,,0.28
Vector_IHMT_FB_TC,2026-05-30 18:00:00,24.303317,120.481933,2.2,,6.9,,,,,,,0.21
Vector_IHMT_FB_TC,2026-05-30 19:00:00,24.303317,120.481933,2.2,,7,,,,,,,0.26
Vector_IHMT_FB_TC,2026-05-30 20:00:00,24.303317,120.481933,2.1,,6.9,,,,,,,0.4
Vector_IHMT_FB_TC,2026-05-30 21:00:00,24.303317,120.481933,1.9,,6.8,,,,,,,0.4
Vector_IHMT_FB_TC,2026-05-30 22:00:00,24.303317,120.481933,1.9,,6.7,,,,,,,0.39
Vector_IHMT_FB_TC,2026-05-30 23:00:00,24.303317,120.481933,1.6,,6.6,,,,,,,0.29
Vector_IHMT_FB_TC,2026-05-31 00:00:00,24.303317,120.481933,1.7,,6.3,,,,,,,0.32
Vector_IHMT_FB_TC,2026-05-31 01:00:00,24.303317,120.481933,1.7,,6.4,,,,,,,0.26
Vector_IHMT_FB_TC,2026-05-31 02:00:00,24.303317,120.481933,1.6,,6.6,,,,,,,0.27
Vector_NAMR_FB_31A0005,2026-07-20 00:00:00,25.14255,121.8115,0.3,,5.9,,1.13,1.41,65.7,1006.7,26.42,0.03
Vector_NAMR_FB_31A0005,2026-07-20 01:00:00,25.14255,121.8115,0.2,,5.6,,1.61,1.89,217.8,1006.4,26.87,0.08
Vector_NAMR_FB_31A0005,2026-07-20 02:00:00,25.14255,121.8115,0.2,,5.6,,2.87,3.34,215,1006.6,26.89,0.07
Vector_NAMR_FB_31A0005,2026-07-20 03:00:00,25.14255,121.8115,0.2,,5.6,,4.44,5.43,59.5,1006.7,26.43,0.04
Vector_NAMR_FB_31A0005,2026-07-20 04:00:00,25.14255,121.8115,0.2,,5.4,,2.77,3.06,34.6,1006.8,26.49,0.08
Vector_NAMR_FB_31A0005,2026-07-20 05:00:00,25.14255,121.8115,0.2,,6.7,,2.31,3.12,325.9,1006.8,26.49,0.1
Vector_NAMR_FB_31A0005,2026-07-20 06:00:00,25.14255,121.8115,0.2,,5.6,,2.29,3.31,14.9,1007.2,26.27,0.1
Vector_NAMR_FB_31A0005,2026-07-20 07:00:00,25.14255,121.8115,0.2,,6.8,,4.43,5.45,58.2,1007.3,26.53,0.04
Vector_NAMR_FB_31A0005,2026-07-20 08:00:00,25.14255,121.8115,0.2,,7.4,,1.68,2.12,248.4,1007.4,26.39,0.09
Vector_NAMR_FB_31A0005,2026-07-20 09:00:00,25.14255,121.8115,0.2,,5.8,,1.86,2.24,327.3,1007.7,26.49,0.08
Vector_NAMR_FB_31A0005,2026-07-20 10:00:00,25.14255,121.8115,0.2,,4.9,,1.28,1.62,266.6,1007.8,26.68,0.08
Vector_NAMR_FB_31A0005,2026-07-20 11:00:00,25.14255,121.8115,0.2,,4.6,,2.58,2.82,46.4,1007.6,26.78,0.04
Vector_NAMR_FB_31A0005,2026-07-20 12:00:00,25.14255,121.8115,0.2,,4.3,,3.21,3.83,72.8,1007.1,26.79,0.02
Vector_NAMR_FB_31A0005,2026-07-20 13:00:00,25.14255,121.8115,0.2,,7.3,,1.78,2.25,117.4,1007,26.72,0.01
Vector_NAMR_FB_31A0005,2026-07-20 14:00:00,25.14255,121.8115,0.2,,5.7,,2.86,3.3,110.4,1006.9,26.83,0.04
Vector_NAMR_FB_31A0005,2026-07-20 15:00:00,25.14255,121.8115,0.2,,4.7,,5.02,5.54,349.4,1006.5,26.77,0.05
Vector_NAMR_FB_31A0005,2026-07-20 16:00:00,25.14255,121.8115,0.3,,6.4,,2.08,2.41,59.2,1006.2,26.59,0.04
Vector_NAMR_FB_31A0005,2026-07-20 17:00:00,25.14255,121.8115,0.2,,5.2,,1.92,2.55,91.6,1006.9,26.03,0.08
Vector_NAMR_FB_31A0005,2026-07-20 18:00:00,25.14255,121.8115,0.2,,7.2,,1.6,1.76,145.5,1007.5,25.94,0.02
Vector_NAMR_FB_31A0005,2026-07-20 19:00:00,25.14255,121.8115,0.2,,5.9,,1.6,2.02,49.6,1007.9,26.13,0.03
Vector_NAMR_FB_31A0005,2026-07-20 20:00:00,25.14255,121.8115,0.2,,4.5,,3.01,3.73,101.8,1008.4,26.18,0.07
Vector_NAMR_FB_31A0005,2026-07-20 21:00:00,25.14255,121.8115,0.3,,4.6,,2.04,2.97,99.7,1008.6,26.13,0.08
Vector_NAMR_FB_31A0005,2026-07-20 22:00:00,25.14255,121.8115,0.2,,6.5,,0.84,1.21,185.9,1009.1,26.14,0.01
Vector_NAMR_FB_31A0005,2026-07-20 23:00:00,25.14255,121.8115,0.2,,8.8,,1.28,1.58,306.9,1008.9,25.9,0.06
Vector_NAMR_FB_31A0005,2026-07-21 00:00:00,25.14255,121.8115,0.2,,6.8,,2.67,3.03,358.4,1008.5,25.96,0.06
Vector_NAMR_FB_31A0005,2026-07-21 01:00:00,25.14255,121.8115,0.2,,6.8,,1.82,2.09,116.3,1008,26.43,0.09
Vector_NAMR_FB_31A0005,2026-07-21 02:00:00,25.14255,121.8115,0.2,,6.1,,1.46,1.95,156.5,1008,26.62,0.09
Vector_NAMR_FB_31A0005,2026-07-21 03:00:00,25.14255,121.8115,0.2,,6.7,,3.58,4.15,199.4,1007.8,26.76,0.08
Vector_NAMR_FB_31A0005,2026-07-21 04:00:00,25.14255,121.8115,0.2,,5.1,,4.68,5.95,175.1,1008.2,26.61,0.04
Vector_NAMR_FB_31A0005,2026-07-21 05:00:00,25.14255,121.8115,0.2,,5.2,,5.49,6.64,176,1008.3,26.64,0.04
Vector_NAMR_FB_31A0005,2026-07-21 06:00:00,25.14255,121.8115,0.2,,5.9,,4.29,5.97,52.8,1008.8,26.62,0.02
Vector_NAMR_FB_31A0005,2026-07-21 07:00:00,25.14255,121.8115,0.2,,9.4,,5.02,6.64,28.7,1009.2,26.68,0.07
Vector_NAMR_FB_31A0005,2026-07-21 08:00:00,25.14255,121.8115,0.2,,5.2,,3.29,4.77,81.7,1009.4,26.61,0.11
Vector_NAMR_FB_31A0005,2026-07-21 09:00:00,25.14255,121.8115,0.2,,6.3,,3.81,5.75,68,1009.4,26.66,0.08
Vector_NAMR_FB_31A0005,2026-07-21 10:00:00,25.14255,121.8115,0.2,,6.6,,4.85,7.59,67.9,1008.9,26.74,0.08
Vector_NAMR_FB_31A0005,2026-07-21 11:00:00,25.14255,121.8115,0.2,,8.8,,3.38,5.6,335,1008.5,26.8,0.02
Vector_NAMR_FB_31A0005,2026-07-21 12:00:00,25.14255,121.8115,0.2,,9.3,,6.71,7.25,56.6,1008.5,26.7,0.02
Vector_NAMR_FB_31A0005,2026-07-21 13:00:00,25.14255,121.8115,0.3,,9.1,,6.49,7.79,11.2,1008.2,26.9,0.02
Vector_NAMR_FB_31A0005,2026-07-21 14:00:00,25.14255,121.8115,0.3,,3.2,,5.81,7.39,13.1,1007.9,26.96,0.01
Vector_NAMR_FB_31A0005,2026-07-21 15:00:00,25.14255,121.8115,0.3,,3.3,,4.77,5.76,39.3,1007.8,27.22,0.05
Vector_NAMR_FB_31A0005,2026-07-21 16:00:00,25.14255,121.8115,0.2,,2.9,,4.18,4.96,185.2,1008.5,26.7,0.01
Vector_NAMR_FB_31A0005,2026-07-21 17:00:00,25.14255,121.8115,0.2,,5.6,,6.16,7.1,0.4,1008.4,26.93,0.06
Vector_NAMR_FB_31A0005,2026-07-21 18:00:00,25.14255,121.8115,0.2,,5.2,,2.87,3.91,21.7,1009,26.92,0.02
Vector_NAMR_FB_31A0005,2026-07-21 19:00:00,25.14255,121.8115,0.2,,5.4,,1.55,2.5,285.6,1009.4,26.82,0.03
Vector_NAMR_FB_31A0005,2026-07-21 20:00:00,25.14255,121.8115,0.2,,9.7,,2.22,2.8,52.3,1009.4,26.9,0.01
Vector_NAMR_FB_31A0005,2026-07-21 21:00:00,25.14255,121.8115,0.2,,9.7,,2.85,4.94,301.4,1009.4,26.71,0.03
Vector_NAMR_FB_31A0005,2026-07-21 22:00:00,25.14255,121.8115,0.2,,4.9,,3.97,5.06,3.7,1010.1,26.59,0.04
Vector_NAMR_FB_31A0005,2026-07-21 23:00:00,25.14255,121.8115,0.2,,4.3,,1.9,2.87,30.8,1009.9,26.63,0.06
Vector_NAMR_FB_31A0005,2026-07-22 00:00:00,25.14255,121.8115,0.2,,8,,2.42,3.45,15.2,1009.3,26.56,0.02
Vector_NAMR_FB_31A0005,2026-07-22 01:00:00,25.14255,121.8115,0.2,,9.7,,2.88,4.28,162.6,1009.1,26.24,0.03
Vector_NAMR_FB_31A0005,2026-07-22 02:00:00,25.14255,121.8115,0.2,,9.7,,4.06,5.11,183.1,1008.6,26.44,0.07
Vector_NAMR_FB_31A0005,2026-07-22 03:00:00,25.14255,121.8115,0.2,,8.6,,1.82,2.07,266.6,1008.5,26.62,0.06
Vector_NAMR_FB_31A0005,2026-07-22 04:00:00,25.14255,121.8115,0.2,,7.8,,3.07,3.69,209.5,1008.9,26.73,0.06
Vector_NAMR_FB_31A0005,2026-07-22 05:00:00,25.14255,121.8115,0.2,,9.7,,3.68,4.55,177.5,1009,26.52,0.06
Vector_NAMR_FB_31A0005,2026-07-22 06:00:00,25.14255,121.8115,0.2,,9.3,,2.33,2.84,76.4,1009.7,26.54,0.03
Vector_NAMR_FB_31A0005,2026-07-22 07:00:00,25.14255,121.8115,0.2,,8.1,,2.72,4.35,56.6,1009.9,26.65,0.05
Vector_NAMR_FB_31A0005,2026-07-22 08:00:00,25.14255,121.8115,0.2,,9,,6.03,7.97,59.4,1009.8,26.59,0.06
Vector_NAMR_FB_31A0005,2026-07-22 09:00:00,25.14255,121.8115,0.2,,9.4,,4.3,6.26,68.8,1009.9,26.67,0.05
Vector_NAMR_FB_31A0005,2026-07-22 10:00:00,25.14255,121.8115,0.2,,8.6,,2.41,3.78,72.9,1009.6,26.77,0.06
Vector_NAMR_FB_31A0005,2026-07-22 11:00:00,25.14255,121.8115,0.2,,8.8,,4.35,4.96,320.4,1009.8,26.86,0.1
Vector_NAMR_FB_31A0005,2026-07-22 12:00:00,25.14255,121.8115,0.2,,9.1,,4.68,5.46,297.8,1009.4,27.02,0.09
Vector_NAMR_FB_31A0005,2026-07-22 13:00:00,25.14255,121.8115,0.2,,7.9,,4.92,5.75,326.6,1009.1,27.34,0.05
Vector_NAMR_FB_31A0005,2026-07-22 14:00:00,25.14255,121.8115,0.2,,8.5,,5.16,6.04,349.9,1008.5,28.51,0.06
Vector_NAMR_FB_31A0005,2026-07-22 15:00:00,25.14255,121.8115,0.2,,8,,6.12,7.2,356.3,1008.4,28.17,0.08
Vector_NAMR_FB_DongjiNew,2026-07-20 01:00:00,23.23833,119.66411,1.5,,9.2,,99.99,0.01,180.5,600,,
Vector_NAMR_FB_DongjiNew,2026-07-20 02:00:00,23.23833,119.66411,1.5,,9.2,,99.99,0.02,180.6,600,,
Vector_NAMR_FB_DongjiNew,2026-07-20 06:00:00,23.23833,119.66411,1.5,,9.2,,0.02,0.19,359.9,600,,
Vector_NAMR_FB_DongjiNew,2026-07-20 07:00:00,23.23833,119.66411,1.5,,9.2,,0,0.03,179.8,600,,
Vector_NAMR_FB_DongjiNew,2026-07-20 12:00:00,23.23833,119.66411,1.5,,9.2,,99.99,0.03,181,600,,
Vector_NAMR_FB_DongjiNew,2026-07-20 13:00:00,23.23833,119.66411,1.5,,9.2,,99.99,0.03,180.7,600,,
Vector_NAMR_FB_DongjiNew,2026-07-20 18:00:00,23.23833,119.66411,1.5,,9.2,,99.99,0.06,180.8,600,,
Vector_NAMR_FB_DongjiNew,2026-07-20 19:00:00,23.23833,119.66411,1.5,,9.2,,99.99,0.02,180.6,600,,
Vector_NAMR_FB_DongjiNew,2026-07-20 23:00:00,23.23833,119.66411,0.7,,5.5,,99.99,0.04,177.4,600,,
Vector_NAMR_FB_DongjiNew,2026-07-21 00:00:00,23.23833,119.66411,0.7,,5.5,,99.99,0.03,180.8,600,,
Vector_NAMR_FB_DongjiNew,2026-07-21 02:00:00,23.23833,119.66411,0.7,,5.5,,99.99,0.03,180.3,600,,
Vector_NAMR_FB_DongjiNew,2026-07-21 03:00:00,23.23833,119.66411,0.7,,5.5,,99.99,0.03,180.5,600,,
Vector_NAMR_FB_DongjiNew,2026-07-21 07:00:00,23.23833,119.66411,0.7,,5.5,,99.99,0.04,180.5,600,,
Vector_NAMR_FB_DongjiNew,2026-07-21 08:00:00,23.23833,119.66411,0.7,,5.5,,99.99,0.07,181,600,,
Vector_NAMR_FB_DongjiNew,2026-07-21 11:00:00,23.23833,119.66411,0.7,,5.5,,99.99,0.05,181,600,,
Vector_NAMR_FB_DongjiNew,2026-07-21 12:00:00,23.23833,119.66411,0.7,,5.5,,99.99,0.04,180.9,600,,
Vector_NAMR_FB_DongjiNew,2026-07-21 14:00:00,23.23833,119.66411,0.7,,5.5,,99.99,0.05,175.9,600,,
Vector_NAMR_FB_DongjiNew,2026-07-21 15:00:00,23.23833,119.66411,0.7,,5.5,,99.99,0.08,180.2,600,,
Vector_NAMR_FB_DongjiNew,2026-07-21 20:00:00,23.23833,119.66411,0.7,,5.5,,99.99,0.03,179.4,600,,
Vector_NAMR_FB_DongjiNew,2026-07-21 21:00:00,23.23833,119.66411,0.7,,5.5,,99.99,0.04,181,600,,
Vector_NAMR_FB_DongjiNew,2026-07-22 03:00:00,23.23833,119.66411,0.6,,7.4,,3.77,4.49,243.5,1009,,
Vector_NAMR_FB_DongjiNew,2026-07-22 04:00:00,23.23833,119.66411,0.6,,7.2,,2.4,3.63,249.1,1009.2,,
Vector_NAMR_FB_DongjiNew,2026-07-22 05:00:00,23.23833,119.66411,0.6,,6.8,,3.22,3.9,265.8,1009.2,,
Vector_NAMR_FB_DongjiNew,2026-07-22 06:00:00,23.23833,119.66411,0.5,,7.4,,2.93,3.29,259.6,1009.8,,
Vector_NAMR_FB_DongjiNew,2026-07-22 07:00:00,23.23833,119.66411,0.5,,7.5,,2.98,3.55,261.7,1010.3,,
Vector_NAMR_FB_DongjiNew,2026-07-22 08:00:00,23.23833,119.66411,0.5,,7.2,,3.05,3.43,254.1,1010.6,,
Vector_NAMR_FB_DongjiNew,2026-07-22 09:00:00,23.23833,119.66411,0.5,,6.9,,2.07,2.41,247.4,1010.7,,
Vector_CWB_FB_46761F,2026-07-20 00:00:00,23.1332,121.4206,0.3,,,4.2,,,,,29,
Vector_CWB_FB_46761F,2026-07-20 01:00:00,23.1332,121.4206,0.3,,,4.7,,,,,28.8,
Vector_CWB_FB_46761F,2026-07-20 02:00:00,23.1332,121.4206,0.3,,,4.9,,,,,28.7,
Vector_CWB_FB_46761F,2026-07-20 03:00:00,23.1332,121.4206,0.2,,,5,,,,,28.7,
Vector_CWB_FB_46761F,2026-07-20 04:00:00,23.1332,121.4206,0.2,,,4.9,,,,,28.7,
Vector_CWB_FB_46761F,2026-07-20 05:00:00,23.1332,121.4206,0.2,,,4.7,,,,,28.6,
Vector_CWB_FB_46761F,2026-07-20 06:00:00,23.1332,121.4206,0.2,,,4.6,,,,,28.5,
Vector_CWB_FB_46761F,2026-07-20 07:00:00,23.1332,121.4206,0.2,,,4.5,,,,,28.5,
Vector_CWB_FB_46761F,2026-07-20 08:00:00,23.1332,121.4206,0.3,,,4.3,,,,,28.6,
Vector_CWB_FB_46761F,2026-07-20 09:00:00,23.1332,121.4206,0.3,,,4.5,,,,,28.9,
Vector_CWB_FB_46761F,2026-07-20 10:00:00,23.1332,121.4206,0.3,,,4.1,,,,,29.1,
Vector_CWB_FB_46761F,2026-07-20 11:00:00,23.1332,121.4206,0.3,,,4.3,,,,,29.2,
Vector_CWB_FB_46761F,2026-07-20 12:00:00,23.1332,121.4206,0.3,,,4.8,,,,,29.2,
Vector_CWB_FB_46761F,2026-07-20 13:00:00,23.1332,121.4206,0.3,,,5,,,,,29.3,
Vector_CWB_FB_46761F,2026-07-20 14:00:00,23.1332,121.4206,0.3,,,5.2,,,,,30.1,
Vector_CWB_FB_46761F,2026-07-20 15:00:00,23.1332,121.4206,0.3,,,4.5,,,,,29.9,
Vector_CWB_FB_46761F,2026-07-20 16:00:00,23.1332,121.4206,0.3,,,4.6,,,,,29.6,
Vector_CWB_FB_46761F,2026-07-20 17:00:00,23.1332,121.4206,0.3,,,3.6,,,,,29,
Vector_CWB_FB_46761F,2026-07-20 18:00:00,23.1332,121.4206,0.4,,,2.9,,,,,28.6,
Vector_CWB_FB_46761F,2026-07-20 19:00:00,23.1332,121.4206,0.4,,,3.1,,,,,28.9,
Vector_CWB_FB_46761F,2026-07-20 20:00:00,23.1332,121.4206,0.5,,,3.2,,,,,29.3,
Vector_CWB_FB_46761F,2026-07-20 21:00:00,23.1332,121.4206,0.4,,,3.2,,,,,28.6,
Vector_CWB_FB_46761F,2026-07-20 22:00:00,23.1332,121.4206,0.5,,,3.1,,,,,28.8,
Vector_CWB_FB_46761F,2026-07-20 23:00:00,23.1332,121.4206,0.4,,,3,,,,,28.9,
Vector_CWB_FB_46761F,2026-07-21 00:00:00,23.1332,121.4206,0.3,,,3.4,,,,,29,
Vector_CWB_FB_46761F,2026-07-21 01:00:00,23.1332,121.4206,0.3,,,3.6,,,,,29.1,
Vector_CWB_FB_46761F,2026-07-21 02:00:00,23.1332,121.4206,0.3,,,4.3,,,,,29,
Vector_CWB_FB_46761F,2026-07-21 03:00:00,23.1332,121.4206,0.3,,,4.8,,,,,28.9,
Vector_CWB_FB_46761F,2026-07-21 04:00:00,23.1332,121.4206,0.2,,,5.3,,,,,28.9,
Vector_CWB_FB_46761F,2026-07-21 05:00:00,23.1332,121.4206,0.3,,,5.1,,,,,28.7,
Vector_CWB_FB_46761F,2026-07-21 06:00:00,23.1332,121.4206,0.3,,,5.1,,,,,28.7,
Vector_CWB_FB_46761F,2026-07-21 07:00:00,23.1332,121.4206,0.3,,,5.2,,,,,28.8,
Vector_CWB_FB_46761F,2026-07-21 08:00:00,23.1332,121.4206,0.3,,,5.1,,,,,28.9,
Vector_CWB_FB_46761F,2026-07-21 09:00:00,23.1332,121.4206,0.3,,,5.1,,,,,28.9,
Vector_CWB_FB_46761F,2026-07-21 10:00:00,23.1332,121.4206,0.3,,,5.2,,,,,28.9,
Vector_CWB_FB_46761F,2026-07-21 11:00:00,23.1332,121.4206,0.3,,,4.7,,,,,29.2,
Vector_CWB_FB_46761F,2026-07-21 12:00:00,23.1332,121.4206,0.3,,,4.8,,,,,29.3,
Vector_CWB_FB_46761F,2026-07-21 13:00:00,23.1332,121.4206,0.3,,,4.5,,,,,29.7,
Vector_CWB_FB_46761F,2026-07-21 14:00:00,23.1332,121.4206,0.3,,,4.3,,,,,29.9,
Vector_CWB_FB_46761F,2026-07-21 15:00:00,23.1332,121.4206,0.3,,,3.8,,,,,29.7,
Vector_CWB_FB_46761F,2026-07-21 16:00:00,23.1332,121.4206,0.4,,,3.7,,,,,29.6,
Vector_CWB_FB_46761F,2026-07-21 17:00:00,23.1332,121.4206,0.3,,,3.8,,,,,29.4,
Vector_CWB_FB_46761F,2026-07-21 18:00:00,23.1332,121.4206,0.3,,,3.2,,,,,29.2,
Vector_CWB_FB_46761F,2026-07-21 19:00:00,23.1332,121.4206,0.4,,,2.8,,,,,29.1,
Vector_CWB_FB_46761F,2026-07-21 20:00:00,23.1332,121.4206,0.5,,,3.2,,,,,29.2,
Vector_CWB_FB_46761F,2026-07-21 21:00:00,23.1332,121.4206,0.5,,,3.1,,,,,29,
Vector_CWB_FB_46761F,2026-07-21 22:00:00,23.1332,121.4206,0.4,,,3.5,,,,,28.9,
Vector_CWB_FB_46761F,2026-07-21 23:00:00,23.1332,121.4206,0.4,,,3.6,,,,,28.8,
Vector_CWB_FB_46761F,2026-07-22 00:00:00,23.1332,121.4206,0.4,,,3.8,,,,,29.1,
Vector_CWB_FB_46761F,2026-07-22 01:00:00,23.1332,121.4206,0.3,,,4,,,,,29.1,
Vector_CWB_FB_46761F,2026-07-22 02:00:00,23.1332,121.4206,0.3,,,4.2,,,,,29,
Vector_CWB_FB_46761F,2026-07-22 03:00:00,23.1332,121.4206,0.3,,,4,,,,,29.1,
Vector_CWB_FB_46761F,2026-07-22 04:00:00,23.1332,121.4206,0.3,,,3.9,,,,,29.1,
Vector_CWB_FB_46761F,2026-07-22 05:00:00,23.1332,121.4206,0.3,,,3.9,,,,,28.9,
Vector_CWB_FB_46761F,2026-07-22 06:00:00,23.1332,121.4206,0.3,,,4.3,,,,,28.9,
Vector_CWB_FB_46761F,2026-07-22 07:00:00,23.1332,121.4206,0.3,,,5,,,,,28.8,
Vector_CWB_FB_46761F,2026-07-22 08:00:00,23.1332,121.4206,0.3,,,5,,,,,28.8,
Vector_CWB_FB_46761F,2026-07-22 09:00:00,23.1332,121.4206,0.3,,,5,,,,,29.2,
Vector_CWB_FB_46761F,2026-07-22 10:00:00,23.1332,121.4206,0.3,,,4.7,,,,,29.3,
Vector_CWB_FB_46761F,2026-07-22 11:00:00,23.1332,121.4206,0.3,,,5.2,,,,,29.5,
Vector_CWB_FB_46761F,2026-07-22 12:00:00,23.1332,121.4206,0.2,,,4.8,,,,,29.6,
Vector_CWB_FB_46699A,2026-07-20 00:00:00,24.0311,121.6325,0.3,,,4.7,0.2,,122,1006.4,29.3,0.12
Vector_CWB_FB_46699A,2026-07-20 01:00:00,24.0311,121.6325,0.3,,,4.5,1.5,,220,1006.2,28.9,0.03
Vector_CWB_FB_46699A,2026-07-20 02:00:00,24.0311,121.6325,0.3,,,4.8,2.2,,225,1006.3,28.5,0.03
Vector_CWB_FB_46699A,2026-07-20 03:00:00,24.0311,121.6325,0.3,,,4.9,,,,1006.4,29.5,0.03
Vector_CWB_FB_46699A,2026-07-20 04:00:00,24.0311,121.6325,0.3,,,4.7,2.1,,230,1006.6,28.5,0.04
Vector_CWB_FB_46699A,2026-07-20 05:00:00,24.0311,121.6325,0.3,,,4.7,1.5,,250,1006.5,29.3,0.01
Vector_CWB_FB_46699A,2026-07-20 06:00:00,24.0311,121.6325,0.3,,,4.8,2.2,,245,1007,28.9,0.1
Vector_CWB_FB_46699A,2026-07-20 07:00:00,24.0311,121.6325,0.3,,,5.2,1.6,,240,1007.2,29.5,0.21
Vector_CWB_FB_46699A,2026-07-20 08:00:00,24.0311,121.6325,0.3,,,5.2,,,,1007,29.2,0.18
Vector_CWB_FB_46699A,2026-07-20 09:00:00,24.0311,121.6325,0.3,,,5.1,,,,1007.4,29.5,0.19
Vector_CWB_FB_46699A,2026-07-20 10:00:00,24.0311,121.6325,0.3,,,5.1,2.1,,121,1007.6,29.7,0.19
Vector_CWB_FB_46699A,2026-07-20 11:00:00,24.0311,121.6325,0.4,,,5.3,2.2,,86,1007.2,29.5,0.24
Vector_CWB_FB_46699A,2026-07-20 12:00:00,24.0311,121.6325,0.4,,,4.9,2.4,,93,1006.6,29.6,0.18
Vector_CWB_FB_46699A,2026-07-20 13:00:00,24.0311,121.6325,0.4,,,4.5,2.4,,84,1006.6,29.8,0.15
Vector_CWB_FB_46699A,2026-07-20 14:00:00,24.0311,121.6325,0.5,,,4.1,2,,59,1006.4,29.9,0.04
Vector_CWB_FB_46699A,2026-07-20 15:00:00,24.0311,121.6325,0.4,,,4,1.2,,81,1006.7,30.4,0.01
Vector_CWB_FB_46699A,2026-07-20 16:00:00,24.0311,121.6325,0.3,,,4.1,3.5,,293,1006.5,30.5,0.1
Vector_CWB_FB_46699A,2026-07-20 17:00:00,24.0311,121.6325,0.3,,,4.3,2.5,,11,1006.8,30.5,0.06
Vector_CWB_FB_46699A,2026-07-20 18:00:00,24.0311,121.6325,0.3,,,4.3,1.6,,338,1007.2,30.5,0.11
Vector_CWB_FB_46699A,2026-07-20 19:00:00,24.0311,121.6325,0.3,,,4.5,1.4,,255,1007.7,30.4,0.12
Vector_CWB_FB_46699A,2026-07-20 20:00:00,24.0311,121.6325,0.2,,,4.2,,,,1008,30.3,0.02
Vector_CWB_FB_46699A,2026-07-20 21:00:00,24.0311,121.6325,0.2,,,4.5,2.3,,224,1008.6,30.1,0.07
Vector_CWB_FB_46699A,2026-07-20 22:00:00,24.0311,121.6325,0.3,,,4.8,1.8,,229,1009.3,30.2,0.18
Vector_CWB_FB_46699A,2026-07-20 23:00:00,24.0311,121.6325,0.3,,,4.3,1.5,,226,1009.1,28.9,0.11
Vector_CWB_FB_46699A,2026-07-21 00:00:00,24.0311,121.6325,0.3,,,4.2,1.9,,228,1008.7,27.2,0.16
Vector_CWB_FB_46699A,2026-07-21 01:00:00,24.0311,121.6325,0.3,,,4,2,,229,1008.2,28.5,0.06
Vector_CWB_FB_46699A,2026-07-21 02:00:00,24.0311,121.6325,0.3,,,4.1,1.3,,222,1007.9,28.7,0.12
Vector_CWB_FB_46699A,2026-07-21 03:00:00,24.0311,121.6325,0.3,,,4.4,,,,1008,28,0.11
Vector_CWB_FB_46699A,2026-07-21 04:00:00,24.0311,121.6325,0.3,,,3.9,2.3,,238,1008.1,28.5,0.03
Vector_CWB_FB_46699A,2026-07-21 05:00:00,24.0311,121.6325,0.2,,,4,2.9,,242,1008.1,28.2,0.09
Vector_CWB_FB_46699A,2026-07-21 06:00:00,24.0311,121.6325,0.2,,,4.4,3,,222,1008.7,28,0.07
Vector_CWB_FB_46699A,2026-07-21 07:00:00,24.0311,121.6325,0.2,,,4.6,2.4,,210,1009.3,28.1,0.05
Vector_CWB_FB_46699A,2026-07-21 08:00:00,24.0311,121.6325,0.3,,,4.9,2.3,,205,1009.3,28.7,0.15
Vector_CWB_FB_46699A,2026-07-21 09:00:00,24.0311,121.6325,0.2,,,5.4,,,,1009,29,0.12
Vector_CWB_FB_46699A,2026-07-21 10:00:00,24.0311,121.6325,0.3,,,4.9,3.2,,98,1008.9,29.1,0.3
Vector_CWB_FB_46699A,2026-07-21 11:00:00,24.0311,121.6325,0.3,,,4.7,3.7,,81,1008.7,29.4,0.24
Vector_CWB_FB_46699A,2026-07-21 12:00:00,24.0311,121.6325,0.3,,,4.8,3.9,,69,1008.9,29.6,0.14
Vector_CWB_FB_46699A,2026-07-21 13:00:00,24.0311,121.6325,0.3,,,4.8,3.1,,82,1008.8,30.2,0.22
Vector_CWB_FB_46699A,2026-07-21 14:00:00,24.0311,121.6325,0.4,,,4.5,,,,1008.8,30.4,0.21
Vector_CWB_FB_46699A,2026-07-21 15:00:00,24.0311,121.6325,0.4,,,4.3,2.3,,117,1008.4,30.2,0.09
Vector_CWB_FB_46699A,2026-07-21 16:00:00,24.0311,121.6325,0.3,,,4.1,1.6,,127,1008.6,29.5,0
Vector_CWB_FB_46699A,2026-07-21 17:00:00,24.0311,121.6325,0.3,,,4.2,1.7,,68,1009.2,29.8,0.01
Vector_CWB_FB_46699A,2026-07-21 18:00:00,24.0311,121.6325,0.3,,,4.6,,,,1009.4,29.7,0.13
Vector_CWB_FB_46699A,2026-07-21 19:00:00,24.0311,121.6325,0.2,,,4.3,,,,1009.7,29.5,0.03
Vector_CWB_FB_46699A,2026-07-21 20:00:00,24.0311,121.6325,0.2,,,4.5,,,,1010,29.2,0.09
Vector_CWB_FB_46699A,2026-07-21 21:00:00,24.0311,121.6325,0.2,,,4.9,1.7,,219,1010.1,29.9,0.12
Vector_CWB_FB_46699A,2026-07-21 22:00:00,24.0311,121.6325,0.2,,,4.5,1.5,,221,1010.4,30,0.08
Vector_CWB_FB_46699A,2026-07-21 23:00:00,24.0311,121.6325,0.2,,,4.8,2.1,,244,1010.2,30,0.04
Vector_CWB_FB_46699A,2026-07-22 00:00:00,24.0311,121.6325,0.2,,,5.1,1.8,,230,1010,29.8,0.18
Vector_CWB_FB_46699A,2026-07-22 01:00:00,24.0311,121.6325,,,,,2.7,,236,1009.9,29.7,0.19
Vector_CWB_FB_46699A,2026-07-22 02:00:00,24.0311,121.6325,0.2,,,5.1,2.2,,247,1009.3,29.5,0.18
Vector_CWB_FB_46699A,2026-07-22 03:00:00,24.0311,121.6325,0.2,,,4.9,2.8,,232,1009,29.1,0.09
Vector_CWB_FB_46699A,2026-07-22 04:00:00,24.0311,121.6325,0.3,,,5,2.6,,244,1009,29,0.07
Vector_CWB_FB_46699A,2026-07-22 05:00:00,24.0311,121.6325,0.3,,,4.9,2.6,,242,1009.2,29,0.11
Vector_CWB_FB_46699A,2026-07-22 06:00:00,24.0311,121.6325,0.2,,,4.8,2.4,,234,1009.4,29,0.09
Vector_CWB_FB_46699A,2026-07-22 07:00:00,24.0311,121.6325,0.3,,,4.6,2.4,,222,1009.9,28.8,0.1
Vector_CWB_FB_46699A,2026-07-22 08:00:00,24.0311,121.6325,0.2,,,4.6,,,,1009.8,28.8,0.27
Vector_CWB_FB_46699A,2026-07-22 09:00:00,24.0311,121.6325,0.2,,,4.8,1.3,,90,1009.6,29.5,0.24
Vector_CWB_FB_46699A,2026-07-22 10:00:00,24.0311,121.6325,0.2,,,4.7,2.2,,95,1009.3,29.8,0.19
Vector_CWB_FB_46699A,2026-07-22 11:00:00,24.0311,121.6325,0.3,,,4.8,2.6,,77,1009.2,30,0.17
Vector_CWB_FB_46699A,2026-07-22 12:00:00,24.0311,121.6325,0.3,,,4.6,2.2,,72,1008.8,30.1,0.01
Vector_CWB_FB_46699A,2026-07-22 13:00:00,24.0311,121.6325,0.2,,,4.7,2.5,,76,1008.4,30.2,0.1
Vector_CWB_FB_46757B,2026-07-20 00:00:00,24.7625,120.8422,0.8,,,4,10.1,,233,1006.8,28.9,0.12
Vector_CWB_FB_46757B,2026-07-20 01:00:00,24.7625,120.8422,1,,,4.3,7.4,,215,1007,28.9,0.12
Vector_CWB_FB_46757B,2026-07-20 02:00:00,24.7625,120.8422,1.1,,,4.2,7.7,,209,1007.4,28.8,0.13
Vector_CWB_FB_46757B,2026-07-20 03:00:00,24.7625,120.8422,0.9,,,4,9,,218,1007.1,28.8,0.23
Vector_CWB_FB_46757B,2026-07-20 04:00:00,24.7625,120.8422,0.7,,,4.1,9.5,,220,1007,28.7,0.57
Vector_CWB_FB_46757B,2026-07-20 05:00:00,24.7625,120.8422,0.8,,,4.3,8.1,,220,1006.7,28.7,0.51
Vector_CWB_FB_46757B,2026-07-20 06:00:00,24.7625,120.8422,0.7,,,4.1,8.3,,227,1007,28.8,0.5
Vector_CWB_FB_46757B,2026-07-20 07:00:00,24.7625,120.8422,0.7,,,4,8.2,,229,1007.5,28.8,0.42
Vector_CWB_FB_46757B,2026-07-20 08:00:00,24.7625,120.8422,0.8,,,4,7.4,,225,1007.8,28.7,0.36
Vector_CWB_FB_46757B,2026-07-20 09:00:00,24.7625,120.8422,0.8,,,4.2,9,,237,1008.5,28.7,0.21
Vector_CWB_FB_46757B,2026-07-20 10:00:00,24.7625,120.8422,0.9,,,3.6,12.9,,237,1009.4,28.8,0.14
Vector_CWB_FB_46757B,2026-07-20 11:00:00,24.7625,120.8422,1,,,3.9,8.3,,224,1008.5,28.8,0.11
Vector_CWB_FB_46757B,2026-07-20 12:00:00,24.7625,120.8422,0.9,,,4.2,7.3,,234,1007.7,28.9,0.17
Vector_CWB_FB_46757B,2026-07-20 13:00:00,24.7625,120.8422,0.8,,,4.3,5.7,,237,1006.8,29,0.12
Vector_CWB_FB_46757B,2026-07-20 14:00:00,24.7625,120.8422,0.7,,,4.1,7.4,,250,1006.4,29.1,0.25
Vector_CWB_FB_46757B,2026-07-20 15:00:00,24.7625,120.8422,0.7,,,3.8,10.2,,250,1006.2,29,0.27
Vector_CWB_FB_46757B,2026-07-20 16:00:00,24.7625,120.8422,0.7,,,3.8,8,,245,1006.3,28.9,0.48
Vector_CWB_FB_46757B,2026-07-20 17:00:00,24.7625,120.8422,0.6,,,3.5,7.7,,254,1006.4,29,0.65
Vector_CWB_FB_46757B,2026-07-20 18:00:00,24.7625,120.8422,0.7,,,3.4,7.1,,249,1007,29,0.68
Vector_CWB_FB_46757B,2026-07-20 19:00:00,24.7625,120.8422,0.6,,,3.6,7.2,,237,1007.9,28.9,0.64
Vector_CWB_FB_46757B,2026-07-20 20:00:00,24.7625,120.8422,0.6,,,3.8,6.2,,221,1008,28.8,0.58
Vector_CWB_FB_46757B,2026-07-20 21:00:00,24.7625,120.8422,0.7,,,4,4.8,,209,1008.4,28.9,0.42
Vector_CWB_FB_46757B,2026-07-20 22:00:00,24.7625,120.8422,0.6,,,4.2,3.7,,193,1008.9,28.8,0.21
Vector_CWB_FB_46757B,2026-07-20 23:00:00,24.7625,120.8422,0.7,,,4.5,2.5,,128,1008.8,28.9,0.08
Vector_CWB_FB_46757B,2026-07-21 00:00:00,24.7625,120.8422,0.6,,,4.2,2.3,,137,1008.6,28.8,0.01
Vector_CWB_FB_46757B,2026-07-21 01:00:00,24.7625,120.8422,0.6,,,4.4,1.4,,159,1008.4,28.8,0.16
Vector_CWB_FB_46757B,2026-07-21 02:00:00,24.7625,120.8422,0.6,,,4.3,2,,214,1008.2,28.8,0.18
Vector_CWB_FB_46757B,2026-07-21 03:00:00,24.7625,120.8422,0.5,,,4.2,4.1,,232,1008.3,28.8,0.13
Vector_CWB_FB_46757B,2026-07-21 04:00:00,24.7625,120.8422,0.5,,,4,4.6,,212,1008.5,28.8,0.16
Vector_CWB_FB_46757B,2026-07-21 05:00:00,24.7625,120.8422,0.4,,,4,5.2,,208,1008.7,28.8,0.27
Vector_CWB_FB_46757B,2026-07-21 06:00:00,24.7625,120.8422,0.4,,,3.8,5.3,,218,1009.5,28.9,0.41
Vector_CWB_FB_46757B,2026-07-21 07:00:00,24.7625,120.8422,0.4,,,4.1,5.6,,222,1010,28.8,0.49
Vector_CWB_FB_46757B,2026-07-21 08:00:00,24.7625,120.8422,0.4,,,3.9,5.6,,222,1010.3,28.9,0.46
Vector_CWB_FB_46757B,2026-07-21 09:00:00,24.7625,120.8422,0.4,,,3.9,6.8,,241,1010.3,28.9,0.33
Vector_CWB_FB_46757B,2026-07-21 10:00:00,24.7625,120.8422,0.5,,,3.7,6.6,,254,1009.9,29,0.29
Vector_CWB_FB_46757B,2026-07-21 11:00:00,24.7625,120.8422,0.6,,,3.5,7.1,,251,1009.2,29,0.19
Vector_CWB_FB_46757B,2026-07-21 12:00:00,24.7625,120.8422,0.5,,,3.5,5.8,,256,1008.9,29.1,0.09
Vector_CWB_FB_46757B,2026-07-21 13:00:00,24.7625,120.8422,0.6,,,3.3,6.4,,266,1008.7,29.2,0.03
Vector_CWB_FB_46757B,2026-07-21 14:00:00,24.7625,120.8422,0.6,,,3.4,6.1,,265,1008,29.3,0.01
Vector_CWB_FB_46757B,2026-07-21 15:00:00,24.7625,120.8422,,,,,5.9,,262,1007.8,29.2,0.13
Vector_CWB_FB_46757B,2026-07-21 16:00:00,24.7625,120.8422,0.5,,,3.6,3.6,,251,1008.1,29.1,0.26
Vector_CWB_FB_46757B,2026-07-21 17:00:00,24.7625,120.8422,0.4,,,3.4,4.5,,202,1008.9,29,0.46
Vector_CWB_FB_46757B,2026-07-21 18:00:00,24.7625,120.8422,0.4,,,3.5,4.2,,226,1008.7,29,0.43
Vector_CWB_FB_46757B,2026-07-21 19:00:00,24.7625,120.8422,0.3,,,3.7,4.7,,236,1008.6,29,0.68
Vector_CWB_FB_46757B,2026-07-21 20:00:00,24.7625,120.8422,0.3,,,4.2,5.6,,118,1009.1,28.9,0.7
Vector_CWB_FB_46757B,2026-07-21 21:00:00,24.7625,120.8422,0.3,,,4.1,,,,1009.9,28.9,0.53
Vector_CWB_FB_46757B,2026-07-21 22:00:00,24.7625,120.8422,0.3,,,3.9,2,,111,1010.5,28.9,0.31
Vector_CWB_FB_46757B,2026-07-21 23:00:00,24.7625,120.8422,0.3,,,3.8,2.5,,141,1010.2,28.8,0.15
Vector_CWB_FB_46757B,2026-07-22 00:00:00,24.7625,120.8422,0.3,,,4.3,3,,180,1009.7,28.9,0.08
Vector_CWB_FB_46757B,2026-07-22 01:00:00,24.7625,120.8422,0.3,,,4.2,2,,165,1009.4,28.8,0.07
Vector_CWB_FB_46757B,2026-07-22 02:00:00,24.7625,120.8422,0.3,,,4,2.4,,201,1009,28.8,0.02
Vector_CWB_FB_46757B,2026-07-22 03:00:00,24.7625,120.8422,0.3,,,4.1,2.7,,190,1008.7,28.8,0.01
Vector_CWB_FB_46757B,2026-07-22 04:00:00,24.7625,120.8422,0.3,,,4.2,1.4,,163,1009.1,28.8,0.07
Vector_CWB_FB_46757B,2026-07-22 05:00:00,24.7625,120.8422,0.3,,,4.2,2.3,,175,1009.3,28.9,0.23
Vector_CWB_FB_46757B,2026-07-22 06:00:00,24.7625,120.8422,0.3,,,4.2,1.8,,178,1009.8,28.9,0.33
Vector_CWB_FB_46757B,2026-07-22 07:00:00,24.7625,120.8422,0.3,,,4.3,2.5,,194,1010.2,28.8,0.45
Vector_CWB_FB_46757B,2026-07-22 08:00:00,24.7625,120.8422,0.3,,,3.7,5.4,,226,1010.3,28.9,0.58
Vector_CWB_FB_46757B,2026-07-22 09:00:00,24.7625,120.8422,0.3,,,3.6,6.4,,239,1010.3,29,0.53
Vector_CWB_FB_46757B,2026-07-22 10:00:00,24.7625,120.8422,0.3,,,3.7,5.2,,252,1010.3,29.1,0.43
Vector_CWB_FB_46757B,2026-07-22 11:00:00,24.7625,120.8422,0.4,,,3.7,5.6,,258,1010.3,29.2,0.16
Vector_CWB_FB_46757B,2026-07-22 12:00:00,24.7625,120.8422,0.4,,,3.7,6.3,,262,1009.8,29.2,0.07
Vector_CWB_FB_46757B,2026-07-22 13:00:00,24.7625,120.8422,0.4,,,3.6,6.9,,264,1009.3,29.3,0.09
Vector_CWB_FB_46694A,2026-07-20 00:00:00,25.0969,121.9222,0.2,,,4.4,,,,1005.9,24.8,
Vector_CWB_FB_46694A,2026-07-20 01:00:00,25.0969,121.9222,0.2,,,4.4,,,,1005.7,25.8,
Vector_CWB_FB_46694A,2026-07-20 02:00:00,25.0969,121.9222,0.3,,,4.5,,,,1005.8,26.1,
Vector_CWB_FB_46694A,2026-07-20 03:00:00,25.0969,121.9222,0.3,,,4.5,,,,1005.8,26.9,
Vector_CWB_FB_46694A,2026-07-20 04:00:00,25.0969,121.9222,0.3,,,5.2,2.3,,194,1006.2,26.6,
Vector_CWB_FB_46694A,2026-07-20 05:00:00,25.0969,121.9222,0.2,,,4.9,1.9,,196,1006.1,26.4,
Vector_CWB_FB_46694A,2026-07-20 06:00:00,25.0969,121.9222,0.2,,,4.8,,,,1006.5,26.5,
Vector_CWB_FB_46694A,2026-07-20 07:00:00,25.0969,121.9222,0.3,,,4.9,,,,1006.7,26.7,
Vector_CWB_FB_46694A,2026-07-20 08:00:00,25.0969,121.9222,0.3,,,4.7,,,,1006.9,27.2,
Vector_CWB_FB_46694A,2026-07-20 09:00:00,25.0969,121.9222,0.2,,,4.3,,,,1007.2,27.2,
Vector_CWB_FB_46694A,2026-07-20 10:00:00,25.0969,121.9222,0.3,,,4.3,,,,1007.1,26.7,
Vector_CWB_FB_46694A,2026-07-20 11:00:00,25.0969,121.9222,0.2,,,4.3,,,,1007.1,27.2,
Vector_CWB_FB_46694A,2026-07-20 12:00:00,25.0969,121.9222,0.2,,,4.8,,,,1006.9,27.6,
Vector_CWB_FB_46694A,2026-07-20 13:00:00,25.0969,121.9222,,,,,,,,1006.6,27.1,
Vector_CWB_FB_46694A,2026-07-20 14:00:00,25.0969,121.9222,0.2,,,5.6,2.4,,35,1006.3,27.5,
Vector_CWB_FB_46694A,2026-07-20 15:00:00,25.0969,121.9222,0.2,,,6,,,,1006.4,27,
Vector_CWB_FB_46694A,2026-07-20 16:00:00,25.0969,121.9222,0.2,,,5.2,2.1,,168,1005.8,26.1,
Vector_CWB_FB_46694A,2026-07-20 17:00:00,25.0969,121.9222,0.3,,,5.5,2.6,,218,1006.3,26.2,
Vector_CWB_FB_46694A,2026-07-20 18:00:00,25.0969,121.9222,0.2,,,4.9,,,,1006.8,26.9,
Vector_CWB_FB_46694A,2026-07-20 19:00:00,25.0969,121.9222,0.2,,,4.4,,,,1007.2,26,
Vector_CWB_FB_46694A,2026-07-20 20:00:00,25.0969,121.9222,0.3,,,4.7,1.6,,33,1007.6,26.4,
Vector_CWB_FB_46694A,2026-07-20 21:00:00,25.0969,121.9222,0.2,,,4.6,1.1,,173,1007.9,26.3,
Vector_CWB_FB_46694A,2026-07-20 22:00:00,25.0969,121.9222,0.3,,,4.4,,,,1008.6,26,
Vector_CWB_FB_46694A,2026-07-20 23:00:00,25.0969,121.9222,0.3,,,4.6,,,,1008.3,25.5,
Vector_CWB_FB_46694A,2026-07-21 00:00:00,25.0969,121.9222,0.2,,,4.2,,,,1007.9,26,
Vector_CWB_FB_46694A,2026-07-21 01:00:00,25.0969,121.9222,0.2,,,4.4,1.7,,195,1007.4,26,
Vector_CWB_FB_46694A,2026-07-21 02:00:00,25.0969,121.9222,0.2,,,4.8,1.2,,209,1007.3,25.5,
Vector_CWB_FB_46694A,2026-07-21 03:00:00,25.0969,121.9222,0.2,,,4.2,1.5,,215,1007.1,24.5,
Vector_CWB_FB_46694A,2026-07-21 04:00:00,25.0969,121.9222,0.3,,,4.7,1.2,,65,1007.5,24.6,
Vector_CWB_FB_46694A,2026-07-21 05:00:00,25.0969,121.9222,0.3,,,5.1,1.2,,195,1007.9,26.1,
Vector_CWB_FB_46694A,2026-07-21 06:00:00,25.0969,121.9222,0.2,,,4.7,,,,1008.3,26,
Vector_CWB_FB_46694A,2026-07-21 07:00:00,25.0969,121.9222,0.2,,,4.6,1.5,,45,1008.8,26,
Vector_CWB_FB_46694A,2026-07-21 08:00:00,25.0969,121.9222,0.3,,,4.6,1.7,,29,1008.8,26.1,
Vector_CWB_FB_46694A,2026-07-21 09:00:00,25.0969,121.9222,0.2,,,4.4,1.4,,200,1008.6,26.6,
Vector_CWB_FB_46694A,2026-07-21 10:00:00,25.0969,121.9222,0.2,,,4.2,,,,1008.3,26.3,
Vector_CWB_FB_46694A,2026-07-21 11:00:00,25.0969,121.9222,0.2,,,4.3,3.7,,121,1008,26.3,
Vector_CWB_FB_46694A,2026-07-21 12:00:00,25.0969,121.9222,0.2,,,4.1,4.1,,106,1008.2,26.4,
Vector_CWB_FB_46694A,2026-07-21 13:00:00,25.0969,121.9222,,,,,,,,1008.1,27.4,
Vector_CWB_FB_46694A,2026-07-21 14:00:00,25.0969,121.9222,,,,,5,,150,1007.7,26.6,
Vector_CWB_FB_46694A,2026-07-21 15:00:00,25.0969,121.9222,,,,,4.1,,152,1007.8,26.6,
Vector_CWB_FB_46694A,2026-07-21 16:00:00,25.0969,121.9222,0.2,,,4.7,3.7,,194,1007.9,26.6,
Vector_CWB_FB_46694A,2026-07-21 17:00:00,25.0969,121.9222,0.2,,,4.9,3.3,,206,1008,26.2,
Vector_CWB_FB_46694A,2026-07-21 18:00:00,25.0969,121.9222,0.2,,,4.7,3.5,,184,1008.5,26.2,
Vector_CWB_FB_46694A,2026-07-21 19:00:00,25.0969,121.9222,,,,,3.3,,194,1009,26.6,
Vector_CWB_FB_46694A,2026-07-21 20:00:00,25.0969,121.9222,0.2,,,4.6,2.6,,209,1009,26.3,
Vector_CWB_FB_46694A,2026-07-21 21:00:00,25.0969,121.9222,0.2,,,4.4,3.4,,210,1009.1,26.3,
Vector_CWB_FB_46694A,2026-07-21 22:00:00,25.0969,121.9222,0.2,,,4.2,3.5,,198,1009.6,26.1,
Vector_CWB_FB_46694A,2026-07-21 23:00:00,25.0969,121.9222,0.2,,,4.1,3.9,,196,1009.5,26,
Vector_CWB_FB_46694A,2026-07-22 00:00:00,25.0969,121.9222,0.2,,,3.9,3.3,,209,1009,25.7,
Vector_CWB_FB_46694A,2026-07-22 01:00:00,25.0969,121.9222,0.2,,,3.7,3.9,,228,1008.7,25.6,
Vector_CWB_FB_46694A,2026-07-22 02:00:00,25.0969,121.9222,0.2,,,4.2,2.8,,216,1008.3,25.7,
Vector_CWB_FB_46694A,2026-07-22 03:00:00,25.0969,121.9222,,,,,2.5,,199,1007.9,25.7,
Vector_CWB_FB_46694A,2026-07-22 04:00:00,25.0969,121.9222,,,,,2.2,,200,1008.2,25.1,
Vector_CWB_FB_46694A,2026-07-22 05:00:00,25.0969,121.9222,,,,,,,,1008.3,25,
Vector_CWB_FB_46694A,2026-07-22 06:00:00,25.0969,121.9222,0.2,,,5.5,,,,1009,25.3,
Vector_CWB_FB_46694A,2026-07-22 07:00:00,25.0969,121.9222,,,,,1.2,,168,1009.4,25.4,
Vector_CWB_FB_46694A,2026-07-22 08:00:00,25.0969,121.9222,,,,,,,,1009.4,26,
Vector_CWB_FB_46694A,2026-07-22 09:00:00,25.0969,121.9222,0.2,,,5.2,,,,1009.5,26.4,
Vector_CWB_FB_46694A,2026-07-22 10:00:00,25.0969,121.9222,,,,,1.5,,40,1009.4,26.1,
Vector_CWB_FB_46694A,2026-07-22 11:00:00,25.0969,121.9222,0.2,,,5.9,,,,1009.4,25.8,
Vector_CWB_FB_46694A,2026-07-22 12:00:00,25.0969,121.9222,,,,,,,,1009,25.8,
Vector_CWB_FB_46694A,2026-07-22 13:00:00,25.0969,121.9222,,,,,,,,1008.6,25.9,
Vector_CWB_FB_46714D,2026-07-20 00:00:00,22.3131,120.3639,,,,,2.2,,21,1009.1,29.1,0.43
Vector_CWB_FB_46714D,2026-07-20 01:00:00,22.3131,120.3639,,,,,4.2,,45,1008.8,29.1,0.28
Vector_CWB_FB_46714D,2026-07-20 02:00:00,22.3131,120.3639,,,,,0.9,,180,1009,29,0.26
Vector_CWB_FB_46714D,2026-07-20 03:00:00,22.3131,120.3639,,,,,,,,1008.9,28.7,0.13
Vector_CWB_FB_46714D,2026-07-20 04:00:00,22.3131,120.3639,,,,,,,,1008.6,28.9,0.09
Vector_CWB_FB_46714D,2026-07-20 05:00:00,22.3131,120.3639,,,,,,,,1008.5,28.9,0.45
Vector_CWB_FB_46714D,2026-07-20 06:00:00,22.3131,120.3639,,,,,,,,1008.4,29,0.4
Vector_CWB_FB_46714D,2026-07-20 07:00:00,22.3131,120.3639,,,,,,,,1008.7,29.1,0.43
Vector_CWB_FB_46714D,2026-07-20 08:00:00,22.3131,120.3639,,,,,,,,1007.7,29,0.23
Vector_CWB_FB_46714D,2026-07-20 09:00:00,22.3131,120.3639,,,,,,,,1008.9,28.8,0.3
Vector_CWB_FB_46714D,2026-07-20 10:00:00,22.3131,120.3639,,,,,,,,1009.9,29.2,0.41
Vector_CWB_FB_46714D,2026-07-20 11:00:00,22.3131,120.3639,,,,,,,,1009.5,29.4,0.37
Vector_CWB_FB_46714D,2026-07-20 12:00:00,22.3131,120.3639,,,,,,,,1004.3,29.1,0.25
Vector_CWB_FB_46714D,2026-07-20 13:00:00,22.3131,120.3639,,,,,,,,1005.9,29,0.11
Vector_CWB_FB_46714D,2026-07-20 14:00:00,22.3131,120.3639,,,,,,,,1008.7,29,0.04
Vector_CWB_FB_46714D,2026-07-20 15:00:00,22.3131,120.3639,,,,,,,,1008.4,29,0.11
Vector_CWB_FB_46714D,2026-07-20 16:00:00,22.3131,120.3639,,,,,,,,1008.6,29.2,0.09
Vector_CWB_FB_46714D,2026-07-20 17:00:00,22.3131,120.3639,,,,,,,,1008.2,29.2,0.05
Vector_CWB_FB_46714D,2026-07-20 18:00:00,22.3131,120.3639,,,,,,,,1008,29.1,0.21
Vector_CWB_FB_46714D,2026-07-20 19:00:00,22.3131,120.3639,,,,,,,,1008.6,29.2,0.43
Vector_CWB_FB_46714D,2026-07-20 20:00:00,22.3131,120.3639,,,,,,,,1009.1,29.1,0.29
Vector_CWB_FB_46714D,2026-07-20 21:00:00,22.3131,120.3639,,,,,,,,1009.4,29.2,0.28
Vector_CWB_FB_46714D,2026-07-20 22:00:00,22.3131,120.3639,,,,,,,,1009.9,29.1,0.31
Vector_CWB_FB_46714D,2026-07-20 23:00:00,22.3131,120.3639,,,,,,,,1010.1,29,0.16
Vector_CWB_FB_46714D,2026-07-21 00:00:00,22.3131,120.3639,,,,,3.4,,30,1009.6,29,0.16
Vector_CWB_FB_46714D,2026-07-21 01:00:00,22.3131,120.3639,,,,,1,,26,1009.4,29,0.18
Vector_CWB_FB_46714D,2026-07-21 02:00:00,22.3131,120.3639,,,,,0.9,,317,1009.2,29.1,0.12
Vector_CWB_FB_46714D,2026-07-21 03:00:00,22.3131,120.3639,,,,,,,,1009.1,29.1,0.07
Vector_CWB_FB_46714D,2026-07-21 04:00:00,22.3131,120.3639,,,,,,,,1009.8,29,0.24
Vector_CWB_FB_46714D,2026-07-21 05:00:00,22.3131,120.3639,,,,,,,,1009.8,29,0.33
Vector_CWB_FB_46714D,2026-07-21 06:00:00,22.3131,120.3639,,,,,,,,1010.4,29.1,0.48
Vector_CWB_FB_46714D,2026-07-21 07:00:00,22.3131,120.3639,,,,,,,,1011.2,29.1,0.36
Vector_CWB_FB_46714D,2026-07-21 08:00:00,22.3131,120.3639,,,,,,,,1011.4,29.1,0.46
Vector_CWB_FB_46714D,2026-07-21 09:00:00,22.3131,120.3639,,,,,,,,1011,29.6,0.32
Vector_CWB_FB_46714D,2026-07-21 10:00:00,22.3131,120.3639,,,,,,,,1010.4,29.8,0.18
Vector_CWB_FB_46714D,2026-07-21 11:00:00,22.3131,120.3639,,,,,,,,1010.1,30.5,0.17
Vector_CWB_FB_46714D,2026-07-21 12:00:00,22.3131,120.3639,,,,,,,,1010,30.4,0.21
Vector_CWB_FB_46714D,2026-07-21 13:00:00,22.3131,120.3639,,,,,,,,1009.6,30.2,0.18
Vector_CWB_FB_46714D,2026-07-21 14:00:00,22.3131,120.3639,,,,,,,,1009.4,30.2,0.05
Vector_CWB_FB_46714D,2026-07-21 15:00:00,22.3131,120.3639,,,,,,,,1008.7,29.9,0.23
Vector_CWB_FB_46714D,2026-07-21 16:00:00,22.3131,120.3639,,,,,,,,1008.5,30,0.54
Vector_CWB_FB_46714D,2026-07-21 17:00:00,22.3131,120.3639,,,,,,,,1008.8,29.9,0.23
Vector_CWB_FB_46714D,2026-07-21 18:00:00,22.3131,120.3639,,,,,,,,1009.6,29.8,0.16
Vector_CWB_FB_46714D,2026-07-21 19:00:00,22.3131,120.3639,,,,,,,,1009.6,29.8,0.04
Vector_CWB_FB_46714D,2026-07-21 20:00:00,22.3131,120.3639,,,,,,,,1009.9,29.7,0.17
Vector_CWB_FB_46714D,2026-07-21 21:00:00,22.3131,120.3639,,,,,,,,1010.7,29.6,0.22
Vector_CWB_FB_46714D,2026-07-21 22:00:00,22.3131,120.3639,,,,,,,,1011.1,29.4,0.17
Vector_CWB_FB_46714D,2026-07-21 23:00:00,22.3131,120.3639,,,,,,,,1010.7,29.3,0.02
Vector_CWB_FB_46714D,2026-07-22 00:00:00,22.3131,120.3639,,,,,1.9,,288,1010.5,29.4,0.14
Vector_CWB_FB_46714D,2026-07-22 01:00:00,22.3131,120.3639,,,,,1.1,,69,1010.3,29.3,0.23
Vector_CWB_FB_46714D,2026-07-22 02:00:00,22.3131,120.3639,,,,,,,,1009.9,29.4,0.17
Vector_CWB_FB_46714D,2026-07-22 03:00:00,22.3131,120.3639,,,,,,,,1009.7,29.3,0.16
Vector_CWB_FB_46714D,2026-07-22 04:00:00,22.3131,120.3639,,,,,,,,1009.6,29.5,0.43
Vector_CWB_FB_46714D,2026-07-22 05:00:00,22.3131,120.3639,,,,,,,,1009.7,29.5,0.72
Vector_CWB_FB_46714D,2026-07-22 06:00:00,22.3131,120.3639,,,,,,,,1010.3,29.5,0.52
Vector_CWB_FB_46714D,2026-07-22 07:00:00,22.3131,120.3639,,,,,,,,1010.8,29.4,0.38
Vector_CWB_FB_46714D,2026-07-22 08:00:00,22.3131,120.3639,,,,,,,,1010.9,29.6,0.16
Vector_CWB_FB_46714D,2026-07-22 09:00:00,22.3131,120.3639,,,,,,,,1010.8,29.6,0.11
Vector_CWB_FB_46714D,2026-07-22 10:00:00,22.3131,120.3639,,,,,,,,1010.4,30.4,0.11
Vector_CWB_FB_46714D,2026-07-22 11:00:00,22.3131,120.3639,,,,,,,,1010.2,29.6,0.09
Vector_CWB_FB_46714D,2026-07-22 12:00:00,22.3131,120.3639,,,,,,,,1010,30,0.08
Vector_CWB_FB_46714D,2026-07-22 13:00:00,22.3131,120.3639,,,,,,,,1009.7,30.4,0.1
Vector_CWB_FB_C6V27,2026-07-20 00:00:00,21.0636,118.8572,0.9,,,5.3,7,,194,1008.2,,0.5
Vector_CWB_FB_C6V27,2026-07-20 01:00:00,21.0636,118.8572,1,,,5,6.4,,203,1007.7,,0.52
Vector_CWB_FB_C6V27,2026-07-20 02:00:00,21.0636,118.8572,0.9,,,4.7,8.5,,209,1006.3,,0.4
Vector_CWB_FB_C6V27,2026-07-20 03:00:00,21.0636,118.8572,1.2,,,4.4,6.4,,205,1007.6,,0.44
Vector_CWB_FB_C6V27,2026-07-20 04:00:00,21.0636,118.8572,1.1,,,4.6,6.6,,217,1007.6,,0.5
Vector_CWB_FB_C6V27,2026-07-20 05:00:00,21.0636,118.8572,1,,,4.3,6.1,,221,1007.2,,0.52
Vector_CWB_FB_C6V27,2026-07-20 07:00:00,21.0636,118.8572,1,,,4.7,5.7,,205,1007.6,,0.55
Vector_CWB_FB_C6V27,2026-07-20 08:00:00,21.0636,118.8572,1,,,4.8,6.1,,202,1007.8,,0.52
Vector_CWB_FB_C6V27,2026-07-20 09:00:00,21.0636,118.8572,1.1,,,4.7,6.9,,199,1008.3,,0.59
Vector_CWB_FB_C6V27,2026-07-20 10:00:00,21.0636,118.8572,1.2,,,4.7,6.5,,205,1008.5,,0.44
Vector_CWB_FB_C6V27,2026-07-20 11:00:00,21.0636,118.8572,1.1,,,4.9,6.3,,205,1008.6,,0.43
Vector_CWB_FB_C6V27,2026-07-20 12:00:00,21.0636,118.8572,1.2,,,5.1,6.7,,207,1008.3,,0.43
Vector_CWB_FB_C6V27,2026-07-20 13:00:00,21.0636,118.8572,,,,,,,,,,0.23
Vector_CWB_FB_C6V27,2026-07-20 14:00:00,21.0636,118.8572,1.2,,,4.9,5.6,,207,1007.6,,0.29
Vector_CWB_FB_C6V27,2026-07-20 15:00:00,21.0636,118.8572,1.5,,,5.6,5,,214,1007.4,,0.25
Vector_CWB_FB_C6V27,2026-07-20 16:00:00,21.0636,118.8572,1.4,,,5.1,4.6,,215,1006.9,,0.25
Vector_CWB_FB_C6V27,2026-07-20 17:00:00,21.0636,118.8572,1.4,,,5.3,3.9,,208,1007.1,,0.19
Vector_CWB_FB_C6V27,2026-07-20 18:00:00,21.0636,118.8572,1.4,,,5.2,3.5,,215,1007.4,,0.15
Vector_CWB_FB_C6V27,2026-07-20 19:00:00,21.0636,118.8572,1.1,,,5.1,4.1,,213,1007.7,,0.3
Vector_CWB_FB_C6V27,2026-07-20 20:00:00,21.0636,118.8572,1.2,,,5.4,3.4,,207,1008.2,,0.27
Vector_CWB_FB_C6V27,2026-07-20 21:00:00,21.0636,118.8572,1,,,5.1,3.9,,214,1008.8,,0.19
Vector_CWB_FB_C6V27,2026-07-20 22:00:00,21.0636,118.8572,0.9,,,5.1,2.6,,222,1009.3,,0.2
Vector_CWB_FB_C6V27,2026-07-21 00:00:00,21.0636,118.8572,1.1,,,5.3,3,,199,1008.9,,0.39
Vector_CWB_FB_C6V27,2026-07-21 01:00:00,21.0636,118.8572,1,,,5,5.9,,203,1008.6,,0.38
Vector_CWB_FB_C6V27,2026-07-21 02:00:00,21.0636,118.8572,1,,,4.9,4.8,,206,1008.4,,0.16
Vector_CWB_FB_C6V27,2026-07-21 03:00:00,21.0636,118.8572,1,,,5.1,5.3,,220,1008.4,,0.2
Vector_CWB_FB_C6V27,2026-07-21 04:00:00,21.0636,118.8572,1,,,4.9,4.6,,221,1008.6,,0.27
Vector_CWB_FB_C6V27,2026-07-21 05:00:00,21.0636,118.8572,1,,,5.2,4.7,,216,1008.9,,0.29
Vector_CWB_FB_C6V27,2026-07-21 06:00:00,21.0636,118.8572,1,,,5.2,4.4,,214,1009.4,,0.31
Vector_CWB_FB_C6V27,2026-07-21 07:00:00,21.0636,118.8572,0.9,,,4.9,3.4,,203,1010,,0.18
Vector_CWB_FB_C6V27,2026-07-21 08:00:00,21.0636,118.8572,0.9,,,5.3,2.7,,213,1010.1,,0.24
Vector_CWB_FB_C6V27,2026-07-21 09:00:00,21.0636,118.8572,0.9,,,5.3,2.6,,209,1010.1,,0.22
Vector_CWB_FB_C6V27,2026-07-21 10:00:00,21.0636,118.8572,,,,,,,,,,0.18
Vector_CWB_FB_C6V27,2026-07-21 11:00:00,21.0636,118.8572,0.8,,,5.4,3.4,,210,1009.7,,0.19
Vector_CWB_FB_C6V27,2026-07-21 12:00:00,21.0636,118.8572,0.9,,,5.5,4.3,,222,1009.5,,0.19
Vector_CWB_FB_C6V27,2026-07-21 13:00:00,21.0636,118.8572,0.9,,,5,4.5,,222,1009.3,,0.21
Vector_CWB_FB_C6V27,2026-07-21 14:00:00,21.0636,118.8572,1,,,5.4,4,,227,1008.9,,0.15
Vector_CWB_FB_C6V27,2026-07-21 15:00:00,21.0636,118.8572,1.1,,,5.4,3.2,,240,1008.6,,0.23
Vector_CWB_FB_C6V27,2026-07-21 16:00:00,21.0636,118.8572,1,,,5.3,3,,234,1008.2,,0.19
Vector_CWB_FB_C6V27,2026-07-21 17:00:00,21.0636,118.8572,0.9,,,5.2,3.1,,225,1007.9,,0.21
Vector_CWB_FB_C6V27,2026-07-21 18:00:00,21.0636,118.8572,0.9,,,5.5,2.3,,219,1008.2,,0.38
Vector_CWB_FB_C6V27,2026-07-21 19:00:00,21.0636,118.8572,0.8,,,5.1,1.4,,241,1008.7,,0.32
Vector_CWB_FB_C6V27,2026-07-21 20:00:00,21.0636,118.8572,1,,,5.6,1.3,,204,1009.6,,0.28
Vector_CWB_FB_C6V27,2026-07-21 21:00:00,21.0636,118.8572,0.9,,,5.4,1.9,,176,1009.9,,0.22
Vector_CWB_FB_C6V27,2026-07-22 00:00:00,21.0636,118.8572,1,,,5,2.8,,167,1009.9,,0.13
Vector_CWB_FB_C6V27,2026-07-22 01:00:00,21.0636,118.8572,0.8,,,5.1,2.4,,169,1009.5,,0.33
Vector_CWB_FB_C6V27,2026-07-22 02:00:00,21.0636,118.8572,1,,,5.4,3.4,,169,1009.1,,0.27
Vector_CWB_FB_C6V27,2026-07-22 03:00:00,21.0636,118.8572,0.8,,,5.3,3.4,,175,1009,,0.21
Vector_CWB_FB_C6V27,2026-07-22 04:00:00,21.0636,118.8572,0.8,,,5.1,4.3,,171,1009,,0.2
Vector_CWB_FB_C6V27,2026-07-22 05:00:00,21.0636,118.8572,0.8,,,5.6,4.2,,177,1008.9,,0.32
Vector_CWB_FB_C6V27,2026-07-22 06:00:00,21.0636,118.8572,0.8,,,5.7,3.3,,184,1009.4,,0.2
Vector_CWB_FB_C6V27,2026-07-22 07:00:00,21.0636,118.8572,0.7,,,5.5,3.2,,204,1009.7,,0.17
Vector_CWB_FB_C6V27,2026-07-22 08:00:00,21.0636,118.8572,0.8,,,5.7,2.3,,205,1010.1,,0.24
Vector_CWB_FB_C6V27,2026-07-22 09:00:00,21.0636,118.8572,0.7,,,5.8,2.3,,213,1010.1,,0.24
Vector_CWB_FB_C6V27,2026-07-22 10:00:00,21.0636,118.8572,0.7,,,5.5,2.5,,192,1010,,0.35
Vector_CWB_FB_C6V27,2026-07-22 11:00:00,21.0636,118.8572,0.8,,,6,3.1,,223,1010,,0.31
Vector_CWB_FB_C6V27,2026-07-22 12:00:00,21.0636,118.8572,0.7,,,5.7,2.9,,228,1009.8,,0.19
Vector_CWB_FB_C6V27,2026-07-22 13:00:00,21.0636,118.8572,0.8,,,5.9,2.1,,232,1009.3,,0.27
Vector_CWB_FB_C6W08,2026-07-20 00:00:00,26.3525,120.5153,1.6,,,4.5,9.7,,215,1005.1,25.3,0.04
Vector_CWB_FB_C6W08,2026-07-20 01:00:00,26.3525,120.5153,1.6,,,4.5,9,,211,1005.2,25.3,0.17
Vector_CWB_FB_C6W08,2026-07-20 02:00:00,26.3525,120.5153,1.7,,,4.7,7.8,,208,1005.5,25.4,0.33
Vector_CWB_FB_C6W08,2026-07-20 03:00:00,26.3525,120.5153,1.4,,,4.3,9,,208,1005,25.3,0.48
Vector_CWB_FB_C6W08,2026-07-20 04:00:00,26.3525,120.5153,1.5,,,4.5,10.7,,207,1004.9,25.1,0.8
Vector_CWB_FB_C6W08,2026-07-20 05:00:00,26.3525,120.5153,1.6,,,4.4,9.6,,212,1005,25.1,0.79
Vector_CWB_FB_C6W08,2026-07-20 06:00:00,26.3525,120.5153,1.3,,,4.3,9.3,,210,1005.5,25,0.85
Vector_CWB_FB_C6W08,2026-07-20 07:00:00,26.3525,120.5153,1.2,,,4.3,9.6,,211,1006,25,0.95
Vector_CWB_FB_C6W08,2026-07-20 08:00:00,26.3525,120.5153,1.5,,,4.2,10,,211,1006.1,25,0.69
Vector_CWB_FB_C6W08,2026-07-20 09:00:00,26.3525,120.5153,1.4,,,4.1,10.2,,212,1006.6,24.9,0.53
Vector_CWB_FB_C6W08,2026-07-20 10:00:00,26.3525,120.5153,1.3,,,4.2,9.5,,207,1006.3,25,0.44
Vector_CWB_FB_C6W08,2026-07-20 11:00:00,26.3525,120.5153,1.5,,,4.3,9.9,,212,1006.5,25,0.35
Vector_CWB_FB_C6W08,2026-07-20 12:00:00,26.3525,120.5153,1.6,,,4.5,9.9,,206,1005.9,25.2,0.12
Vector_CWB_FB_C6W08,2026-07-20 13:00:00,26.3525,120.5153,1.6,,,4.6,9.2,,206,1005.3,25.2,0.25
Vector_CWB_FB_C6W08,2026-07-20 14:00:00,26.3525,120.5153,1.5,,,4.3,9.9,,207,1004.7,25.3,0.24
Vector_CWB_FB_C6W08,2026-07-20 15:00:00,26.3525,120.5153,1.7,,,4.4,10.7,,212,1005,25.2,0.47
Vector_CWB_FB_C6W08,2026-07-20 16:00:00,26.3525,120.5153,1.5,,,4.3,11.5,,219,1004.7,25.1,0.61
Vector_CWB_FB_C6W08,2026-07-20 17:00:00,26.3525,120.5153,1.5,,,4.4,10.1,,220,1005.1,25,0.83
Vector_CWB_FB_C6W08,2026-07-20 18:00:00,26.3525,120.5153,1.6,,,4.6,9,,220,1005.3,25.1,0.89
Vector_CWB_FB_C6W08,2026-07-20 19:00:00,26.3525,120.5153,1.6,,,4.6,8.8,,225,1006.3,24.9,1.01
Vector_CWB_FB_C6W08,2026-07-20 20:00:00,26.3525,120.5153,1.5,,,4.4,9.8,,219,1006.8,25.2,1.09
Vector_CWB_FB_C6W08,2026-07-20 21:00:00,26.3525,120.5153,1.4,,,4.1,7.9,,216,1007.3,25.2,0.92
Vector_CWB_FB_C6W08,2026-07-20 22:00:00,26.3525,120.5153,1.1,,,4.1,7.1,,222,1007.5,25.5,0.75
Vector_CWB_FB_C6W08,2026-07-20 23:00:00,26.3525,120.5153,1.1,,,4.2,7.1,,208,1007.4,25.3,0.43
Vector_CWB_FB_C6W08,2026-07-21 00:00:00,26.3525,120.5153,1,,,4.2,7.1,,202,1006.9,25.5,0.42
Vector_CWB_FB_C6W08,2026-07-21 01:00:00,26.3525,120.5153,1.2,,,4.1,7.7,,206,1006.8,25.5,0.23
Vector_CWB_FB_C6W08,2026-07-21 02:00:00,26.3525,120.5153,1.1,,,3.9,7.6,,208,1006.6,25.5,0.27
Vector_CWB_FB_C6W08,2026-07-21 03:00:00,26.3525,120.5153,1.2,,,4,8.4,,209,1007.2,25.5,0.39
Vector_CWB_FB_C6W08,2026-07-21 04:00:00,26.3525,120.5153,1,,,3.9,7.4,,217,1007.6,25.6,0.64
Vector_CWB_FB_C6W08,2026-07-21 05:00:00,26.3525,120.5153,0.8,,,3.8,7.3,,218,1008.1,25.5,0.94
Vector_CWB_FB_C6W08,2026-07-21 06:00:00,26.3525,120.5153,0.9,,,3.9,7.1,,214,1008.5,25.5,1.06
Vector_CWB_FB_C6W08,2026-07-21 07:00:00,26.3525,120.5153,0.8,,,3.6,8.1,,215,1009.1,25.5,1.08
Vector_CWB_FB_C6W08,2026-07-21 08:00:00,26.3525,120.5153,0.8,,,3.8,7.2,,217,1009.1,26,0.99
Vector_CWB_FB_C6W08,2026-07-21 09:00:00,26.3525,120.5153,0.7,,,3.7,6.3,,216,1009.9,26,0.83
Vector_CWB_FB_C6W08,2026-07-21 10:00:00,26.3525,120.5153,0.7,,,3.6,6.5,,214,1009.7,26.1,0.45
Vector_CWB_FB_C6W08,2026-07-21 11:00:00,26.3525,120.5153,0.7,,,3.4,7.6,,224,1009.4,26.2,0.27
Vector_CWB_FB_C6W08,2026-07-21 12:00:00,26.3525,120.5153,0.7,,,3.6,7.5,,218,1008.9,26.4,0.26
Vector_CWB_FB_C6W08,2026-07-21 13:00:00,26.3525,120.5153,0.7,,,3.7,7.6,,215,1008.1,26.4,0.17
Vector_CWB_FB_C6W08,2026-07-21 14:00:00,26.3525,120.5153,0.8,,,3.5,7.2,,217,1007.6,26.5,0.24
Vector_CWB_FB_C6W08,2026-07-21 15:00:00,26.3525,120.5153,0.8,,,3.8,6.5,,216,1007.1,26.4,0.19
Vector_CWB_FB_C6W08,2026-07-21 16:00:00,26.3525,120.5153,0.9,,,3.8,6.5,,211,1007.2,26.3,0.35
Vector_CWB_FB_C6W08,2026-07-21 17:00:00,26.3525,120.5153,0.8,,,3.6,7.4,,211,1006.9,26.2,0.59
Vector_CWB_FB_C6W08,2026-07-21 18:00:00,26.3525,120.5153,0.9,,,3.6,8.2,,212,1006.8,26.3,1.07
Vector_CWB_FB_C6W08,2026-07-21 19:00:00,26.3525,120.5153,1,,,3.8,8.9,,218,1007.9,26.4,1.21
Vector_CWB_FB_C6W08,2026-07-21 20:00:00,26.3525,120.5153,1.2,,,3.9,7.8,,218,1009.1,26.3,1.1
Vector_CWB_FB_C6W08,2026-07-21 21:00:00,26.3525,120.5153,0.8,,,3.7,7.3,,214,1009.1,26.3,0.76
Vector_CWB_FB_C6W08,2026-07-21 22:00:00,26.3525,120.5153,0.9,,,3.6,6.3,,198,1009.9,26.3,0.66
Vector_CWB_FB_C6W08,2026-07-21 23:00:00,26.3525,120.5153,0.8,,,3.6,6.8,,194,1010,26.4,0.54
Vector_CWB_FB_C6W08,2026-07-22 00:00:00,26.3525,120.5153,0.8,,,3.7,7.7,,196,1009.9,26.5,0.21
Vector_CWB_FB_C6W08,2026-07-22 01:00:00,26.3525,120.5153,0.9,,,3.6,7.8,,203,1008.9,26.5,0.16
Vector_CWB_FB_C6W08,2026-07-22 02:00:00,26.3525,120.5153,0.8,,,3.7,7.5,,219,1008.7,26.7,0.32
Vector_CWB_FB_C6W08,2026-07-22 03:00:00,26.3525,120.5153,0.8,,,3.6,6.9,,223,1008.2,26.6,0.19
Vector_CWB_FB_C6W08,2026-07-22 04:00:00,26.3525,120.5153,0.8,,,3.7,7.2,,219,1008.1,26.6,0.27
Vector_CWB_FB_C6W08,2026-07-22 05:00:00,26.3525,120.5153,0.8,,,3.6,6.5,,215,1008,26.6,0.44
Vector_CWB_FB_C6W08,2026-07-22 06:00:00,26.3525,120.5153,0.7,,,3.6,5.7,,230,1009.2,26.5,0.53
Vector_CWB_FB_C6W08,2026-07-22 07:00:00,26.3525,120.5153,0.7,,,3.5,5.4,,218,1009.9,26.5,0.65
Vector_CWB_FB_C6W08,2026-07-22 08:00:00,26.3525,120.5153,0.6,,,3.6,5.5,,202,1010,26.5,0.69
Vector_CWB_FB_C6W08,2026-07-22 09:00:00,26.3525,120.5153,0.6,,,3.5,5.7,,207,1009.9,26.5,0.61
Vector_CWB_FB_C6W08,2026-07-22 10:00:00,26.3525,120.5153,0.6,,,3.3,5.9,,208,1010.2,26.6,0.56
Vector_CWB_FB_C6W08,2026-07-22 11:00:00,26.3525,120.5153,0.6,,,3.4,6.9,,210,1009.6,26.6,0.28
Vector_CWB_FB_C6W08,2026-07-22 12:00:00,26.3525,120.5153,0.7,,,3.6,6.5,,211,1009.2,26.7,0.17
Vector_CWB_FB_C6W08,2026-07-22 13:00:00,26.3525,120.5153,0.7,,,3.5,6.4,,211,1008.6,26.8,0.04
Vector_CWB_FB_C6W10,2026-07-20 00:00:00,23.191,119.6647,1,,,4.1,5.9,,209,1008.2,29.5,1.17
Vector_CWB_FB_C6W10,2026-07-20 01:00:00,23.191,119.6647,1,,,4.4,6,,206,1008.2,29.4,1.25
Vector_CWB_FB_C6W10,2026-07-20 02:00:00,23.191,119.6647,1,,,4.7,7.2,,199,1007.6,29.5,0.99
Vector_CWB_FB_C6W10,2026-07-20 03:00:00,23.191,119.6647,1,,,4.5,6,,189,1007.9,29.7,0.77
Vector_CWB_FB_C6W10,2026-07-20 04:00:00,23.191,119.6647,0.9,,,4.7,5.6,,176,1007.8,29.6,0.5
Vector_CWB_FB_C6W10,2026-07-20 05:00:00,23.191,119.6647,0.8,,,4.4,5.1,,181,1007.3,29.5,0.26
Vector_CWB_FB_C6W10,2026-07-20 06:00:00,23.191,119.6647,0.9,,,4.4,8.3,,223,1006.3,29.4,0.18
Vector_CWB_FB_C6W10,2026-07-20 07:00:00,23.191,119.6647,1,,,4.2,3.4,,210,1008.8,29.4,0.13
Vector_CWB_FB_C6W10,2026-07-20 08:00:00,23.191,119.6647,0.8,,,4.5,1.8,,127,1009.5,29.5,0.46
Vector_CWB_FB_C6W10,2026-07-20 09:00:00,23.191,119.6647,0.8,,,4.6,4.5,,110,1009.1,29.6,0.48
Vector_CWB_FB_C6W10,2026-07-20 10:00:00,23.191,119.6647,0.8,,,4.5,7,,129,1009.5,29.6,0.72
Vector_CWB_FB_C6W10,2026-07-20 11:00:00,23.191,119.6647,0.9,,,3.9,6.5,,129,1008.9,29.6,0.84
Vector_CWB_FB_C6W10,2026-07-20 12:00:00,23.191,119.6647,0.8,,,4,6.3,,147,1008.6,29.7,0.9
Vector_CWB_FB_C6W10,2026-07-20 13:00:00,23.191,119.6647,0.7,,,4.5,6.4,,171,1008.5,29.7,1.38
Vector_CWB_FB_C6W10,2026-07-20 14:00:00,23.191,119.6647,0.5,,,4.9,6.6,,179,1008.1,29.7,1.42
Vector_CWB_FB_C6W10,2026-07-20 15:00:00,23.191,119.6647,0.6,,,5.1,6.7,,198,1007.8,29.8,1.06
Vector_CWB_FB_C6W10,2026-07-20 16:00:00,23.191,119.6647,0.7,,,5,5.6,,205,1007.6,29.7,0.66
Vector_CWB_FB_C6W10,2026-07-20 17:00:00,23.191,119.6647,0.8,,,5.2,6.4,,197,1007.4,29.7,0.41
Vector_CWB_FB_C6W10,2026-07-20 18:00:00,23.191,119.6647,0.8,,,4.8,5.3,,185,1007.6,29.7,0.32
Vector_CWB_FB_C6W10,2026-07-20 19:00:00,23.191,119.6647,0.9,,,4.8,4.3,,207,1007.3,29.7,0.24
Vector_CWB_FB_C6W10,2026-07-20 20:00:00,23.191,119.6647,0.8,,,4.6,4.1,,180,1008.4,29.7,0.4
Vector_CWB_FB_C6W10,2026-07-20 22:00:00,23.191,119.6647,0.9,,,5,4.8,,174,1009.4,29.7,0.61
Vector_CWB_FB_C6W10,2026-07-20 23:00:00,23.191,119.6647,0.8,,,4.6,5.5,,194,1009.3,29.7,0.79
Vector_CWB_FB_C6W10,2026-07-21 00:00:00,23.191,119.6647,0.8,,,4.4,5.6,,187,1008.9,29.5,0.79
Vector_CWB_FB_C6W10,2026-07-21 01:00:00,23.191,119.6647,0.8,,,4.7,5.4,,192,1008.9,29.6,1.2
Vector_CWB_FB_C6W10,2026-07-21 02:00:00,23.191,119.6647,0.6,,,5,4.8,,197,1008.5,29.6,1.3
Vector_CWB_FB_C6W10,2026-07-21 03:00:00,23.191,119.6647,0.6,,,5,4.1,,211,1009.3,29.6,1.32
Vector_CWB_FB_C6W10,2026-07-21 04:00:00,23.191,119.6647,0.6,,,5.5,3.9,,230,1008.7,29.6,1.08
Vector_CWB_FB_C6W10,2026-07-21 05:00:00,23.191,119.6647,0.6,,,5.3,2.7,,222,1009.1,29.6,0.77
Vector_CWB_FB_C6W10,2026-07-21 06:00:00,23.191,119.6647,0.7,,,5.5,2.2,,218,1010.1,29.6,0.52
Vector_CWB_FB_C6W10,2026-07-21 07:00:00,23.191,119.6647,0.7,,,5.8,2.6,,187,1010.5,29.4,0.49
Vector_CWB_FB_C6W10,2026-07-21 08:00:00,23.191,119.6647,0.6,,,5.3,4,,127,1010.7,29.5,0.53
Vector_CWB_FB_C6W10,2026-07-21 09:00:00,23.191,119.6647,0.5,,,5.2,2.9,,135,1010.7,29.6,0.55
Vector_CWB_FB_C6W10,2026-07-21 10:00:00,23.191,119.6647,0.5,,,4.8,3.6,,141,1010.2,29.6,0.53
Vector_CWB_FB_C6W10,2026-07-21 11:00:00,23.191,119.6647,0.6,,,5,3,,156,1009.9,29.8,0.49
Vector_CWB_FB_C6W10,2026-07-21 12:00:00,23.191,119.6647,0.8,,,5.2,4,,187,1009.9,29.9,0.52
Vector_CWB_FB_C6W10,2026-07-21 13:00:00,23.191,119.6647,0.7,,,4.9,4.3,,198,1008.8,29.9,0.6
Vector_CWB_FB_C6W10,2026-07-21 14:00:00,23.191,119.6647,0.6,,,5.1,4.1,,209,1009,30,0.63
Vector_CWB_FB_C6W10,2026-07-21 15:00:00,23.191,119.6647,0.6,,,5.3,4.4,,217,1008.2,30,0.67
Vector_CWB_FB_C6W10,2026-07-21 16:00:00,23.191,119.6647,0.6,,,5.5,4.2,,231,1007.9,30.1,0.55
Vector_CWB_FB_C6W10,2026-07-21 17:00:00,23.191,119.6647,0.7,,,5.8,2.9,,220,1008.8,29.9,0.34
Vector_CWB_FB_C6W10,2026-07-21 18:00:00,23.191,119.6647,0.6,,,5.5,2.3,,214,1008.7,29.9,0.18
Vector_CWB_FB_C6W10,2026-07-21 19:00:00,23.191,119.6647,0.6,,,5.7,1.6,,208,1009.1,29.8,0.23
Vector_CWB_FB_C6W10,2026-07-21 20:00:00,23.191,119.6647,0.7,,,5.5,1.5,,206,1009.5,29.7,0.11
Vector_CWB_FB_C6W10,2026-07-21 21:00:00,23.191,119.6647,0.7,,,5.5,2.4,,212,1009.8,29.7,0.22
Vector_CWB_FB_C6W10,2026-07-21 22:00:00,23.191,119.6647,0.8,,,5.5,3.2,,208,1010.3,29.6,0.36
Vector_CWB_FB_C6W10,2026-07-21 23:00:00,23.191,119.6647,0.7,,,5.2,3.7,,209,1010.2,29.6,0.54
Vector_CWB_FB_C6W10,2026-07-22 00:00:00,23.191,119.6647,0.7,,,4.8,3.4,,197,1010,29.7,0.64
Vector_CWB_FB_C6W10,2026-07-22 01:00:00,23.191,119.6647,0.7,,,5.3,3.9,,203,1010,29.7,0.74
Vector_CWB_FB_C6W10,2026-07-22 02:00:00,23.191,119.6647,0.7,,,5.3,3.9,,201,1009.3,29.8,1.04
Vector_CWB_FB_C6W10,2026-07-22 03:00:00,23.191,119.6647,0.7,,,5.8,3.9,,213,1009.8,29.9,1.31
Vector_CWB_FB_C6W10,2026-07-22 04:00:00,23.191,119.6647,0.5,,,5.3,3.7,,222,1009.3,30.1,1.16
Vector_CWB_FB_C6W10,2026-07-22 05:00:00,23.191,119.6647,0.5,,,5.3,3.1,,250,1009.2,29.8,0.52
Vector_CWB_FB_C6W10,2026-07-22 06:00:00,23.191,119.6647,0.6,,,5.5,2,,238,1009.8,29.8,0.49
Vector_CWB_FB_C6W10,2026-07-22 07:00:00,23.191,119.6647,0.5,,,5.2,3.3,,225,1010.5,29.7,0.35
Vector_CWB_FB_C6W10,2026-07-22 08:00:00,23.191,119.6647,0.6,,,5.7,2.3,,251,1010.5,29.7,0.27
Vector_CWB_FB_C6W10,2026-07-22 09:00:00,23.191,119.6647,0.5,,,5.3,1.8,,245,1010.6,29.9,0.26
Vector_CWB_FB_C6W10,2026-07-22 10:00:00,23.191,119.6647,0.5,,,5.3,1.8,,250,1010.4,30.2,0.3
Vector_CWB_FB_C6W10,2026-07-22 11:00:00,23.191,119.6647,0.5,,,5,1.2,,239,1010.5,31.2,0.56
Vector_CWB_FB_C6W10,2026-07-22 12:00:00,23.191,119.6647,0.6,,,5.1,1.3,,254,1009.9,31.2,0.82
Vector_CWB_FB_C6AH2,2026-07-20 00:00:00,25.305,121.5364,0.4,,,5.2,1.1,,164,1007.3,27.6,0.58
Vector_CWB_FB_C6AH2,2026-07-20 01:00:00,25.305,121.5364,0.4,,,4.8,0.9,,95,1007.3,27.9,0.22
Vector_CWB_FB_C6AH2,2026-07-20 02:00:00,25.305,121.5364,0.3,,,4.5,3.1,,218,1007.4,27.7,0.95
Vector_CWB_FB_C6AH2,2026-07-20 03:00:00,25.305,121.5364,0.3,,,4.8,4.5,,233,1007.4,27.7,1.49
Vector_CWB_FB_C6AH2,2026-07-20 04:00:00,25.305,121.5364,0.5,,,4.4,5.8,,236,1007,27.6,1.19
Vector_CWB_FB_C6AH2,2026-07-20 05:00:00,25.305,121.5364,0.6,,,4.3,5.2,,227,1007.2,27.6,0.83
Vector_CWB_FB_C6AH2,2026-07-20 06:00:00,25.305,121.5364,0.6,,,4.2,5.2,,220,1007.4,27.5,0.42
Vector_CWB_FB_C6AH2,2026-07-20 07:00:00,25.305,121.5364,0.6,,,4.3,6.7,,221,1007.6,27.6,0.41
Vector_CWB_FB_C6AH2,2026-07-20 08:00:00,25.305,121.5364,0.6,,,4.6,6.6,,225,1007.8,27.9,0.35
Vector_CWB_FB_C6AH2,2026-07-20 09:00:00,25.305,121.5364,0.7,,,4.6,6.5,,245,1008.2,27.2,0.56
Vector_CWB_FB_C6AH2,2026-07-20 10:00:00,25.305,121.5364,0.8,,,4.7,5.5,,260,1008.6,27.4,0.44
Vector_CWB_FB_C6AH2,2026-07-20 11:00:00,25.305,121.5364,0.9,,,5.1,8.3,,255,1008.1,26.4,0.84
Vector_CWB_FB_C6AH2,2026-07-20 12:00:00,25.305,121.5364,0.7,,,4.9,8.7,,249,1007.8,27.2,0.23
Vector_CWB_FB_C6AH2,2026-07-20 13:00:00,25.305,121.5364,0.7,,,4.8,6.6,,251,1007.6,27.4,0.23
Vector_CWB_FB_C6AH2,2026-07-20 14:00:00,25.305,121.5364,0.5,,,4.4,5.7,,244,1007.2,27.5,0.63
Vector_CWB_FB_C6AH2,2026-07-20 15:00:00,25.305,121.5364,0.5,,,4.6,4.2,,245,1007,27.7,1.33
Vector_CWB_FB_C6AH2,2026-07-20 16:00:00,25.305,121.5364,0.3,,,4,1.3,,205,1007.4,27.9,1.34
Vector_CWB_FB_C6AH2,2026-07-20 17:00:00,25.305,121.5364,0.5,,,4.1,4.4,,213,1007.6,27.6,0.94
Vector_CWB_FB_C6AH2,2026-07-20 18:00:00,25.305,121.5364,0.5,,,4,4.6,,250,1008.1,28.4,1.19
Vector_CWB_FB_C6AH2,2026-07-20 19:00:00,25.305,121.5364,0.5,,,3.8,3.8,,244,1008.5,28.5,0.72
Vector_CWB_FB_C6AH2,2026-07-20 20:00:00,25.305,121.5364,0.6,,,3.9,2.2,,171,1009.2,28.5,0.23
Vector_CWB_FB_C6AH2,2026-07-20 21:00:00,25.305,121.5364,0.5,,,4.3,1.8,,133,1009.3,28.5,0.52
Vector_CWB_FB_C6AH2,2026-07-20 22:00:00,25.305,121.5364,0.5,,,4.6,2.7,,136,1009.5,27.7,0.44
Vector_CWB_FB_C6AH2,2026-07-20 23:00:00,25.305,121.5364,0.5,,,4.2,2.7,,132,1009.4,27.5,0.6
Vector_CWB_FB_C6AH2,2026-07-21 00:00:00,25.305,121.5364,0.5,,,5.6,1.2,,182,1008.9,27.7,0.53
Vector_CWB_FB_C6AH2,2026-07-21 01:00:00,25.305,121.5364,0.4,,,5.1,1.5,,131,1008.6,27.9,0.17
Vector_CWB_FB_C6AH2,2026-07-21 02:00:00,25.305,121.5364,0.4,,,4.4,1.5,,134,1008.6,28.1,0.6
Vector_CWB_FB_C6AH2,2026-07-21 03:00:00,25.305,121.5364,0.2,,,4.3,2.3,,243,1008.8,27.3,1.02
Vector_CWB_FB_C6AH2,2026-07-21 04:00:00,25.305,121.5364,0.2,,,4.4,2.8,,230,1009.1,28,1.6
Vector_CWB_FB_C6AH2,2026-07-21 05:00:00,25.305,121.5364,0.2,,,4.7,4.2,,218,1009.3,27.9,1.14
Vector_CWB_FB_C6AH2,2026-07-21 06:00:00,25.305,121.5364,0.3,,,4,3.6,,217,1009.7,27.8,0.92
Vector_CWB_FB_C6AH2,2026-07-21 07:00:00,25.305,121.5364,0.3,,,3.8,5.5,,237,1010,27.8,0.29
Vector_CWB_FB_C6AH2,2026-07-21 08:00:00,25.305,121.5364,0.3,,,3.8,7.8,,245,1010.3,27.9,0.18
Vector_CWB_FB_C6AH2,2026-07-21 09:00:00,25.305,121.5364,0.3,,,3.8,7.4,,248,1010,27.9,0.32
Vector_CWB_FB_C6AH2,2026-07-21 10:00:00,25.305,121.5364,0.6,,,3.8,9.2,,260,1009.6,27.5,0.47
Vector_CWB_FB_C6AH2,2026-07-21 11:00:00,25.305,121.5364,0.7,,,4,8.5,,261,1009.5,27.7,0.32
Vector_CWB_FB_C6AH2,2026-07-21 12:00:00,25.305,121.5364,0.7,,,4.4,7.6,,274,1009.1,26.4,0.86
Vector_CWB_FB_C6AH2,2026-07-21 13:00:00,25.305,121.5364,0.6,,,4.3,7.7,,275,1009,27.5,0.04
Vector_CWB_FB_C6AH2,2026-07-21 14:00:00,25.305,121.5364,0.6,,,4.1,5.5,,268,1008.9,27.6,0.15
Vector_CWB_FB_C6AH2,2026-07-21 15:00:00,25.305,121.5364,0.5,,,4,5.1,,252,1008.6,27.2,0.47
Vector_CWB_FB_C6AH2,2026-07-21 16:00:00,25.305,121.5364,0.3,,,3.9,2.7,,257,1008.7,27.8,1.32
Vector_CWB_FB_C6AH2,2026-07-21 17:00:00,25.305,121.5364,0.2,,,4.1,4,,271,1009.1,27.9,1.35
Vector_CWB_FB_C6AH2,2026-07-21 18:00:00,25.305,121.5364,0.3,,,3.8,3.6,,216,1009.3,28.1,1.51
Vector_CWB_FB_C6AH2,2026-07-21 19:00:00,25.305,121.5364,0.4,,,3.8,1.2,,269,1009.7,28.4,1.04
Vector_CWB_FB_C6AH2,2026-07-21 20:00:00,25.305,121.5364,0.4,,,3.8,2.1,,75,1009.7,28.8,0.46
Vector_CWB_FB_C6AH2,2026-07-21 21:00:00,25.305,121.5364,0.4,,,3.7,3,,137,1010.2,28.9,0.25
Vector_CWB_FB_C6AH2,2026-07-21 22:00:00,25.305,121.5364,0.3,,,3.9,2.9,,194,1010.6,28.8,0.37
Vector_CWB_FB_C6AH2,2026-07-21 23:00:00,25.305,121.5364,0.2,,,3.9,2.1,,203,1010.4,28.3,0.47
Vector_CWB_FB_C6AH2,2026-07-22 00:00:00,25.305,121.5364,0.2,,,4.3,1.7,,178,1010,28.3,0.28
Vector_CWB_FB_C6AH2,2026-07-22 01:00:00,25.305,121.5364,0.2,,,4.5,1.4,,137,1009.6,27.2,0.56
Vector_CWB_FB_C6AH2,2026-07-22 02:00:00,25.305,121.5364,,,,,,,,1009.4,28.4,0.14
Vector_CWB_FB_C6AH2,2026-07-22 03:00:00,25.305,121.5364,0.2,,,3.8,1.1,,277,1009.3,27.8,0.64
Vector_CWB_FB_C6AH2,2026-07-22 04:00:00,25.305,121.5364,0.2,,,4.6,1.5,,237,1009.6,27.9,1.12
Vector_CWB_FB_C6AH2,2026-07-22 05:00:00,25.305,121.5364,,,,,2.9,,246,1009.6,27.8,1.32
Vector_CWB_FB_C6AH2,2026-07-22 06:00:00,25.305,121.5364,,,,,3.1,,230,1010.3,27.9,1.22
Vector_CWB_FB_C6AH2,2026-07-22 07:00:00,25.305,121.5364,,,,,5.6,,235,1010.6,27.7,0.85
Vector_CWB_FB_C6AH2,2026-07-22 08:00:00,25.305,121.5364,,,,,5.2,,239,1010.6,28.1,0.56
Vector_CWB_FB_C6AH2,2026-07-22 09:00:00,25.305,121.5364,0.2,,,3.9,6.1,,263,1010.5,28.2,0.46
Vector_CWB_FB_C6AH2,2026-07-22 10:00:00,25.305,121.5364,0.2,,,3.8,6.4,,255,1010.4,28.3,0.36
Vector_CWB_FB_C6AH2,2026-07-22 11:00:00,25.305,121.5364,0.4,,,3.4,7.1,,261,1010.4,27.8,0.61
Vector_CWB_FB_C6AH2,2026-07-22 12:00:00,25.305,121.5364,0.4,,,3.6,6.1,,263,1010,27.9,0.9
Vector_CWB_FB_C6AH2,2026-07-22 13:00:00,25.305,121.5364,0.4,,,3.7,5.6,,264,1009.7,28,0.18
Vector_CWB_FB_46708A,2026-07-20 00:00:00,24.8469,121.9256,0.3,,,5.1,2.4,,276,1006.5,29.8,0.73
Vector_CWB_FB_46708A,2026-07-20 01:00:00,24.8469,121.9256,0.2,,,5,1.5,,268,1006.4,29.6,0.69
Vector_CWB_FB_46708A,2026-07-20 02:00:00,24.8469,121.9256,0.2,,,5.2,2,,237,1006.3,28.9,0.49
Vector_CWB_FB_46708A,2026-07-20 03:00:00,24.8469,121.9256,0.3,,,5.3,,,,1006.5,29.3,0.4
Vector_CWB_FB_46708A,2026-07-20 04:00:00,24.8469,121.9256,0.4,,,5.4,,,,1006.6,29.2,0.19
Vector_CWB_FB_46708A,2026-07-20 05:00:00,24.8469,121.9256,0.7,,,5.6,1.2,,263,1006.5,29.1,0.17
Vector_CWB_FB_46708A,2026-07-20 06:00:00,24.8469,121.9256,0.7,,,5.1,,,,1007.2,29.2,0.06
Vector_CWB_FB_46708A,2026-07-20 07:00:00,24.8469,121.9256,0.4,,,4.6,,,,1007.3,29.2,0.33
Vector_CWB_FB_46708A,2026-07-20 08:00:00,24.8469,121.9256,0.4,,,5,,,,1007.4,29.3,0.3
Vector_CWB_FB_46708A,2026-07-20 09:00:00,24.8469,121.9256,0.3,,,5,,,,1007.4,30.2,0.61
Vector_CWB_FB_46708A,2026-07-20 10:00:00,24.8469,121.9256,0.4,,,4.8,,,,1007.5,30.4,0.25
Vector_CWB_FB_46708A,2026-07-20 11:00:00,24.8469,121.9256,0.4,,,4.8,3.2,,74,1006.9,30.1,0.32
Vector_CWB_FB_46708A,2026-07-20 12:00:00,24.8469,121.9256,0.3,,,4.8,4.3,,66,1006.6,30,0.45
Vector_CWB_FB_46708A,2026-07-20 13:00:00,24.8469,121.9256,0.3,,,5.3,4,,64,1006.5,30.1,0.62
Vector_CWB_FB_46708A,2026-07-20 14:00:00,24.8469,121.9256,0.3,,,4.9,3.8,,88,1006.2,29.7,0.54
Vector_CWB_FB_46708A,2026-07-20 15:00:00,24.8469,121.9256,0.4,,,5.4,4,,33,1006.6,29.7,0.2
Vector_CWB_FB_46708A,2026-07-20 16:00:00,24.8469,121.9256,0.4,,,4.9,3.4,,231,1006.5,29.6,0.3
Vector_CWB_FB_46708A,2026-07-20 17:00:00,24.8469,121.9256,0.4,,,4.9,3.8,,269,1006.9,29.9,0.23
Vector_CWB_FB_46708A,2026-07-20 18:00:00,24.8469,121.9256,0.3,,,5,2.7,,225,1007.3,29.6,0.29
Vector_CWB_FB_46708A,2026-07-20 19:00:00,24.8469,121.9256,0.4,,,4.6,3,,206,1007.7,28.8,0.33
Vector_CWB_FB_46708A,2026-07-20 20:00:00,24.8469,121.9256,0.5,,,4.8,3.3,,261,1008.1,28.5,0.51
Vector_CWB_FB_46708A,2026-07-20 21:00:00,24.8469,121.9256,0.3,,,4.6,3.1,,258,1008.5,28.3,0.49
Vector_CWB_FB_46708A,2026-07-20 22:00:00,24.8469,121.9256,0.2,,,4.5,1.8,,234,1009.3,,0.87
Vector_CWB_FB_46708A,2026-07-20 23:00:00,24.8469,121.9256,0.3,,,4.7,2.6,,242,1008.9,27.9,0.89
Vector_CWB_FB_46708A,2026-07-21 00:00:00,24.8469,121.9256,0.3,,,4.7,1.6,,237,1008.5,29,0.79
Vector_CWB_FB_46708A,2026-07-21 01:00:00,24.8469,121.9256,0.2,,,4.8,1.6,,210,1008.1,29,0.68
Vector_CWB_FB_46708A,2026-07-21 02:00:00,24.8469,121.9256,0.3,,,5.2,3.7,,251,1008,28.8,0.57
Vector_CWB_FB_46708A,2026-07-21 03:00:00,24.8469,121.9256,0.3,,,5,2.9,,262,1008,29,0.47
Vector_CWB_FB_46708A,2026-07-21 04:00:00,24.8469,121.9256,0.3,,,4.9,3,,246,1008.1,28.9,0.36
Vector_CWB_FB_46708A,2026-07-21 05:00:00,24.8469,121.9256,0.4,,,4.9,,,,1008.2,28.8,0.36
Vector_CWB_FB_46708A,2026-07-21 06:00:00,24.8469,121.9256,0.4,,,4.7,1.3,,102,1008.7,28.6,0.22
Vector_CWB_FB_46708A,2026-07-21 07:00:00,24.8469,121.9256,0.4,,,4.6,1.4,,190,1009.2,28.6,0.04
Vector_CWB_FB_46708A,2026-07-21 08:00:00,24.8469,121.9256,0.3,,,4.5,1.5,,183,1009.3,28.6,0.04
Vector_CWB_FB_46708A,2026-07-21 09:00:00,24.8469,121.9256,0.3,,,4.5,2.2,,246,1009.2,28.9,0.04
Vector_CWB_FB_46708A,2026-07-21 10:00:00,24.8469,121.9256,0.4,,,4.6,2.1,,163,1008.9,29,0.36
Vector_CWB_FB_46708A,2026-07-21 11:00:00,24.8469,121.9256,0.3,,,4.3,3.5,,159,1008.7,29.6,0.6
Vector_CWB_FB_46708A,2026-07-21 12:00:00,24.8469,121.9256,0.3,,,4.6,2.5,,163,1008.6,30,0.68
Vector_CWB_FB_46708A,2026-07-21 13:00:00,24.8469,121.9256,0.3,,,4.7,3.5,,163,1008.7,29.4,0.76
Vector_CWB_FB_46708A,2026-07-21 14:00:00,24.8469,121.9256,0.3,,,4.4,3.4,,172,1008.5,29.4,0.59
Vector_CWB_FB_46708A,2026-07-21 15:00:00,24.8469,121.9256,0.2,,,4.9,4.4,,190,1008.4,29.1,0.41
Vector_CWB_FB_46708A,2026-07-21 16:00:00,24.8469,121.9256,0.3,,,4.6,2.8,,200,1008.5,28.8,0.1
Vector_CWB_FB_46708A,2026-07-21 17:00:00,24.8469,121.9256,0.3,,,4.4,2.7,,216,1008.7,28.8,0.22
Vector_CWB_FB_46708A,2026-07-21 18:00:00,24.8469,121.9256,0.3,,,4.2,2.3,,196,1009.3,29,0.3
Vector_CWB_FB_46708A,2026-07-21 19:00:00,24.8469,121.9256,0.4,,,4,3.4,,158,1009.6,29.1,0.28
Vector_CWB_FB_46708A,2026-07-21 20:00:00,24.8469,121.9256,0.4,,,3.5,4.4,,161,1009.6,28.9,0.33
Vector_CWB_FB_46708A,2026-07-21 21:00:00,24.8469,121.9256,0.3,,,4,3.4,,197,1009.6,28.8,0.07
Vector_CWB_FB_46708A,2026-07-21 22:00:00,24.8469,121.9256,0.3,,,4.5,3.8,,234,1010.4,28.5,0.27
Vector_CWB_FB_46708A,2026-07-21 23:00:00,24.8469,121.9256,0.2,,,4.1,3.4,,252,1010.3,29.1,0.33
Vector_CWB_FB_46708A,2026-07-22 00:00:00,24.8469,121.9256,0.2,,,4.6,1.4,,223,1009.7,29.2,0.71
Vector_CWB_FB_46708A,2026-07-22 01:00:00,24.8469,121.9256,,,,,3.5,,242,1009.6,29.4,0.75
Vector_CWB_FB_46708A,2026-07-22 02:00:00,24.8469,121.9256,,,,,3.3,,263,1009.2,29.4,0.57
Vector_CWB_FB_46708A,2026-07-22 03:00:00,24.8469,121.9256,,,,,2.1,,255,1008.8,28.9,0.58
Vector_CWB_FB_46708A,2026-07-22 04:00:00,24.8469,121.9256,0.2,,,4.7,1.2,,172,1009.1,28.7,0.36
Vector_CWB_FB_46708A,2026-07-22 05:00:00,24.8469,121.9256,0.3,,,5,1.7,,225,1009.1,28.6,0.36
Vector_CWB_FB_46708A,2026-07-22 06:00:00,24.8469,121.9256,0.2,,,4.7,1.7,,258,1009.6,28.3,0.38
Vector_CWB_FB_46708A,2026-07-22 07:00:00,24.8469,121.9256,0.3,,,5.2,,,,1010,28.2,0.24
Vector_CWB_FB_46708A,2026-07-22 08:00:00,24.8469,121.9256,0.3,,,5,,,,1009.9,28.6,0.08
Vector_CWB_FB_46708A,2026-07-22 09:00:00,24.8469,121.9256,0.3,,,4.5,,,,1009.7,28.4,0.07
Vector_CWB_FB_46708A,2026-07-22 10:00:00,24.8469,121.9256,,,,,,,,1009.6,28.4,0.47
Vector_CWB_FB_46708A,2026-07-22 11:00:00,24.8469,121.9256,0.2,,,4.2,3.6,,88,1009.3,28.9,0.54
Vector_CWB_FB_46708A,2026-07-22 12:00:00,24.8469,121.9256,,,,,1.6,,86,1009,29.6,0.38
Vector_CWB_FB_46708A,2026-07-22 13:00:00,24.8469,121.9256,,,,,3.7,,57,1008.6,28.7,0.43
Vector_CWB_FB_C6S94,2026-07-20 00:00:00,22.0753,121.5828,0.4,,,4.9,8.8,,229,1008.3,28.4,0.26
Vector_CWB_FB_C6S94,2026-07-20 01:00:00,22.0753,121.5828,0.4,,,4.8,8.6,,238,1008,28.4,0.23
Vector_CWB_FB_C6S94,2026-07-20 02:00:00,22.0753,121.5828,0.3,,,4.7,9.1,,236,1007.6,28.5,0.3
Vector_CWB_FB_C6S94,2026-07-20 03:00:00,22.0753,121.5828,0.3,,,4.7,7.2,,238,1008.2,28.5,0.3
Vector_CWB_FB_C6S94,2026-07-20 04:00:00,22.0753,121.5828,0.3,,,5,7.3,,240,1008.3,28.5,0.32
Vector_CWB_FB_C6S94,2026-07-20 05:00:00,22.0753,121.5828,0.4,,,4.8,7.5,,245,1008,28.5,0.32
Vector_CWB_FB_C6S94,2026-07-20 06:00:00,22.0753,121.5828,0.4,,,5,8.5,,243,1007.6,28.5,0.38
Vector_CWB_FB_C6S94,2026-07-20 07:00:00,22.0753,121.5828,0.4,,,4.9,8.2,,238,1008.1,28.5,0.34
Vector_CWB_FB_C6S94,2026-07-20 08:00:00,22.0753,121.5828,0.4,,,4.6,6.7,,229,1008.8,28.5,0.26
Vector_CWB_FB_C6S94,2026-07-20 09:00:00,22.0753,121.5828,0.4,,,5,7.9,,236,1008.6,28.6,0.22
Vector_CWB_FB_C6S94,2026-07-20 10:00:00,22.0753,121.5828,0.4,,,5,7.2,,231,1008.9,28.6,0.2
Vector_CWB_FB_C6S94,2026-07-20 11:00:00,22.0753,121.5828,0.4,,,4.9,7,,227,1008.6,28.6,0.09
Vector_CWB_FB_C6S94,2026-07-20 12:00:00,22.0753,121.5828,0.4,,,4.9,6.2,,228,1008.3,28.7,0.07
Vector_CWB_FB_C6S94,2026-07-20 13:00:00,22.0753,121.5828,0.4,,,4.6,6.8,,224,1008,28.7,0.15
Vector_CWB_FB_C6S94,2026-07-20 14:00:00,22.0753,121.5828,0.3,,,4.8,6.9,,223,1007.9,28.8,0.14
Vector_CWB_FB_C6S94,2026-07-20 15:00:00,22.0753,121.5828,0.3,,,5,7,,228,1007.1,28.7,0.17
Vector_CWB_FB_C6S94,2026-07-20 16:00:00,22.0753,121.5828,0.3,,,4.9,8.3,,234,1007.1,28.7,0.19
Vector_CWB_FB_C6S94,2026-07-20 17:00:00,22.0753,121.5828,0.3,,,4.7,4.9,,256,1007.4,28.7,0.23
Vector_CWB_FB_C6S94,2026-07-20 18:00:00,22.0753,121.5828,0.3,,,4.8,,,,1007.6,28.7,0.25
Vector_CWB_FB_C6S94,2026-07-20 19:00:00,22.0753,121.5828,0.3,,,4.7,5.2,,229,1008.1,28.7,0.24
Vector_CWB_FB_C6S94,2026-07-20 20:00:00,22.0753,121.5828,0.4,,,5.4,6.9,,218,1008.5,28.6,0.12
Vector_CWB_FB_C6S94,2026-07-20 21:00:00,22.0753,121.5828,0.4,,,4.8,6.7,,231,1009.4,28.6,0.1
Vector_CWB_FB_C6S94,2026-07-20 22:00:00,22.0753,121.5828,0.4,,,4.7,4.8,,239,1010.1,28.5,0.13
Vector_CWB_FB_C6S94,2026-07-20 23:00:00,22.0753,121.5828,0.3,,,4.1,1.5,,249,1010.6,28.5,0.2
Vector_CWB_FB_C6S94,2026-07-21 00:00:00,22.0753,121.5828,0.3,,,4.2,,,,1010.2,28.6,0.21
Vector_CWB_FB_C6S94,2026-07-21 01:00:00,22.0753,121.5828,0.4,,,4.6,2.3,,222,1009.7,28.5,0.25
Vector_CWB_FB_C6S94,2026-07-21 02:00:00,22.0753,121.5828,0.3,,,4.4,3.6,,219,1009.4,28.6,0.36
Vector_CWB_FB_C6S94,2026-07-21 03:00:00,22.0753,121.5828,0.3,,,5,3.4,,237,1009.7,28.7,0.4
Vector_CWB_FB_C6S94,2026-07-21 04:00:00,22.0753,121.5828,0.3,,,4.8,3.3,,221,1009.7,28.6,0.39
Vector_CWB_FB_C6S94,2026-07-21 05:00:00,22.0753,121.5828,0.3,,,5,,,,1009.9,28.7,0.52
Vector_CWB_FB_C6S94,2026-07-21 06:00:00,22.0753,121.5828,0.2,,,4.5,3.6,,226,1010.6,28.7,0.46
Vector_CWB_FB_C6S94,2026-07-21 07:00:00,22.0753,121.5828,0.3,,,5.2,3.5,,227,1010.6,28.6,0.33
Vector_CWB_FB_C6S94,2026-07-21 08:00:00,22.0753,121.5828,0.3,,,5.4,4.4,,231,1010.6,28.6,0.28
Vector_CWB_FB_C6S94,2026-07-21 09:00:00,22.0753,121.5828,0.3,,,5.1,5.5,,240,1010.1,28.6,0.21
Vector_CWB_FB_C6S94,2026-07-21 10:00:00,22.0753,121.5828,0.3,,,5,5.5,,231,1009.7,28.7,0.14
Vector_CWB_FB_C6S94,2026-07-21 11:00:00,22.0753,121.5828,0.3,,,5,5.4,,238,1009.6,28.7,0.34
Vector_CWB_FB_C6S94,2026-07-21 12:00:00,22.0753,121.5828,0.3,,,4,5.4,,224,1009.4,28.8,0.34
Vector_CWB_FB_C6S94,2026-07-21 13:00:00,22.0753,121.5828,0.4,,,5,6.2,,234,1008.9,28.8,0.15
Vector_CWB_FB_C6S94,2026-07-21 14:00:00,22.0753,121.5828,0.3,,,5.2,6.6,,230,1008.8,28.9,0.14
Vector_CWB_FB_C6S94,2026-07-21 15:00:00,22.0753,121.5828,0.3,,,4.4,7.7,,216,1008.2,28.8,0.14
Vector_CWB_FB_C6S94,2026-07-21 16:00:00,22.0753,121.5828,0.3,,,4.8,8.4,,218,1007.5,28.7,0.1
Vector_CWB_FB_C6S94,2026-07-21 17:00:00,22.0753,121.5828,0.3,,,5.3,7.6,,227,1008.3,28.7,0.02
Vector_CWB_FB_C6S94,2026-07-21 18:00:00,22.0753,121.5828,0.3,,,5.4,8.8,,237,1008.5,28.7,0.14
Vector_CWB_FB_C6S94,2026-07-21 19:00:00,22.0753,121.5828,0.3,,,5.7,6.1,,229,1009,28.6,0.26
Vector_CWB_FB_C6S94,2026-07-21 20:00:00,22.0753,121.5828,0.3,,,4.6,6.3,,241,1009.4,28.5,0.15
Vector_CWB_FB_C6S94,2026-07-21 21:00:00,22.0753,121.5828,0.4,,,4.7,4.4,,260,1010.2,28.5,0.09
Vector_CWB_FB_C6S94,2026-07-21 22:00:00,22.0753,121.5828,0.4,,,5,3.9,,256,1010.6,28.5,0.06
Vector_CWB_FB_C6S94,2026-07-21 23:00:00,22.0753,121.5828,0.4,,,4.8,2.5,,254,1010.4,28.5,0.11
Vector_CWB_FB_C6S94,2026-07-22 00:00:00,22.0753,121.5828,0.4,,,4.3,2.9,,251,1010.3,28.5,0.19
Vector_CWB_FB_C6S94,2026-07-22 01:00:00,22.0753,121.5828,0.4,,,4.9,2.1,,267,1010,28.6,0.27
Vector_CWB_FB_C6S94,2026-07-22 02:00:00,22.0753,121.5828,0.3,,,4.2,1.1,,232,1009.8,28.5,0.31
Vector_CWB_FB_C6S94,2026-07-22 03:00:00,22.0753,121.5828,0.4,,,4.7,1.7,,274,1009.7,28.5,0.32
Vector_CWB_FB_C6S94,2026-07-22 04:00:00,22.0753,121.5828,0.4,,,4.9,1.3,,262,1009.5,28.4,0.33
Vector_CWB_FB_C6S94,2026-07-22 05:00:00,22.0753,121.5828,0.3,,,4.5,,,,1009.9,28.5,0.32
Vector_CWB_FB_C6S94,2026-07-22 06:00:00,22.0753,121.5828,0.4,,,5,1.7,,194,1010.3,28.5,0.28
Vector_CWB_FB_C6S94,2026-07-22 07:00:00,22.0753,121.5828,0.4,,,4.8,,,,1010.7,28.5,0.26
Vector_CWB_FB_C6S94,2026-07-22 08:00:00,22.0753,121.5828,0.3,,,4.7,2.6,,205,1010.8,28.5,0.17
Vector_CWB_FB_C6S94,2026-07-22 09:00:00,22.0753,121.5828,0.3,,,4.4,3.8,,192,1010.4,28.8,0.14
Vector_CWB_FB_C6S94,2026-07-22 10:00:00,22.0753,121.5828,0.3,,,4.9,3.2,,224,1010.1,28.8,0.11
Vector_CWB_FB_C6S94,2026-07-22 11:00:00,22.0753,121.5828,0.3,,,5.4,3.2,,206,1009.8,29,0.34
Vector_CWB_FB_C6S94,2026-07-22 12:00:00,22.0753,121.5828,0.3,,,4.8,3.3,,209,1009.5,29.1,0.15
Vector_CWB_FB_C6S94,2026-07-22 13:00:00,22.0753,121.5828,0.3,,,5.3,5.8,,199,1009.3,29,0.11
Vector_CWB_FB_C6B01,2026-07-20 00:00:00,25.6049,122.0588,0.6,,,4.7,,,,1007.2,28.1,
Vector_CWB_FB_C6B01,2026-07-20 01:00:00,25.6049,122.0588,0.5,,,4.9,,,,1007.2,27.7,
Vector_CWB_FB_C6B01,2026-07-20 03:00:00,25.6049,122.0588,0.7,,,5.6,,,,1007.4,28.1,0.97
Vector_CWB_FB_C6B01,2026-07-20 04:00:00,25.6049,122.0588,0.7,,,5.3,,,,1007.6,26.8,1.21
Vector_CWB_FB_C6B01,2026-07-20 06:00:00,25.6049,122.0588,1.6,,,4.8,,,,1007.8,28,
Vector_CWB_FB_C6B01,2026-07-20 07:00:00,25.6049,122.0588,1.7,,,5.1,,,,1007.8,28.2,0.85
Vector_CWB_FB_C6B01,2026-07-20 09:00:00,25.6049,122.0588,1.4,,,5.2,,,,1007.2,27.1,0.57
Vector_CWB_FB_C6B01,2026-07-20 10:00:00,25.6049,122.0588,1.2,,,5.1,3.5,,223,1008,27.9,0.14
Vector_CWB_FB_C6B01,2026-07-20 11:00:00,25.6049,122.0588,0.8,,,5,2.5,,229,1007.8,28.3,0.5
Vector_CWB_FB_C6B01,2026-07-20 12:00:00,25.6049,122.0588,0.8,,,4.8,1.9,,231,1007.5,28,
Vector_CWB_FB_C6B01,2026-07-20 13:00:00,25.6049,122.0588,0.6,,,5.2,2.7,,254,1007.2,29.2,
Vector_CWB_FB_C6B01,2026-07-20 14:00:00,25.6049,122.0588,0.7,,,5,5,,249,1006.9,29.6,0.43
Vector_CWB_FB_C6B01,2026-07-20 15:00:00,25.6049,122.0588,1.2,,,5,4.1,,247,1006.4,29.6,
Vector_CWB_FB_C6B01,2026-07-20 16:00:00,25.6049,122.0588,1,,,4.8,3.4,,198,1006.3,29.1,0.45
Vector_CWB_FB_C6B01,2026-07-20 17:00:00,25.6049,122.0588,1,,,5.1,2.2,,202,1006.5,29.3,0.52
Vector_CWB_FB_C6B01,2026-07-20 18:00:00,25.6049,122.0588,0.7,,,4.7,2.1,,220,1007.2,28.3,0.32
Vector_CWB_FB_C6B01,2026-07-20 19:00:00,25.6049,122.0588,0.7,,,4.8,3.2,,243,1007.9,29.2,0.61
Vector_CWB_FB_C6B01,2026-07-20 20:00:00,25.6049,122.0588,0.7,,,4.7,1.8,,236,1008.1,27.9,0.14
Vector_CWB_FB_C6B01,2026-07-20 21:00:00,25.6049,122.0588,0.8,,,5,2.9,,271,1008.5,28.2,0.29
Vector_CWB_FB_C6B01,2026-07-20 22:00:00,25.6049,122.0588,0.7,,,4.8,1.5,,277,1008.8,28.3,0.13
Vector_CWB_FB_C6B01,2026-07-20 23:00:00,25.6049,122.0588,0.6,,,4.7,1.1,,275,1008.8,28.6,0.37
Vector_CWB_FB_C6B01,2026-07-21 00:00:00,25.6049,122.0588,0.5,,,4.8,1.3,,158,1008.3,28.6,0.58
Vector_CWB_FB_C6B01,2026-07-21 01:00:00,25.6049,122.0588,0.5,,,4.8,1.1,,175,1008,28.7,0.39
Vector_CWB_FB_C6B01,2026-07-21 02:00:00,25.6049,122.0588,0.6,,,5.3,2,,176,1007.9,28.6,0.28
Vector_CWB_FB_C6B01,2026-07-21 03:00:00,25.6049,122.0588,0.6,,,5.3,2.6,,178,1007.8,28.6,0.53
Vector_CWB_FB_C6B01,2026-07-21 04:00:00,25.6049,122.0588,0.5,,,5,1.8,,236,1008.2,28.6,0.81
Vector_CWB_FB_C6B01,2026-07-21 05:00:00,25.6049,122.0588,0.6,,,5.4,2.5,,255,1008.4,28.7,0.92
Vector_CWB_FB_C6B01,2026-07-21 06:00:00,25.6049,122.0588,0.5,,,5.1,2.8,,282,1008.9,28.6,0.61
Vector_CWB_FB_C6B01,2026-07-21 07:00:00,25.6049,122.0588,0.6,,,4.9,5.3,,287,1009.3,27.5,0.1
Vector_CWB_FB_C6B01,2026-07-21 08:00:00,25.6049,122.0588,0.6,,,4.5,7.3,,281,1009.3,27.5,0.2
Vector_CWB_FB_C6B01,2026-07-21 09:00:00,25.6049,122.0588,0.8,,,4.4,6.9,,279,1009.3,27.9,0.06
Vector_CWB_FB_C6B01,2026-07-21 10:00:00,25.6049,122.0588,0.9,,,4.5,7,,283,1009,28.4,0.39
Vector_CWB_FB_C6B01,2026-07-21 11:00:00,25.6049,122.0588,0.8,,,4.6,6.6,,278,1008.7,28.6,0.34
Vector_CWB_FB_C6B01,2026-07-21 12:00:00,25.6049,122.0588,0.7,,,4.8,6.7,,283,1008.4,28.6,0.65
Vector_CWB_FB_C6B01,2026-07-21 13:00:00,25.6049,122.0588,0.9,,,5,6,,292,1008.3,28.5,0.51
Vector_CWB_FB_C6B01,2026-07-21 14:00:00,25.6049,122.0588,0.8,,,4.7,6,,283,1008,29.2,0.21
Vector_CWB_FB_C6B01,2026-07-21 15:00:00,25.6049,122.0588,0.8,,,4.7,5.3,,280,1007.7,29.2,0.12
Vector_CWB_FB_C6B01,2026-07-21 16:00:00,25.6049,122.0588,0.9,,,4.5,5.4,,230,1008.1,29.2,0.03
Vector_CWB_FB_C6B01,2026-07-21 17:00:00,25.6049,122.0588,0.8,,,4.5,5.2,,214,1008.2,29.1,0.25
Vector_CWB_FB_C6B01,2026-07-21 18:00:00,25.6049,122.0588,0.7,,,4.3,7.1,,200,1008.2,29.1,0.42
Vector_CWB_FB_C6B01,2026-07-21 19:00:00,25.6049,122.0588,0.7,,,4.1,6.3,,202,1009.2,29.5,0.6
Vector_CWB_FB_C6B01,2026-07-21 20:00:00,25.6049,122.0588,0.7,,,4.2,5.9,,203,1009.5,29,0.32
Vector_CWB_FB_C6B01,2026-07-21 21:00:00,25.6049,122.0588,,,,,5.8,,183,1009.6,28.6,0.26
Vector_CWB_FB_C6B01,2026-07-21 22:00:00,25.6049,122.0588,0.7,,,4.3,5.3,,174,1009.8,28.7,0.39
Vector_CWB_FB_C6B01,2026-07-21 23:00:00,25.6049,122.0588,0.6,,,4.1,5.9,,186,1009.8,28.4,0.27
Vector_CWB_FB_C6B01,2026-07-22 00:00:00,25.6049,122.0588,0.7,,,4.2,5.4,,184,1009.3,28.7,0.3
Vector_CWB_FB_C6B01,2026-07-22 01:00:00,25.6049,122.0588,0.6,,,3.9,5.1,,184,1009.2,28.8,0.34
Vector_CWB_FB_C6B01,2026-07-22 02:00:00,25.6049,122.0588,0.5,,,3.8,5.9,,183,1008.8,28.7,0.42
Vector_CWB_FB_C6B01,2026-07-22 03:00:00,25.6049,122.0588,0.5,,,3.8,5.5,,185,1008.7,28.7,0.25
Vector_CWB_FB_C6B01,2026-07-22 04:00:00,25.6049,122.0588,0.5,,,3.6,5.8,,180,1008.9,28.5,0.37
Vector_CWB_FB_C6B01,2026-07-22 05:00:00,25.6049,122.0588,0.5,,,3.8,6,,200,1008.7,28.5,0.43
Vector_CWB_FB_C6B01,2026-07-22 06:00:00,25.6049,122.0588,0.4,,,4.5,3,,232,1009.4,28.4,0.45
Vector_CWB_FB_C6B01,2026-07-22 07:00:00,25.6049,122.0588,0.4,,,4.4,2.4,,262,1009.8,28.7,0.38
Vector_CWB_FB_C6B01,2026-07-22 08:00:00,25.6049,122.0588,0.4,,,4.4,2.9,,280,1010.2,28.6,0.27
Vector_CWB_FB_C6B01,2026-07-22 09:00:00,25.6049,122.0588,0.4,,,4.5,4,,271,1010,28.7,0.1
Vector_CWB_FB_C6B01,2026-07-22 10:00:00,25.6049,122.0588,0.5,,,4.2,2.7,,278,1009.8,28.8,0.19
Vector_CWB_FB_C6B01,2026-07-22 11:00:00,25.6049,122.0588,0.5,,,4.5,2.7,,279,1009.8,28.7,0.65
Vector_CWB_FB_C6B01,2026-07-22 12:00:00,25.6049,122.0588,0.4,,,4.3,3.8,,286,1009.5,29,0.66
Vector_CWB_FB_C6B01,2026-07-22 13:00:00,25.6049,122.0588,0.3,,,4.2,3.9,,290,1009,29.3,0.72
Vector_CWB_FB_C6F01,2026-07-20 00:00:00,24.2111,120.4094,1,,,3.7,9.7,,207,1007.5,28.4,0.43
Vector_CWB_FB_C6F01,2026-07-20 01:00:00,24.2111,120.4094,1,,,3.8,8.5,,211,1007.5,28.4,0.27
Vector_CWB_FB_C6F01,2026-07-20 02:00:00,24.2111,120.4094,0.9,,,3.7,6.7,,193,1007.9,28.4,0.26
Vector_CWB_FB_C6F01,2026-07-20 03:00:00,24.2111,120.4094,0.8,,,3.7,6.1,,179,1008,28.4,0.26
Vector_CWB_FB_C6F01,2026-07-20 04:00:00,24.2111,120.4094,0.7,,,4.1,6.9,,184,1007.5,28.4,0.36
Vector_CWB_FB_C6F01,2026-07-20 05:00:00,24.2111,120.4094,0.6,,,3.7,6.3,,172,1007.3,28.5,0.28
Vector_CWB_FB_C6F01,2026-07-20 06:00:00,24.2111,120.4094,0.5,,,3.8,5.6,,178,1007.8,28.5,0.39
Vector_CWB_FB_C6F01,2026-07-20 07:00:00,24.2111,120.4094,0.6,,,4.2,4.5,,175,1008.2,28.5,0.44
Vector_CWB_FB_C6F01,2026-07-20 08:00:00,24.2111,120.4094,0.5,,,4.2,4.9,,189,1008.6,28.4,0.42
Vector_CWB_FB_C6F01,2026-07-20 09:00:00,24.2111,120.4094,0.7,,,3.8,11.7,,269,1009.7,28.4,
Vector_CWB_FB_C6F01,2026-07-20 10:00:00,24.2111,120.4094,0.8,,,3.8,5.5,,256,1009.5,28.5,0.72
Vector_CWB_FB_C6F01,2026-07-20 11:00:00,24.2111,120.4094,0.8,,,3.8,2.8,,212,1009.1,28.6,0.73
Vector_CWB_FB_C6F01,2026-07-20 12:00:00,24.2111,120.4094,0.8,,,3.9,4.2,,204,1008.1,28.9,0.61
Vector_CWB_FB_C6F01,2026-07-20 13:00:00,24.2111,120.4094,0.7,,,3.7,5.7,,223,1007.7,28.7,0.57
Vector_CWB_FB_C6F01,2026-07-20 14:00:00,24.2111,120.4094,0.6,,,3.8,6,,223,1007.4,28.8,0.58
Vector_CWB_FB_C6F01,2026-07-20 15:00:00,24.2111,120.4094,0.6,,,4,4.8,,237,1006.9,29,0.55
Vector_CWB_FB_C6F01,2026-07-20 16:00:00,24.2111,120.4094,0.4,,,4,5.9,,259,1006.5,28.9,0.5
Vector_CWB_FB_C6F01,2026-07-20 17:00:00,24.2111,120.4094,0.4,,,3.5,6.7,,255,1006.8,28.7,0.49
Vector_CWB_FB_C6F01,2026-07-20 18:00:00,24.2111,120.4094,0.5,,,3.5,6.3,,255,1007.3,28.6,
Vector_CWB_FB_C6F01,2026-07-20 19:00:00,24.2111,120.4094,0.5,,,3.5,5.2,,246,1007.9,28.6,0.43
Vector_CWB_FB_C6F01,2026-07-20 20:00:00,24.2111,120.4094,0.5,,,3.7,5.8,,231,1008.2,28.5,0.44
Vector_CWB_FB_C6F01,2026-07-20 21:00:00,24.2111,120.4094,0.4,,,3.7,5.4,,209,1008.6,28.5,0.61
Vector_CWB_FB_C6F01,2026-07-20 22:00:00,24.2111,120.4094,0.4,,,3.7,4.2,,197,1009.1,28.5,0.71
Vector_CWB_FB_C6F01,2026-07-20 23:00:00,24.2111,120.4094,0.5,,,3.6,5.6,,195,1008.7,28.4,0.71
Vector_CWB_FB_C6F01,2026-07-21 00:00:00,24.2111,120.4094,0.6,,,3.5,4.4,,197,1008.8,28.4,0.51
Vector_CWB_FB_C6F01,2026-07-21 01:00:00,24.2111,120.4094,0.6,,,3.6,4.6,,206,1008.6,28.3,0.54
Vector_CWB_FB_C6F01,2026-07-21 02:00:00,24.2111,120.4094,0.6,,,3.5,4.7,,195,1008.5,28.2,0.35
Vector_CWB_FB_C6F01,2026-07-21 03:00:00,24.2111,120.4094,0.5,,,3.8,4.8,,196,1008.8,28.4,0.52
Vector_CWB_FB_C6F01,2026-07-21 04:00:00,24.2111,120.4094,0.5,,,3.8,5.1,,188,1009,28.5,0.5
Vector_CWB_FB_C6F01,2026-07-21 05:00:00,24.2111,120.4094,0.4,,,3.7,5.3,,179,1009,28.5,
Vector_CWB_FB_C6F01,2026-07-21 06:00:00,24.2111,120.4094,0.4,,,4,4,,177,1009.8,28.5,0.4
Vector_CWB_FB_C6F01,2026-07-21 07:00:00,24.2111,120.4094,0.5,,,4,3.2,,168,1010.5,28.5,0.36
Vector_CWB_FB_C6F01,2026-07-21 08:00:00,24.2111,120.4094,0.4,,,3.9,4.6,,197,1010.7,28.8,0.41
Vector_CWB_FB_C6F01,2026-07-21 09:00:00,24.2111,120.4094,0.4,,,4.1,4.8,,218,1010.6,29.1,0.42
Vector_CWB_FB_C6F01,2026-07-21 10:00:00,24.2111,120.4094,0.3,,,3.8,5.3,,224,1010.4,29.3,0.58
Vector_CWB_FB_C6F01,2026-07-21 11:00:00,24.2111,120.4094,0.3,,,4,4.3,,244,1009.6,29.1,0.67
Vector_CWB_FB_C6F01,2026-07-21 12:00:00,24.2111,120.4094,0.3,,,3.8,4.8,,256,1009.3,29.2,0.77
Vector_CWB_FB_C6F01,2026-07-21 13:00:00,24.2111,120.4094,0.3,,,3.4,6.4,,265,1008.9,29,0.56
Vector_CWB_FB_C6F01,2026-07-21 14:00:00,24.2111,120.4094,0.4,,,3.7,6.7,,261,1008.1,28.6,
Vector_CWB_FB_C6F01,2026-07-21 15:00:00,24.2111,120.4094,0.4,,,3.5,7,,265,1007.4,29.3,0.5
Vector_CWB_FB_C6F01,2026-07-21 16:00:00,24.2111,120.4094,0.4,,,3.6,6,,258,1007.9,29.3,0.52
Vector_CWB_FB_C6F01,2026-07-21 17:00:00,24.2111,120.4094,0.4,,,3.4,3.6,,239,1008.9,29.1,0.41
Vector_CWB_FB_C6F01,2026-07-21 18:00:00,24.2111,120.4094,0.5,,,4,2.8,,205,1009,29.1,0.42
Vector_CWB_FB_C6F01,2026-07-21 19:00:00,24.2111,120.4094,0.4,,,3.9,4.4,,166,1009.2,29.1,0.41
Vector_CWB_FB_C6F01,2026-07-21 20:00:00,24.2111,120.4094,0.3,,,4,5.2,,177,1008.9,28.8,0.4
Vector_CWB_FB_C6F01,2026-07-21 21:00:00,24.2111,120.4094,0.3,,,4,2.4,,167,1009.7,29.1,0.39
Vector_CWB_FB_C6F01,2026-07-21 22:00:00,24.2111,120.4094,0.3,,,3.9,2.2,,168,1010.3,29,0.43
Vector_CWB_FB_C6F01,2026-07-21 23:00:00,24.2111,120.4094,0.2,,,4,3.2,,144,1010.5,28.6,
Vector_CWB_FB_C6F01,2026-07-22 00:00:00,24.2111,120.4094,0.2,,,4,4.3,,159,1010.3,28.6,0.58
Vector_CWB_FB_C6F01,2026-07-22 01:00:00,24.2111,120.4094,0.3,,,4.4,3.8,,165,1009.6,28.7,0.57
Vector_CWB_FB_C6F01,2026-07-22 02:00:00,24.2111,120.4094,0.3,,,4.1,3.5,,184,1009.3,28.6,0.56
Vector_CWB_FB_C6F01,2026-07-22 03:00:00,24.2111,120.4094,0.3,,,4,3.8,,177,1009,28.3,0.37
Vector_CWB_FB_C6F01,2026-07-22 04:00:00,24.2111,120.4094,0.3,,,4.3,3.4,,200,1009.2,28.3,0.31
Vector_CWB_FB_C6F01,2026-07-22 05:00:00,24.2111,120.4094,0.3,,,4.3,4.4,,190,1009.5,28.3,0.22
Vector_CWB_FB_C6F01,2026-07-22 06:00:00,24.2111,120.4094,0.3,,,4.8,4.5,,155,1010,28.5,0.28
Vector_CWB_FB_C6F01,2026-07-22 07:00:00,24.2111,120.4094,0.3,,,4.4,4,,162,1010.6,28.4,0.26
Vector_CWB_FB_C6F01,2026-07-22 08:00:00,24.2111,120.4094,0.3,,,4.1,3.4,,161,1010.7,28.7,0.31
Vector_CWB_FB_C6F01,2026-07-22 09:00:00,24.2111,120.4094,0.4,,,4.2,2.9,,212,1010.7,29.1,0.35
Vector_CWB_FB_C6F01,2026-07-22 10:00:00,24.2111,120.4094,0.3,,,4.3,3.7,,233,1010.4,29.4,0.39
Vector_CWB_FB_C6F01,2026-07-22 11:00:00,24.2111,120.4094,0.3,,,4.1,3.8,,247,1010.5,29.7,0.51
Vector_CWB_FB_C6F01,2026-07-22 12:00:00,24.2111,120.4094,0.3,,,4.2,3.8,,263,1010,29.3,0.5
Vector_CWB_FB_C6F01,2026-07-22 13:00:00,24.2111,120.4094,0.3,,,4,4.2,,267,1009.4,29,
Vector_IHMT_FB_TP,2026-07-20 00:00:00,25.165925,121.3503083,0.7,,5.6,,,,,,,0.66
Vector_IHMT_FB_TP,2026-07-20 01:00:00,25.165925,121.3503083,0.8,,5.6,,,,,,,0.25
Vector_IHMT_FB_TP,2026-07-20 02:00:00,25.165925,121.3503083,1.1,,6,,,,,,,0.08
Vector_IHMT_FB_TP,2026-07-20 03:00:00,25.165925,121.3503083,1.3,,-100,,,,,,,-1
Vector_IHMT_FB_TP,2026-07-20 04:00:00,25.165925,121.3503083,1.1,,4.7,,,,,,,0.58
Vector_IHMT_FB_TP,2026-07-20 05:00:00,25.165925,121.3503083,0.8,,6.4,,,,,,,0.82
Vector_IHMT_FB_TP,2026-07-20 06:00:00,25.165925,121.3503083,0.8,,5.7,,,,,,,0.8
Vector_IHMT_FB_TP,2026-07-20 07:00:00,25.165925,121.3503083,0.9,,6,,,,,,,0.57
Vector_IHMT_FB_TP,2026-07-20 08:00:00,25.165925,121.3503083,1.1,,5.6,,,,,,,0.07
Vector_IHMT_FB_TP,2026-07-20 09:00:00,25.165925,121.3503083,0.8,,5.1,,,,,,,0.1
Vector_IHMT_FB_TP,2026-07-20 10:00:00,25.165925,121.3503083,0.7,,4.8,,,,,,,0.31
Vector_IHMT_FB_TP,2026-07-20 11:00:00,25.165925,121.3503083,1.2,,5.5,,,,,,,0.55
Vector_IHMT_FB_TP,2026-07-20 12:00:00,25.165925,121.3503083,1.3,,5.8,,,,,,,0.65
Vector_IHMT_FB_TP,2026-07-20 13:00:00,25.165925,121.3503083,1.2,,5.5,,,,,,,0.45
Vector_IHMT_FB_TP,2026-07-20 14:00:00,25.165925,121.3503083,1.3,,5.6,,,,,,,0.12
Vector_IHMT_FB_TP,2026-07-20 15:00:00,25.165925,121.3503083,1.2,,5.6,,,,,,,0.27
Vector_IHMT_FB_TP,2026-07-20 16:00:00,25.165925,121.3503083,1,,4.8,,,,,,,0.56
Vector_IHMT_FB_TP,2026-07-20 17:00:00,25.165925,121.3503083,0.9,,4,,,,,,,0.72
Vector_IHMT_FB_TP,2026-07-20 18:00:00,25.165925,121.3503083,0.7,,5,,,,,,,0.79
Vector_IHMT_FB_TP,2026-07-20 19:00:00,25.165925,121.3503083,0.7,,5,,,,,,,0.62
Vector_IHMT_FB_TP,2026-07-20 20:00:00,25.165925,121.3503083,0.7,,4.8,,,,,,,0.33
Vector_IHMT_FB_TP,2026-07-20 21:00:00,25.165925,121.3503083,0.6,,5.1,,,,,,,0.1
Vector_IHMT_FB_TP,2026-07-20 22:00:00,25.165925,121.3503083,0.5,,5.2,,,,,,,0.38
Vector_IHMT_FB_TP,2026-07-20 23:00:00,25.165925,121.3503083,0.6,,5.3,,,,,,,0.59
Vector_IHMT_FB_TP,2026-07-21 00:00:00,25.165925,121.3503083,0.6,,5.6,,,,,,,0.84
Vector_IHMT_FB_TP,2026-07-21 01:00:00,25.165925,121.3503083,0.5,,-100,,,,,,,-1
Vector_IHMT_FB_TP,2026-07-21 02:00:00,25.165925,121.3503083,0.5,,5.1,,,,,,,0.22
Vector_IHMT_FB_TP,2026-07-21 03:00:00,25.165925,121.3503083,0.5,,4.9,,,,,,,0.11
Vector_IHMT_FB_TP,2026-07-21 04:00:00,25.165925,121.3503083,0.5,,4.6,,,,,,,0.46
Vector_IHMT_FB_TP,2026-07-21 05:00:00,25.165925,121.3503083,0.5,,4.4,,,,,,,0.5
Vector_IHMT_FB_TP,2026-07-21 06:00:00,25.165925,121.3503083,0.4,,3.9,,,,,,,0.68
Vector_IHMT_FB_TP,2026-07-21 07:00:00,25.165925,121.3503083,0.3,,4.4,,,,,,,0.63
Vector_IHMT_FB_TP,2026-07-21 08:00:00,25.165925,121.3503083,0.4,,4.7,,,,,,,0.41
Vector_IHMT_FB_TP,2026-07-21 09:00:00,25.165925,121.3503083,0.5,,3.9,,,,,,,0.06
Vector_IHMT_FB_TP,2026-07-21 10:00:00,25.165925,121.3503083,0.7,,-100,,,,,,,-1
Vector_IHMT_FB_TP,2026-07-21 11:00:00,25.165925,121.3503083,0.9,,4.1,,,,,,,0.32
Vector_IHMT_FB_TP,2026-07-21 12:00:00,25.165925,121.3503083,0.9,,4.1,,,,,,,0.45
Vector_IHMT_FB_TP,2026-07-21 13:00:00,25.165925,121.3503083,0.8,,4.7,,,,,,,0.62
Vector_IHMT_FB_TP,2026-07-21 14:00:00,25.165925,121.3503083,1,,4.6,,,,,,,0.39
Vector_IHMT_FB_TP,2026-07-21 15:00:00,25.165925,121.3503083,1,,4.7,,,,,,,0.13
Vector_IHMT_FB_TP,2026-07-21 16:00:00,25.165925,121.3503083,0.7,,4.2,,,,,,,0.14
Vector_IHMT_FB_TP,2026-07-21 17:00:00,25.165925,121.3503083,0.7,,4,,,,,,,0.34
Vector_IHMT_FB_TP,2026-07-21 18:00:00,25.165925,121.3503083,0.5,,-100,,,,,,,-1
Vector_IHMT_FB_TP,2026-07-21 19:00:00,25.165925,121.3503083,0.4,,3.7,,,,,,,0.55
Vector_IHMT_FB_TP,2026-07-21 20:00:00,25.165925,121.3503083,0.3,,3.7,,,,,,,0.51
Vector_IHMT_FB_TP,2026-07-21 21:00:00,25.165925,121.3503083,0.4,,3.7,,,,,,,0.13
Vector_IHMT_FB_TP,2026-07-21 22:00:00,25.165925,121.3503083,0.3,,3.8,,,,,,,0.07
Vector_IHMT_FB_TP,2026-07-21 23:00:00,25.165925,121.3503083,0.3,,3.7,,,,,,,0.22
Vector_IHMT_FB_TP,2026-07-22 00:00:00,25.165925,121.3503083,0.3,,4.2,,,,,,,0.41
Vector_IHMT_FB_TP,2026-07-22 01:00:00,25.165925,121.3503083,0.2,,4.1,,,,,,,0.5
Vector_IHMT_FB_TP,2026-07-22 02:00:00,25.165925,121.3503083,0.3,,3.9,,,,,,,0.42
Vector_IHMT_FB_TP,2026-07-22 03:00:00,25.165925,121.3503083,0.2,,-100,,,,,,,-1
Vector_IHMT_FB_TP,2026-07-22 04:00:00,25.165925,121.3503083,0.2,,3.7,,,,,,,0.05
Vector_IHMT_FB_TP,2026-07-22 05:00:00,25.165925,121.3503083,0.2,,6.5,,,,,,,0.37
Vector_IHMT_FB_TP,2026-07-22 06:00:00,25.165925,121.3503083,0.2,,7.2,,,,,,,0.55
Vector_IHMT_FB_TP,2026-07-22 07:00:00,25.165925,121.3503083,0.2,,6.9,,,,,,,0.59
Vector_IHMT_FB_TP,2026-07-22 08:00:00,25.165925,121.3503083,0.2,,5.9,,,,,,,0.58
Vector_IHMT_FB_TP,2026-07-22 09:00:00,25.165925,121.3503083,0.3,,3.3,,,,,,,0.25
Vector_IHMT_FB_TP,2026-07-22 10:00:00,25.165925,121.3503083,0.3,,2.8,,,,,,,0.19
Vector_IHMT_FB_TP,2026-07-22 11:00:00,25.165925,121.3503083,0.5,,3,,,,,,,0.12
Vector_IHMT_FB_TP,2026-07-22 12:00:00,25.165925,121.3503083,0.6,,3.6,,,,,,,0.33
Vector_IHMT_FB_TP,2026-07-22 13:00:00,25.165925,121.3503083,0.7,,4,,,,,,,0.47
Vector_IHMT_FB_TP,2026-07-22 14:00:00,25.165925,121.3503083,0.8,,4.3,,,,,,,0.42
Vector_IHMT_FB_AP,2026-07-20 00:00:00,22.9637299,120.1495881,1,,6.8,,,,,,,0.5
Vector_IHMT_FB_AP,2026-07-20 01:00:00,22.9637299,120.1495881,0.9,,6.2,,,,,,,0.25
Vector_IHMT_FB_AP,2026-07-20 02:00:00,22.9637299,120.1495881,1,,7,,,,,,,0.09
Vector_IHMT_FB_AP,2026-07-20 03:00:00,22.9637299,120.1495881,1.1,,6.2,,,,,,,0.61
Vector_IHMT_FB_AP,2026-07-20 04:00:00,22.9637299,120.1495881,1.1,,6.2,,,,,,,0.63
Vector_IHMT_FB_AP,2026-07-20 05:00:00,22.9637299,120.1495881,1,,6.5,,,,,,,0.54
Vector_IHMT_FB_AP,2026-07-20 06:00:00,22.9637299,120.1495881,0.9,,6.4,,,,,,,0.38
Vector_IHMT_FB_AP,2026-07-20 07:00:00,22.9637299,120.1495881,0.9,,7.1,,,,,,,0.18
Vector_IHMT_FB_AP,2026-07-20 08:00:00,22.9637299,120.1495881,0.9,,7.1,,,,,,,0.22
Vector_IHMT_FB_AP,2026-07-20 09:00:00,22.9637299,120.1495881,0.8,,6.7,,,,,,,0.48
Vector_IHMT_FB_AP,2026-07-20 10:00:00,22.9637299,120.1495881,0.8,,7,,,,,,,0.51
Vector_IHMT_FB_AP,2026-07-20 11:00:00,22.9637299,120.1495881,0.8,,7.1,,,,,,,0.59
Vector_IHMT_FB_AP,2026-07-20 12:00:00,22.9637299,120.1495881,0.8,,6.6,,,,,,,0.53
Vector_IHMT_FB_AP,2026-07-20 13:00:00,22.9637299,120.1495881,0.8,,7.1,,,,,,,0.4
Vector_IHMT_FB_AP,2026-07-20 14:00:00,22.9637299,120.1495881,0.7,,7.1,,,,,,,0.18
Vector_IHMT_FB_AP,2026-07-20 15:00:00,22.9637299,120.1495881,0.8,,7.1,,,,,,,0.16
Vector_IHMT_FB_AP,2026-07-20 16:00:00,22.9637299,120.1495881,0.8,,6.9,,,,,,,0.51
Vector_IHMT_FB_AP,2026-07-20 17:00:00,22.9637299,120.1495881,0.9,,7.1,,,,,,,0.49
Vector_IHMT_FB_AP,2026-07-20 18:00:00,22.9637299,120.1495881,0.9,,6.6,,,,,,,0.37
Vector_IHMT_FB_AP,2026-07-20 19:00:00,22.9637299,120.1495881,1,,6.9,,,,,,,0.21
Vector_IHMT_FB_AP,2026-07-20 20:00:00,22.9637299,120.1495881,1,,6.6,,,,,,,0.2
Vector_IHMT_FB_AP,2026-07-20 21:00:00,22.9637299,120.1495881,1,,7,,,,,,,0.3
Vector_IHMT_FB_AP,2026-07-20 22:00:00,22.9637299,120.1495881,0.9,,6.8,,,,,,,0.44
Vector_IHMT_FB_AP,2026-07-20 23:00:00,22.9637299,120.1495881,0.9,,7.2,,,,,,,0.46
Vector_IHMT_FB_AP,2026-07-21 00:00:00,22.9637299,120.1495881,0.8,,7,,,,,,,0.45
Vector_IHMT_FB_AP,2026-07-21 01:00:00,22.9637299,120.1495881,0.9,,7.4,,,,,,,0.27
Vector_IHMT_FB_AP,2026-07-21 02:00:00,22.9637299,120.1495881,0.7,,7.4,,,,,,,0.11
Vector_IHMT_FB_AP,2026-07-21 03:00:00,22.9637299,120.1495881,0.9,,7.2,,,,,,,0.45
Vector_IHMT_FB_AP,2026-07-21 04:00:00,22.9637299,120.1495881,0.8,,6.6,,,,,,,0.56
Vector_IHMT_FB_AP,2026-07-21 05:00:00,22.9637299,120.1495881,0.9,,7.5,,,,,,,0.52
Vector_IHMT_FB_AP,2026-07-21 06:00:00,22.9637299,120.1495881,0.9,,7.4,,,,,,,0.38
Vector_IHMT_FB_AP,2026-07-21 07:00:00,22.9637299,120.1495881,0.8,,5.9,,,,,,,0.27
Vector_IHMT_FB_AP,2026-07-21 08:00:00,22.9637299,120.1495881,0.8,,7.6,,,,,,,0.15
Vector_IHMT_FB_AP,2026-07-21 09:00:00,22.9637299,120.1495881,0.9,,6.4,,,,,,,0.26
Vector_IHMT_FB_AP,2026-07-21 10:00:00,22.9637299,120.1495881,0.8,,7.1,,,,,,,0.4
Vector_IHMT_FB_AP,2026-07-21 11:00:00,22.9637299,120.1495881,0.8,,7,,,,,,,0.47
Vector_IHMT_FB_AP,2026-07-21 12:00:00,22.9637299,120.1495881,0.7,,6.9,,,,,,,0.47
Vector_IHMT_FB_AP,2026-07-21 13:00:00,22.9637299,120.1495881,0.7,,7.3,,,,,,,0.39
Vector_IHMT_FB_AP,2026-07-21 14:00:00,22.9637299,120.1495881,0.7,,7.1,,,,,,,0.32
Vector_IHMT_FB_AP,2026-07-21 15:00:00,22.9637299,120.1495881,0.8,,7.2,,,,,,,0.16
Vector_IHMT_FB_AP,2026-07-21 16:00:00,22.9637299,120.1495881,0.7,,7.1,,,,,,,0.14
Vector_IHMT_FB_AP,2026-07-21 17:00:00,22.9637299,120.1495881,0.9,,7.2,,,,,,,0.57
Vector_IHMT_FB_AP,2026-07-21 18:00:00,22.9637299,120.1495881,0.7,,7.5,,,,,,,0.52
Vector_IHMT_FB_AP,2026-07-21 19:00:00,22.9637299,120.1495881,0.7,,7.2,,,,,,,0.34
Vector_IHMT_FB_AP,2026-07-21 20:00:00,22.9637299,120.1495881,0.8,,7.1,,,,,,,0.2
Vector_IHMT_FB_AP,2026-07-21 21:00:00,22.9637299,120.1495881,0.8,,7.2,,,,,,,0.14
Vector_IHMT_FB_AP,2026-07-21 22:00:00,22.9637299,120.1495881,0.8,,6.8,,,,,,,0.23
Vector_IHMT_FB_AP,2026-07-21 23:00:00,22.9637299,120.1495881,0.7,,7.2,,,,,,,0.43
Vector_IHMT_FB_AP,2026-07-22 00:00:00,22.9637299,120.1495881,0.7,,7,,,,,,,0.36
Vector_IHMT_FB_AP,2026-07-22 01:00:00,22.9637299,120.1495881,0.6,,7.2,,,,,,,0.36
Vector_IHMT_FB_AP,2026-07-22 02:00:00,22.9637299,120.1495881,0.7,,6.4,,,,,,,0.3
Vector_IHMT_FB_AP,2026-07-22 03:00:00,22.9637299,120.1495881,0.7,,7.1,,,,,,,0.12
Vector_IHMT_FB_AP,2026-07-22 04:00:00,22.9637299,120.1495881,0.7,,7.1,,,,,,,0.18
Vector_IHMT_FB_AP,2026-07-22 05:00:00,22.9637299,120.1495881,0.7,,6.8,,,,,,,0.33
Vector_IHMT_FB_AP,2026-07-22 06:00:00,22.9637299,120.1495881,0.7,,7,,,,,,,0.32
Vector_IHMT_FB_AP,2026-07-22 07:00:00,22.9637299,120.1495881,0.7,,6.8,,,,,,,0.29
Vector_IHMT_FB_AP,2026-07-22 08:00:00,22.9637299,120.1495881,0.7,,6.8,,,,,,,0.25
Vector_IHMT_FB_AP,2026-07-22 09:00:00,22.9637299,120.1495881,0.6,,7.2,,,,,,,0.15
Vector_IHMT_FB_AP,2026-07-22 10:00:00,22.9637299,120.1495881,0.6,,6.6,,,,,,,0.21
Vector_IHMT_FB_AP,2026-07-22 11:00:00,22.9637299,120.1495881,0.7,,7,,,,,,,0.28
Vector_IHMT_FB_AP,2026-07-22 12:00:00,22.9637299,120.1495881,0.6,,6.7,,,,,,,0.3
Vector_IHMT_FB_AP,2026-07-22 13:00:00,22.9637299,120.1495881,0.6,,7,,,,,,,0.25
Vector_IHMT_FB_AP,2026-07-22 14:00:00,22.9637299,120.1495881,0.6,,7,,,,,,,0.23
Vector_IHMT_FB_BD,2026-07-20 00:00:00,23.3736111,120.1169444,0.6,,5.3,,,,,,,0.35
Vector_IHMT_FB_BD,2026-07-20 01:00:00,23.3736111,120.1169444,0.6,,5.3,,,,,,,0.25
Vector_IHMT_FB_BD,2026-07-20 02:00:00,23.3736111,120.1169444,0.6,,5.2,,,,,,,0.04
Vector_IHMT_FB_BD,2026-07-20 03:00:00,23.3736111,120.1169444,0.6,,6.5,,,,,,,0.25
Vector_IHMT_FB_BD,2026-07-20 04:00:00,23.3736111,120.1169444,0.6,,6.5,,,,,,,0.41
Vector_IHMT_FB_BD,2026-07-20 05:00:00,23.3736111,120.1169444,0.6,,6.4,,,,,,,0.4
Vector_IHMT_FB_BD,2026-07-20 06:00:00,23.3736111,120.1169444,0.6,,6.4,,,,,,,0.27
Vector_IHMT_FB_BD,2026-07-20 07:00:00,23.3736111,120.1169444,0.7,,5.6,,,,,,,0.21
Vector_IHMT_FB_BD,2026-07-20 08:00:00,23.3736111,120.1169444,0.6,,6.8,,,,,,,0.22
Vector_IHMT_FB_BD,2026-07-20 09:00:00,23.3736111,120.1169444,0.5,,6.8,,,,,,,0.36
Vector_IHMT_FB_BD,2026-07-20 10:00:00,23.3736111,120.1169444,0.5,,7.4,,,,,,,0.53
Vector_IHMT_FB_BD,2026-07-20 11:00:00,23.3736111,120.1169444,0.4,,6.8,,,,,,,0.48
Vector_IHMT_FB_BD,2026-07-20 12:00:00,23.3736111,120.1169444,0.5,,6.9,,,,,,,0.27
Vector_IHMT_FB_BD,2026-07-20 13:00:00,23.3736111,120.1169444,0.4,,7,,,,,,,0.24
Vector_IHMT_FB_BD,2026-07-20 14:00:00,23.3736111,120.1169444,0.5,,7.2,,,,,,,0.1
Vector_IHMT_FB_BD,2026-07-20 15:00:00,23.3736111,120.1169444,0.5,,7.2,,,,,,,0.21
Vector_IHMT_FB_BD,2026-07-20 16:00:00,23.3736111,120.1169444,0.6,,5.1,,,,,,,0.39
Vector_IHMT_FB_BD,2026-07-20 17:00:00,23.3736111,120.1169444,0.7,,6,,,,,,,0.43
Vector_IHMT_FB_BD,2026-07-20 18:00:00,23.3736111,120.1169444,0.6,,6.8,,,,,,,0.31
Vector_IHMT_FB_BD,2026-07-20 19:00:00,23.3736111,120.1169444,0.6,,7.2,,,,,,,0.18
Vector_IHMT_FB_BD,2026-07-20 20:00:00,23.3736111,120.1169444,0.5,,7,,,,,,,0.31
Vector_IHMT_FB_BD,2026-07-20 21:00:00,23.3736111,120.1169444,0.6,,7.3,,,,,,,0.36
Vector_IHMT_FB_BD,2026-07-20 22:00:00,23.3736111,120.1169444,0.6,,6,,,,,,,0.39
Vector_IHMT_FB_BD,2026-07-20 23:00:00,23.3736111,120.1169444,0.5,,6.6,,,,,,,0.42
Vector_IHMT_FB_BD,2026-07-21 00:00:00,23.3736111,120.1169444,0.6,,6.7,,,,,,,0.41
Vector_IHMT_FB_BD,2026-07-21 01:00:00,23.3736111,120.1169444,0.5,,6.9,,,,,,,0.28
Vector_IHMT_FB_BD,2026-07-21 02:00:00,23.3736111,120.1169444,0.5,,7.2,,,,,,,0.12
Vector_IHMT_FB_BD,2026-07-21 03:00:00,23.3736111,120.1169444,0.5,,7.6,,,,,,,0.18
Vector_IHMT_FB_BD,2026-07-21 04:00:00,23.3736111,120.1169444,0.5,,8,,,,,,,0.37
Vector_IHMT_FB_BD,2026-07-21 05:00:00,23.3736111,120.1169444,0.5,,7.5,,,,,,,0.35
Vector_IHMT_FB_BD,2026-07-21 06:00:00,23.3736111,120.1169444,0.5,,7.7,,,,,,,0.26
Vector_IHMT_FB_BD,2026-07-21 07:00:00,23.3736111,120.1169444,0.5,,7.6,,,,,,,0.14
Vector_IHMT_FB_BD,2026-07-21 08:00:00,23.3736111,120.1169444,0.5,,7.5,,,,,,,0.17
Vector_IHMT_FB_BD,2026-07-21 09:00:00,23.3736111,120.1169444,0.5,,7.4,,,,,,,0.25
Vector_IHMT_FB_BD,2026-07-21 10:00:00,23.3736111,120.1169444,0.4,,7.4,,,,,,,0.39
Vector_IHMT_FB_BD,2026-07-21 11:00:00,23.3736111,120.1169444,0.5,,7.7,,,,,,,0.33
Vector_IHMT_FB_BD,2026-07-21 12:00:00,23.3736111,120.1169444,0.4,,7.5,,,,,,,0.41
Vector_IHMT_FB_BD,2026-07-21 13:00:00,23.3736111,120.1169444,0.4,,7.6,,,,,,,0.33
Vector_IHMT_FB_BD,2026-07-21 14:00:00,23.3736111,120.1169444,0.4,,7.1,,,,,,,0.21
Vector_IHMT_FB_BD,2026-07-21 15:00:00,23.3736111,120.1169444,0.5,,7.4,,,,,,,0.1
Vector_IHMT_FB_BD,2026-07-21 16:00:00,23.3736111,120.1169444,0.5,,7.3,,,,,,,0.23
Vector_IHMT_FB_BD,2026-07-21 17:00:00,23.3736111,120.1169444,0.5,,7.6,,,,,,,0.38
Vector_IHMT_FB_BD,2026-07-21 18:00:00,23.3736111,120.1169444,0.5,,7.3,,,,,,,0.32
Vector_IHMT_FB_BD,2026-07-21 19:00:00,23.3736111,120.1169444,0.5,,7.5,,,,,,,0.22
Vector_IHMT_FB_BD,2026-07-21 20:00:00,23.3736111,120.1169444,0.4,,7.3,,,,,,,0.12
Vector_IHMT_FB_BD,2026-07-21 21:00:00,23.3736111,120.1169444,0.5,,7.2,,,,,,,0.25
Vector_IHMT_FB_BD,2026-07-21 22:00:00,23.3736111,120.1169444,0.5,,7.3,,,,,,,0.3
Vector_IHMT_FB_BD,2026-07-21 23:00:00,23.3736111,120.1169444,0.5,,6.9,,,,,,,0.33
Vector_IHMT_FB_BD,2026-07-22 00:00:00,23.3736111,120.1169444,0.5,,7,,,,,,,0.36
Vector_IHMT_FB_BD,2026-07-22 01:00:00,23.3736111,120.1169444,0.5,,6.8,,,,,,,0.41
Vector_IHMT_FB_BD,2026-07-22 02:00:00,23.3736111,120.1169444,0.5,,7.1,,,,,,,0.23
Vector_IHMT_FB_BD,2026-07-22 03:00:00,23.3736111,120.1169444,0.4,,7.3,,,,,,,0.08
Vector_IHMT_FB_BD,2026-07-22 04:00:00,23.3736111,120.1169444,0.4,,7.5,,,,,,,0.22
Vector_IHMT_FB_BD,2026-07-22 05:00:00,23.3736111,120.1169444,0.4,,7.4,,,,,,,0.3
Vector_IHMT_FB_BD,2026-07-22 06:00:00,23.3736111,120.1169444,0.4,,7.6,,,,,,,0.34
Vector_IHMT_FB_BD,2026-07-22 07:00:00,23.3736111,120.1169444,0.4,,7.6,,,,,,,0.26
Vector_IHMT_FB_BD,2026-07-22 08:00:00,23.3736111,120.1169444,0.4,,7.1,,,,,,,0.1
Vector_IHMT_FB_BD,2026-07-22 09:00:00,23.3736111,120.1169444,0.4,,7.3,,,,,,,0.22
Vector_IHMT_FB_BD,2026-07-22 10:00:00,23.3736111,120.1169444,0.4,,7.3,,,,,,,0.23
Vector_IHMT_FB_BD,2026-07-22 11:00:00,23.3736111,120.1169444,0.4,,6.8,,,,,,,0.27
Vector_IHMT_FB_BD,2026-07-22 12:00:00,23.3736111,120.1169444,0.4,,7.3,,,,,,,0.28
Vector_IHMT_FB_BD,2026-07-22 13:00:00,23.3736111,120.1169444,0.4,,6.9,,,,,,,0.32
Vector_IHMT_FB_BD,2026-07-22 14:00:00,23.3736111,120.1169444,0.3,,7.1,,,,,,,0.35
Vector_IHMT_FB_KL,2026-07-20 00:00:00,25.164083,121.747167,0.2,,5.3,,,,,,,0.15
Vector_IHMT_FB_KL,2026-07-20 01:00:00,25.164083,121.747167,0.2,,5.5,,,,,,,0.59
Vector_IHMT_FB_KL,2026-07-20 02:00:00,25.164083,121.747167,0.2,,4.4,,,,,,,0.19
Vector_IHMT_FB_KL,2026-07-20 03:00:00,25.164083,121.747167,0.3,,-100,,,,,,,-1
Vector_IHMT_FB_KL,2026-07-20 04:00:00,25.164083,121.747167,0.2,,5,,,,,,,0.61
Vector_IHMT_FB_KL,2026-07-20 05:00:00,25.164083,121.747167,0.2,,5,,,,,,,0.68
Vector_IHMT_FB_KL,2026-07-20 06:00:00,25.164083,121.747167,0.2,,5.4,,,,,,,0.51
Vector_IHMT_FB_KL,2026-07-20 07:00:00,25.164083,121.747167,0.2,,5.6,,,,,,,0.44
Vector_IHMT_FB_KL,2026-07-20 08:00:00,25.164083,121.747167,0.2,,4.6,,,,,,,0.13
Vector_IHMT_FB_KL,2026-07-20 09:00:00,25.164083,121.747167,0.2,,6.5,,,,,,,0.24
Vector_IHMT_FB_KL,2026-07-20 10:00:00,25.164083,121.747167,0.2,,4.8,,,,,,,0.15
Vector_IHMT_FB_KL,2026-07-20 11:00:00,25.164083,121.747167,0.2,,9.6,,,,,,,0.33
Vector_IHMT_FB_KL,2026-07-20 12:00:00,25.164083,121.747167,0.2,,4.8,,,,,,,0.07
Vector_IHMT_FB_KL,2026-07-20 13:00:00,25.164083,121.747167,0.2,,4.4,,,,,,,0.23
Vector_IHMT_FB_KL,2026-07-20 14:00:00,25.164083,121.747167,0.2,,6,,,,,,,0.19
Vector_IHMT_FB_KL,2026-07-20 15:00:00,25.164083,121.747167,0.3,,5.3,,,,,,,0.65
Vector_IHMT_FB_KL,2026-07-20 16:00:00,25.164083,121.747167,0.2,,5.9,,,,,,,1.15
Vector_IHMT_FB_KL,2026-07-20 17:00:00,25.164083,121.747167,0.2,,6.4,,,,,,,1.02
Vector_IHMT_FB_KL,2026-07-20 18:00:00,25.164083,121.747167,0.2,,5.7,,,,,,,0.82
Vector_IHMT_FB_KL,2026-07-20 19:00:00,25.164083,121.747167,0.2,,9.6,,,,,,,0.53
Vector_IHMT_FB_KL,2026-07-20 20:00:00,25.164083,121.747167,0.2,,5.7,,,,,,,0.21
Vector_IHMT_FB_KL,2026-07-20 21:00:00,25.164083,121.747167,0.2,,5.6,,,,,,,0.09
Vector_IHMT_FB_KL,2026-07-20 22:00:00,25.164083,121.747167,0.2,,6,,,,,,,0.57
Vector_IHMT_FB_KL,2026-07-20 23:00:00,25.164083,121.747167,0.3,,5.5,,,,,,,0.51
Vector_IHMT_FB_KL,2026-07-21 00:00:00,25.164083,121.747167,0.2,,6.1,,,,,,,0.19
Vector_IHMT_FB_KL,2026-07-21 01:00:00,25.164083,121.747167,0.2,,-100,,,,,,,-1
Vector_IHMT_FB_KL,2026-07-21 02:00:00,25.164083,121.747167,0.2,,7.1,,,,,,,0.12
Vector_IHMT_FB_KL,2026-07-21 03:00:00,25.164083,121.747167,0.2,,5.8,,,,,,,0.18
Vector_IHMT_FB_KL,2026-07-21 04:00:00,25.164083,121.747167,0.3,,4.4,,,,,,,0.47
Vector_IHMT_FB_KL,2026-07-21 05:00:00,25.164083,121.747167,0.2,,5.9,,,,,,,1.01
Vector_IHMT_FB_KL,2026-07-21 06:00:00,25.164083,121.747167,0.2,,6.6,,,,,,,0.9
Vector_IHMT_FB_KL,2026-07-21 07:00:00,25.164083,121.747167,0.2,,5.8,,,,,,,0.65
Vector_IHMT_FB_KL,2026-07-21 08:00:00,25.164083,121.747167,0.2,,5.4,,,,,,,0.5
Vector_IHMT_FB_KL,2026-07-21 09:00:00,25.164083,121.747167,0.2,,4.7,,,,,,,0.38
Vector_IHMT_FB_KL,2026-07-21 10:00:00,25.164083,121.747167,0.2,,5.1,,,,,,,-1
Vector_IHMT_FB_KL,2026-07-21 11:00:00,25.164083,121.747167,0.2,,5.1,,,,,,,0.29
Vector_IHMT_FB_KL,2026-07-21 12:00:00,25.164083,121.747167,0.2,,4.2,,,,,,,0.21
Vector_IHMT_FB_KL,2026-07-21 13:00:00,25.164083,121.747167,0.3,,3.7,,,,,,,0.35
Vector_IHMT_FB_KL,2026-07-21 14:00:00,25.164083,121.747167,0.3,,3.6,,,,,,,0.45
Vector_IHMT_FB_KL,2026-07-21 15:00:00,25.164083,121.747167,0.3,,5.6,,,,,,,0.45
Vector_IHMT_FB_KL,2026-07-21 16:00:00,25.164083,121.747167,0.3,,3.4,,,,,,,0.57
Vector_IHMT_FB_KL,2026-07-21 17:00:00,25.164083,121.747167,0.2,,5.4,,,,,,,0.69
Vector_IHMT_FB_KL,2026-07-21 18:00:00,25.164083,121.747167,0.2,,4.8,,,,,,,-1
Vector_IHMT_FB_KL,2026-07-21 19:00:00,25.164083,121.747167,0.2,,5.1,,,,,,,0.56
Vector_IHMT_FB_KL,2026-07-21 20:00:00,25.164083,121.747167,0.1,,5.5,,,,,,,0.33
Vector_IHMT_FB_KL,2026-07-21 21:00:00,25.164083,121.747167,0.2,,5.8,,,,,,,0.04
Vector_IHMT_FB_KL,2026-07-21 22:00:00,25.164083,121.747167,0.2,,5,,,,,,,0.4
Vector_IHMT_FB_KL,2026-07-21 23:00:00,25.164083,121.747167,0.2,,4.8,,,,,,,0.55
Vector_IHMT_FB_KL,2026-07-22 00:00:00,25.164083,121.747167,0.2,,3.8,,,,,,,0.52
Vector_IHMT_FB_KL,2026-07-22 01:00:00,25.164083,121.747167,0.2,,9.4,,,,,,,0.23
Vector_IHMT_FB_KL,2026-07-22 02:00:00,25.164083,121.747167,0.2,,2.7,,,,,,,0.22
Vector_IHMT_FB_KL,2026-07-22 03:00:00,25.164083,121.747167,0.2,,7.6,,,,,,,-1
Vector_IHMT_FB_KL,2026-07-22 04:00:00,25.164083,121.747167,0.2,,4.6,,,,,,,0.37
Vector_IHMT_FB_KL,2026-07-22 05:00:00,25.164083,121.747167,0.2,,7.7,,,,,,,0.35
Vector_IHMT_FB_KL,2026-07-22 06:00:00,25.164083,121.747167,0.2,,5.1,,,,,,,0.75
Vector_IHMT_FB_KL,2026-07-22 07:00:00,25.164083,121.747167,0.2,,9.6,,,,,,,0.69
Vector_IHMT_FB_KL,2026-07-22 08:00:00,25.164083,121.747167,0.2,,6,,,,,,,0.57
Vector_IHMT_FB_KL,2026-07-22 09:00:00,25.164083,121.747167,0.2,,6.6,,,,,,,0.53
Vector_IHMT_FB_KL,2026-07-22 10:00:00,25.164083,121.747167,0.1,,4.4,,,,,,,0.16
Vector_IHMT_FB_KL,2026-07-22 11:00:00,25.164083,121.747167,0.2,,5.6,,,,,,,0.34
Vector_IHMT_FB_KL,2026-07-22 12:00:00,25.164083,121.747167,0.2,,9.3,,,,,,,0.33
Vector_IHMT_FB_KL,2026-07-22 13:00:00,25.164083,121.747167,0.2,,7.6,,,,,,,0.12
Vector_IHMT_FB_KL,2026-07-22 14:00:00,25.164083,121.747167,0.2,,3.3,,,,,,,0.12
Vector_IHMT_FB_SA,2026-07-20 00:00:00,24.590119,121.885447,0.5,,6.9,,,,,,,0.02
Vector_IHMT_FB_SA,2026-07-20 01:00:00,24.590119,121.885447,0.6,,5.6,,,,,,,0.1
Vector_IHMT_FB_SA,2026-07-20 02:00:00,24.590119,121.885447,0.6,,5.6,,,,,,,0.1
Vector_IHMT_FB_SA,2026-07-20 03:00:00,24.590119,121.885447,0.7,,6.7,,,,,,,0.18
Vector_IHMT_FB_SA,2026-07-20 04:00:00,24.590119,121.885447,0.6,,6.5,,,,,,,0.05
Vector_IHMT_FB_SA,2026-07-20 05:00:00,24.590119,121.885447,0.5,,6.3,,,,,,,0.03
Vector_IHMT_FB_SA,2026-07-20 06:00:00,24.590119,121.885447,0.5,,7,,,,,,,0.07
Vector_IHMT_FB_SA,2026-07-20 07:00:00,24.590119,121.885447,0.7,,6.5,,,,,,,0.09
Vector_IHMT_FB_SA,2026-07-20 08:00:00,24.590119,121.885447,0.6,,6.4,,,,,,,0.03
Vector_IHMT_FB_SA,2026-07-20 09:00:00,24.590119,121.885447,0.6,,6.4,,,,,,,0.08
Vector_IHMT_FB_SA,2026-07-20 10:00:00,24.590119,121.885447,0.6,,6.7,,,,,,,0.17
Vector_IHMT_FB_SA,2026-07-20 11:00:00,24.590119,121.885447,0.6,,5.9,,,,,,,0.1
Vector_IHMT_FB_SA,2026-07-20 12:00:00,24.590119,121.885447,0.5,,5,,,,,,,0.08
Vector_IHMT_FB_SA,2026-07-20 13:00:00,24.590119,121.885447,0.5,,6.8,,,,,,,0.05
Vector_IHMT_FB_SA,2026-07-20 14:00:00,24.590119,121.885447,0.7,,6.5,,,,,,,0.09
Vector_IHMT_FB_SA,2026-07-20 15:00:00,24.590119,121.885447,0.6,,6.4,,,,,,,0.35
Vector_IHMT_FB_SA,2026-07-20 16:00:00,24.590119,121.885447,0.5,,5.5,,,,,,,0.23
Vector_IHMT_FB_SA,2026-07-20 17:00:00,24.590119,121.885447,0.5,,5.5,,,,,,,0.2
Vector_IHMT_FB_SA,2026-07-20 18:00:00,24.590119,121.885447,0.4,,5.6,,,,,,,0.09
Vector_IHMT_FB_SA,2026-07-20 19:00:00,24.590119,121.885447,0.4,,5,,,,,,,0.18
Vector_IHMT_FB_SA,2026-07-20 20:00:00,24.590119,121.885447,0.4,,7,,,,,,,0.09
Vector_IHMT_FB_SA,2026-07-20 21:00:00,24.590119,121.885447,0.4,,6.7,,,,,,,0.06
Vector_IHMT_FB_SA,2026-07-20 22:00:00,24.590119,121.885447,0.4,,5.9,,,,,,,0.08
Vector_IHMT_FB_SA,2026-07-20 23:00:00,24.590119,121.885447,0.5,,7,,,,,,,0.04
Vector_IHMT_FB_SA,2026-07-21 00:00:00,24.590119,121.885447,0.5,,5.8,,,,,,,0.06
Vector_IHMT_FB_SA,2026-07-21 01:00:00,24.590119,121.885447,0.6,,6,,,,,,,0.17
Vector_IHMT_FB_SA,2026-07-21 02:00:00,24.590119,121.885447,0.5,,6.4,,,,,,,0.1
Vector_IHMT_FB_SA,2026-07-21 03:00:00,24.590119,121.885447,0.4,,5.5,,,,,,,0.12
Vector_IHMT_FB_SA,2026-07-21 04:00:00,24.590119,121.885447,0.4,,4.8,,,,,,,0.1
Vector_IHMT_FB_SA,2026-07-21 05:00:00,24.590119,121.885447,0.4,,5.8,,,,,,,0.12
Vector_IHMT_FB_SA,2026-07-21 06:00:00,24.590119,121.885447,0.5,,6.1,,,,,,,0.16
Vector_IHMT_FB_SA,2026-07-21 07:00:00,24.590119,121.885447,0.6,,6,,,,,,,0.15
Vector_IHMT_FB_SA,2026-07-21 08:00:00,24.590119,121.885447,0.5,,5.4,,,,,,,0.05
Vector_IHMT_FB_SA,2026-07-21 09:00:00,24.590119,121.885447,0.5,,6.7,,,,,,,0.14
Vector_IHMT_FB_SA,2026-07-21 10:00:00,24.590119,121.885447,0.6,,4.6,,,,,,,0.2
Vector_IHMT_FB_SA,2026-07-21 11:00:00,24.590119,121.885447,0.5,,6.2,,,,,,,0.14
Vector_IHMT_FB_SA,2026-07-21 12:00:00,24.590119,121.885447,0.5,,5.3,,,,,,,0.07
Vector_IHMT_FB_SA,2026-07-21 13:00:00,24.590119,121.885447,0.4,,6.8,,,,,,,0.27
Vector_IHMT_FB_SA,2026-07-21 14:00:00,24.590119,121.885447,0.5,,6.1,,,,,,,0.13
Vector_IHMT_FB_SA,2026-07-21 15:00:00,24.590119,121.885447,0.5,,5,,,,,,,0.06
Vector_IHMT_FB_SA,2026-07-21 16:00:00,24.590119,121.885447,0.6,,5.4,,,,,,,0.23
Vector_IHMT_FB_SA,2026-07-21 17:00:00,24.590119,121.885447,0.6,,6.3,,,,,,,0.28
Vector_IHMT_FB_SA,2026-07-21 18:00:00,24.590119,121.885447,0.6,,4.6,,,,,,,0.08
Vector_IHMT_FB_SA,2026-07-21 19:00:00,24.590119,121.885447,0.4,,9.1,,,,,,,0.32
Vector_IHMT_FB_SA,2026-07-21 20:00:00,24.590119,121.885447,0.4,,8.1,,,,,,,0.12
Vector_IHMT_FB_SA,2026-07-21 21:00:00,24.590119,121.885447,0.4,,8,,,,,,,0.11
Vector_IHMT_FB_SA,2026-07-21 22:00:00,24.590119,121.885447,0.4,,8.4,,,,,,,0.17
Vector_IHMT_FB_SA,2026-07-21 23:00:00,24.590119,121.885447,0.4,,7.8,,,,,,,0.16
Vector_IHMT_FB_SA,2026-07-22 00:00:00,24.590119,121.885447,0.4,,8,,,,,,,0.17
Vector_IHMT_FB_SA,2026-07-22 01:00:00,24.590119,121.885447,0.4,,7.7,,,,,,,0.14
Vector_IHMT_FB_SA,2026-07-22 02:00:00,24.590119,121.885447,0.4,,7.5,,,,,,,0.06
Vector_IHMT_FB_SA,2026-07-22 03:00:00,24.590119,121.885447,0.4,,7.2,,,,,,,0.12
Vector_IHMT_FB_SA,2026-07-22 04:00:00,24.590119,121.885447,0.5,,4.8,,,,,,,0.01
Vector_IHMT_FB_SA,2026-07-22 05:00:00,24.590119,121.885447,0.5,,7.2,,,,,,,0.13
Vector_IHMT_FB_SA,2026-07-22 06:00:00,24.590119,121.885447,0.6,,4.7,,,,,,,0.15
Vector_IHMT_FB_SA,2026-07-22 07:00:00,24.590119,121.885447,0.5,,4.9,,,,,,,0.05
Vector_IHMT_FB_SA,2026-07-22 08:00:00,24.590119,121.885447,0.5,,8.3,,,,,,,0.02
Vector_IHMT_FB_SA,2026-07-22 09:00:00,24.590119,121.885447,0.5,,7.2,,,,,,,0.12
Vector_IHMT_FB_SA,2026-07-22 10:00:00,24.590119,121.885447,0.4,,7.4,,,,,,,0.13
Vector_IHMT_FB_SA,2026-07-22 11:00:00,24.590119,121.885447,0.4,,7.5,,,,,,,0.12
Vector_IHMT_FB_SA,2026-07-22 12:00:00,24.590119,121.885447,0.4,,8,,,,,,,0.14
Vector_IHMT_FB_SA,2026-07-22 13:00:00,24.590119,121.885447,0.4,,7.5,,,,,,,0.17
Vector_IHMT_FB_SA,2026-07-22 14:00:00,24.590119,121.885447,0.5,,7.1,,,,,,,0.12
Vector_IHMT_FB_HL,2026-07-20 00:00:00,23.967217,121.626014,0.6,,5.9,,,,,,,0.18
Vector_IHMT_FB_HL,2026-07-20 01:00:00,23.967217,121.626014,0.7,,6.3,,,,,,,0.39
Vector_IHMT_FB_HL,2026-07-20 02:00:00,23.967217,121.626014,0.7,,6.5,,,,,,,0.36
Vector_IHMT_FB_HL,2026-07-20 03:00:00,23.967217,121.626014,0.7,,6.9,,,,,,,0.4
Vector_IHMT_FB_HL,2026-07-20 04:00:00,23.967217,121.626014,0.7,,7,,,,,,,0.36
Vector_IHMT_FB_HL,2026-07-20 05:00:00,23.967217,121.626014,0.7,,6.6,,,,,,,0.4
Vector_IHMT_FB_HL,2026-07-20 06:00:00,23.967217,121.626014,0.6,,7,,,,,,,0.24
Vector_IHMT_FB_HL,2026-07-20 07:00:00,23.967217,121.626014,0.5,,6.6,,,,,,,0.18
Vector_IHMT_FB_HL,2026-07-20 08:00:00,23.967217,121.626014,0.6,,7.1,,,,,,,0.03
Vector_IHMT_FB_HL,2026-07-20 09:00:00,23.967217,121.626014,0.5,,6.6,,,,,,,0.23
Vector_IHMT_FB_HL,2026-07-20 10:00:00,23.967217,121.626014,0.6,,6.7,,,,,,,0.17
Vector_IHMT_FB_HL,2026-07-20 11:00:00,23.967217,121.626014,0.6,,6.8,,,,,,,0.1
Vector_IHMT_FB_HL,2026-07-20 12:00:00,23.967217,121.626014,0.8,,6,,,,,,,0.1
Vector_IHMT_FB_HL,2026-07-20 13:00:00,23.967217,121.626014,0.8,,5.8,,,,,,,0.13
Vector_IHMT_FB_HL,2026-07-20 14:00:00,23.967217,121.626014,0.7,,6.4,,,,,,,0.14
Vector_IHMT_FB_HL,2026-07-20 15:00:00,23.967217,121.626014,0.8,,5.4,,,,,,,0.05
Vector_IHMT_FB_HL,2026-07-20 16:00:00,23.967217,121.626014,0.7,,4.8,,,,,,,0.08
Vector_IHMT_FB_HL,2026-07-20 17:00:00,23.967217,121.626014,0.7,,6,,,,,,,0.21
Vector_IHMT_FB_HL,2026-07-20 18:00:00,23.967217,121.626014,0.5,,5.6,,,,,,,0.03
Vector_IHMT_FB_HL,2026-07-20 19:00:00,23.967217,121.626014,0.6,,4.9,,,,,,,0.14
Vector_IHMT_FB_HL,2026-07-20 20:00:00,23.967217,121.626014,0.5,,6,,,,,,,0.17
Vector_IHMT_FB_HL,2026-07-20 21:00:00,23.967217,121.626014,0.4,,6.6,,,,,,,0.1
Vector_IHMT_FB_HL,2026-07-20 22:00:00,23.967217,121.626014,0.5,,5,,,,,,,0.05
Vector_IHMT_FB_HL,2026-07-20 23:00:00,23.967217,121.626014,0.5,,5.8,,,,,,,0.11
Vector_IHMT_FB_HL,2026-07-21 00:00:00,23.967217,121.626014,0.4,,6.5,,,,,,,0.17
Vector_IHMT_FB_HL,2026-07-21 01:00:00,23.967217,121.626014,0.4,,5.3,,,,,,,0.25
Vector_IHMT_FB_HL,2026-07-21 02:00:00,23.967217,121.626014,0.4,,5.5,,,,,,,0.25
Vector_IHMT_FB_HL,2026-07-21 03:00:00,23.967217,121.626014,0.4,,5.7,,,,,,,0.29
Vector_IHMT_FB_HL,2026-07-21 04:00:00,23.967217,121.626014,0.4,,5.5,,,,,,,0.39
Vector_IHMT_FB_HL,2026-07-21 05:00:00,23.967217,121.626014,0.4,,5.1,,,,,,,0.41
Vector_IHMT_FB_HL,2026-07-21 06:00:00,23.967217,121.626014,0.5,,7.5,,,,,,,0.32
Vector_IHMT_FB_HL,2026-07-21 07:00:00,23.967217,121.626014,0.5,,5.6,,,,,,,0.26
Vector_IHMT_FB_HL,2026-07-21 08:00:00,23.967217,121.626014,0.4,,5.3,,,,,,,0.06
Vector_IHMT_FB_HL,2026-07-21 09:00:00,23.967217,121.626014,0.5,,6.2,,,,,,,0.16
Vector_IHMT_FB_HL,2026-07-21 10:00:00,23.967217,121.626014,0.5,,7.1,,,,,,,0.38
Vector_IHMT_FB_HL,2026-07-21 11:00:00,23.967217,121.626014,0.5,,6.7,,,,,,,0.31
Vector_IHMT_FB_HL,2026-07-21 12:00:00,23.967217,121.626014,0.5,,6.9,,,,,,,0.29
Vector_IHMT_FB_HL,2026-07-21 13:00:00,23.967217,121.626014,0.6,,5.3,,,,,,,0.23
Vector_IHMT_FB_HL,2026-07-21 14:00:00,23.967217,121.626014,0.5,,8.1,,,,,,,0.17
Vector_IHMT_FB_HL,2026-07-21 15:00:00,23.967217,121.626014,0.5,,4.5,,,,,,,0.18
Vector_IHMT_FB_HL,2026-07-21 16:00:00,23.967217,121.626014,0.5,,7.9,,,,,,,0.08
Vector_IHMT_FB_HL,2026-07-21 17:00:00,23.967217,121.626014,0.4,,4.6,,,,,,,0.17
Vector_IHMT_FB_HL,2026-07-21 18:00:00,23.967217,121.626014,0.4,,8.8,,,,,,,0.15
Vector_IHMT_FB_HL,2026-07-21 19:00:00,23.967217,121.626014,0.4,,8.3,,,,,,,0.1
Vector_IHMT_FB_HL,2026-07-21 20:00:00,23.967217,121.626014,0.4,,7.9,,,,,,,0.23
Vector_IHMT_FB_HL,2026-07-21 21:00:00,23.967217,121.626014,0.4,,7.7,,,,,,,0.2
Vector_IHMT_FB_HL,2026-07-21 22:00:00,23.967217,121.626014,0.4,,8.4,,,,,,,0.16
Vector_IHMT_FB_HL,2026-07-21 23:00:00,23.967217,121.626014,0.5,,7.8,,,,,,,0.13
Vector_IHMT_FB_HL,2026-07-22 00:00:00,23.967217,121.626014,0.5,,4.4,,,,,,,0.07
Vector_IHMT_FB_HL,2026-07-22 01:00:00,23.967217,121.626014,0.5,,4.6,,,,,,,0.06
Vector_IHMT_FB_HL,2026-07-22 02:00:00,23.967217,121.626014,0.5,,5,,,,,,,0.06
Vector_IHMT_FB_HL,2026-07-22 03:00:00,23.967217,121.626014,0.5,,4.7,,,,,,,0.3
Vector_IHMT_FB_HL,2026-07-22 04:00:00,23.967217,121.626014,0.4,,7.9,,,,,,,0.45
Vector_IHMT_FB_HL,2026-07-22 05:00:00,23.967217,121.626014,0.4,,7.6,,,,,,,0.54
Vector_IHMT_FB_HL,2026-07-22 06:00:00,23.967217,121.626014,0.4,,7.4,,,,,,,0.53
Vector_IHMT_FB_HL,2026-07-22 07:00:00,23.967217,121.626014,0.4,,8.6,,,,,,,0.41
Vector_IHMT_FB_HL,2026-07-22 08:00:00,23.967217,121.626014,0.4,,8.1,,,,,,,0.2
Vector_IHMT_FB_HL,2026-07-22 09:00:00,23.967217,121.626014,0.4,,8.7,,,,,,,0.07
Vector_IHMT_FB_HL,2026-07-22 10:00:00,23.967217,121.626014,0.4,,8.7,,,,,,,0.18
Vector_IHMT_FB_HL,2026-07-22 11:00:00,23.967217,121.626014,0.4,,7.2,,,,,,,0.22
Vector_IHMT_FB_HL,2026-07-22 12:00:00,23.967217,121.626014,0.4,,6.7,,,,,,,0.32
Vector_IHMT_FB_HL,2026-07-22 13:00:00,23.967217,121.626014,0.4,,7,,,,,,,0.31
Vector_IHMT_FB_HL,2026-07-22 14:00:00,23.967217,121.626014,0.4,,7.8,,,,,,,0.31
Vector_IHMT_FB_KH,2026-07-20 00:00:00,22.616833,120.253694,1.1,,7,,,,,,,0.1
Vector_IHMT_FB_KH,2026-07-20 01:00:00,22.616833,120.253694,1.1,,7,,,,,,,0.11
Vector_IHMT_FB_KH,2026-07-20 02:00:00,22.616833,120.253694,1,,6.7,,,,,,,0.18
Vector_IHMT_FB_KH,2026-07-20 03:00:00,22.616833,120.253694,1,,6.5,,,,,,,0.12
Vector_IHMT_FB_KH,2026-07-20 04:00:00,22.616833,120.253694,1,,7,,,,,,,0.19
Vector_IHMT_FB_KH,2026-07-20 05:00:00,22.616833,120.253694,1,,7,,,,,,,0.25
Vector_IHMT_FB_KH,2026-07-20 06:00:00,22.616833,120.253694,1.1,,6.9,,,,,,,0.33
Vector_IHMT_FB_KH,2026-07-20 07:00:00,22.616833,120.253694,1,,6.7,,,,,,,0.29
Vector_IHMT_FB_KH,2026-07-20 08:00:00,22.616833,120.253694,0.9,,7.2,,,,,,,0.15
Vector_IHMT_FB_KH,2026-07-20 09:00:00,22.616833,120.253694,0.9,,6.9,,,,,,,0.09
Vector_IHMT_FB_KH,2026-07-20 10:00:00,22.616833,120.253694,0.8,,6.9,,,,,,,0.07
Vector_IHMT_FB_KH,2026-07-20 11:00:00,22.616833,120.253694,0.9,,6.7,,,,,,,0.07
Vector_IHMT_FB_KH,2026-07-20 12:00:00,22.616833,120.253694,0.9,,7.3,,,,,,,0.12
Vector_IHMT_FB_KH,2026-07-20 13:00:00,22.616833,120.253694,0.8,,7.2,,,,,,,0.29
Vector_IHMT_FB_KH,2026-07-20 14:00:00,22.616833,120.253694,0.9,,-1000,,,,,,,0.37
Vector_IHMT_FB_KH,2026-07-20 15:00:00,22.616833,120.253694,0.7,,7.3,,,,,,,0.41
Vector_IHMT_FB_KH,2026-07-20 16:00:00,22.616833,120.253694,0.8,,7.1,,,,,,,0.3
Vector_IHMT_FB_KH,2026-07-20 17:00:00,22.616833,120.253694,0.8,,7.1,,,,,,,0.4
Vector_IHMT_FB_KH,2026-07-20 18:00:00,22.616833,120.253694,0.8,,7.2,,,,,,,0.25
Vector_IHMT_FB_KH,2026-07-20 19:00:00,22.616833,120.253694,0.9,,6.6,,,,,,,0.18
Vector_IHMT_FB_KH,2026-07-20 20:00:00,22.616833,120.253694,0.8,,7.1,,,,,,,0.12
Vector_IHMT_FB_KH,2026-07-20 21:00:00,22.616833,120.253694,0.9,,7.3,,,,,,,0.09
Vector_IHMT_FB_KH,2026-07-20 22:00:00,22.616833,120.253694,0.9,,7.1,,,,,,,0.01
Vector_IHMT_FB_KH,2026-07-20 23:00:00,22.616833,120.253694,0.9,,7,,,,,,,0.03
Vector_IHMT_FB_KH,2026-07-21 00:00:00,22.616833,120.253694,1,,7,,,,,,,0.15
Vector_IHMT_FB_KH,2026-07-21 01:00:00,22.616833,120.253694,1,,6.8,,,,,,,0.25
Vector_IHMT_FB_KH,2026-07-21 02:00:00,22.616833,120.253694,1,,7.1,,,,,,,0.28
Vector_IHMT_FB_KH,2026-07-21 03:00:00,22.616833,120.253694,1,,7.3,,,,,,,0.26
Vector_IHMT_FB_KH,2026-07-21 04:00:00,22.616833,120.253694,1,,7,,,,,,,0.29
Vector_IHMT_FB_KH,2026-07-21 05:00:00,22.616833,120.253694,1,,7.1,,,,,,,0.24
Vector_IHMT_FB_KH,2026-07-21 06:00:00,22.616833,120.253694,1,,7.4,,,,,,,0.18
Vector_IHMT_FB_KH,2026-07-21 07:00:00,22.616833,120.253694,0.9,,6.4,,,,,,,0.16
Vector_IHMT_FB_KH,2026-07-21 08:00:00,22.616833,120.253694,0.9,,7.2,,,,,,,0.13
Vector_IHMT_FB_KH,2026-07-21 09:00:00,22.616833,120.253694,0.9,,7.2,,,,,,,0.11
Vector_IHMT_FB_KH,2026-07-21 10:00:00,22.616833,120.253694,0.9,,7.5,,,,,,,0.15
Vector_IHMT_FB_KH,2026-07-21 11:00:00,22.616833,120.253694,0.8,,7.7,,,,,,,0.15
Vector_IHMT_FB_KH,2026-07-21 12:00:00,22.616833,120.253694,0.8,,6.4,,,,,,,0.19
Vector_IHMT_FB_KH,2026-07-21 13:00:00,22.616833,120.253694,0.8,,6.9,,,,,,,0.23
Vector_IHMT_FB_KH,2026-07-21 14:00:00,22.616833,120.253694,0.8,,7.5,,,,,,,0.21
Vector_IHMT_FB_KH,2026-07-21 15:00:00,22.616833,120.253694,0.8,,7.3,,,,,,,0.29
Vector_IHMT_FB_KH,2026-07-21 16:00:00,22.616833,120.253694,0.7,,7.5,,,,,,,0.33
Vector_IHMT_FB_KH,2026-07-21 17:00:00,22.616833,120.253694,0.8,,7.2,,,,,,,0.16
Vector_IHMT_FB_KH,2026-07-21 18:00:00,22.616833,120.253694,0.7,,7.1,,,,,,,0.12
Vector_IHMT_FB_KH,2026-07-21 19:00:00,22.616833,120.253694,0.8,,7.1,,,,,,,0.11
Vector_IHMT_FB_KH,2026-07-21 20:00:00,22.616833,120.253694,0.8,,6.2,,,,,,,0.14
Vector_IHMT_FB_KH,2026-07-21 21:00:00,22.616833,120.253694,0.7,,7.1,,,,,,,0.07
Vector_IHMT_FB_KH,2026-07-21 22:00:00,22.616833,120.253694,0.8,,7.3,,,,,,,0.03
Vector_IHMT_FB_KH,2026-07-21 23:00:00,22.616833,120.253694,0.8,,7.2,,,,,,,0.06
Vector_IHMT_FB_KH,2026-07-22 00:00:00,22.616833,120.253694,0.8,,7.3,,,,,,,0.21
Vector_IHMT_FB_KH,2026-07-22 01:00:00,22.616833,120.253694,0.8,,7.1,,,,,,,0.29
Vector_IHMT_FB_KH,2026-07-22 02:00:00,22.616833,120.253694,0.8,,7.2,,,,,,,0.32
Vector_IHMT_FB_KH,2026-07-22 03:00:00,22.616833,120.253694,0.9,,7,,,,,,,0.34
Vector_IHMT_FB_KH,2026-07-22 04:00:00,22.616833,120.253694,0.8,,6.4,,,,,,,0.38
Vector_IHMT_FB_KH,2026-07-22 05:00:00,22.616833,120.253694,0.9,,7.1,,,,,,,0.25
Vector_IHMT_FB_KH,2026-07-22 06:00:00,22.616833,120.253694,0.8,,7,,,,,,,0.15
Vector_IHMT_FB_KH,2026-07-22 07:00:00,22.616833,120.253694,0.8,,7,,,,,,,0.09
Vector_IHMT_FB_KH,2026-07-22 08:00:00,22.616833,120.253694,0.8,,6.7,,,,,,,0.14
Vector_IHMT_FB_KH,2026-07-22 09:00:00,22.616833,120.253694,0.7,,6.7,,,,,,,0.12
Vector_IHMT_FB_KH,2026-07-22 10:00:00,22.616833,120.253694,0.7,,6.9,,,,,,,0.09
Vector_IHMT_FB_KH,2026-07-22 11:00:00,22.616833,120.253694,0.7,,6.9,,,,,,,0.04
Vector_IHMT_FB_KH,2026-07-22 12:00:00,22.616833,120.253694,0.7,,6.8,,,,,,,0.05
Vector_IHMT_FB_KH,2026-07-22 13:00:00,22.616833,120.253694,0.7,,6.8,,,,,,,0.19
Vector_IHMT_FB_KH,2026-07-22 14:00:00,22.616833,120.253694,0.6,,7.2,,,,,,,0.15
Vector_IHMT_FB_NG,2026-07-20 00:00:00,26.168711,119.9389167,0.2,,4.5,,,,,,,0.21
Vector_IHMT_FB_NG,2026-07-20 01:00:00,26.168711,119.9389167,0.2,,3.9,,,,,,,0.12
Vector_IHMT_FB_NG,2026-07-20 02:00:00,26.168711,119.9389167,0.2,,3.9,,,,,,,0.08
Vector_IHMT_FB_NG,2026-07-20 03:00:00,26.168711,119.9389167,0.2,,5,,,,,,,0.14
Vector_IHMT_FB_NG,2026-07-20 04:00:00,26.168711,119.9389167,0.2,,4.4,,,,,,,0.28
Vector_IHMT_FB_NG,2026-07-20 05:00:00,26.168711,119.9389167,0.1,,4.4,,,,,,,0.27
Vector_IHMT_FB_NG,2026-07-20 06:00:00,26.168711,119.9389167,0.1,,4.2,,,,,,,0.27
Vector_IHMT_FB_NG,2026-07-20 07:00:00,26.168711,119.9389167,0.2,,3.9,,,,,,,0.21
Vector_IHMT_FB_NG,2026-07-20 08:00:00,26.168711,119.9389167,0.2,,3.9,,,,,,,0.15
Vector_IHMT_FB_NG,2026-07-20 09:00:00,26.168711,119.9389167,0.2,,4,,,,,,,0.24
Vector_IHMT_FB_NG,2026-07-20 10:00:00,26.168711,119.9389167,0.1,,4.5,,,,,,,0.16
Vector_IHMT_FB_NG,2026-07-20 11:00:00,26.168711,119.9389167,0.2,,5.2,,,,,,,0.2
Vector_IHMT_FB_NG,2026-07-20 12:00:00,26.168711,119.9389167,0.2,,5,,,,,,,0.21
Vector_IHMT_FB_NG,2026-07-20 13:00:00,26.168711,119.9389167,0.2,,5.1,,,,,,,0.17
Vector_IHMT_FB_NG,2026-07-20 14:00:00,26.168711,119.9389167,0.2,,5.9,,,,,,,0.24
Vector_IHMT_FB_NG,2026-07-20 15:00:00,26.168711,119.9389167,0.2,,5.5,,,,,,,0.18
Vector_IHMT_FB_NG,2026-07-20 16:00:00,26.168711,119.9389167,0.2,,4.5,,,,,,,0.22
Vector_IHMT_FB_NG,2026-07-20 17:00:00,26.168711,119.9389167,0.2,,4.5,,,,,,,0.2
Vector_IHMT_FB_NG,2026-07-20 18:00:00,26.168711,119.9389167,0.2,,4.6,,,,,,,0.15
Vector_IHMT_FB_NG,2026-07-20 19:00:00,26.168711,119.9389167,0.1,,4.7,,,,,,,0.14
Vector_IHMT_FB_NG,2026-07-20 20:00:00,26.168711,119.9389167,0.1,,5.6,,,,,,,0.34
Vector_IHMT_FB_NG,2026-07-20 21:00:00,26.168711,119.9389167,0.1,,4.8,,,,,,,0.36
Vector_IHMT_FB_NG,2026-07-20 22:00:00,26.168711,119.9389167,0.1,,5.2,,,,,,,0.22
Vector_IHMT_FB_NG,2026-07-20 23:00:00,26.168711,119.9389167,0.2,,3.9,,,,,,,0.26
Vector_IHMT_FB_NG,2026-07-21 00:00:00,26.168711,119.9389167,0.1,,4.8,,,,,,,0.2
Vector_IHMT_FB_NG,2026-07-21 01:00:00,26.168711,119.9389167,0.1,,4.4,,,,,,,0.22
Vector_IHMT_FB_NG,2026-07-21 02:00:00,26.168711,119.9389167,0.2,,5,,,,,,,0.21
Vector_IHMT_FB_NG,2026-07-21 03:00:00,26.168711,119.9389167,0.1,,3.3,,,,,,,0.26
Vector_IHMT_FB_NG,2026-07-21 04:00:00,26.168711,119.9389167,0.1,,3.9,,,,,,,0.22
Vector_IHMT_FB_NG,2026-07-21 05:00:00,26.168711,119.9389167,0.1,,3.9,,,,,,,0.18
Vector_IHMT_FB_NG,2026-07-21 06:00:00,26.168711,119.9389167,0.1,,3.6,,,,,,,0.13
Vector_IHMT_FB_NG,2026-07-21 07:00:00,26.168711,119.9389167,0.2,,4.4,,,,,,,0.34
Vector_IHMT_FB_NG,2026-07-21 08:00:00,26.168711,119.9389167,0.1,,2.9,,,,,,,0.17
Vector_IHMT_FB_NG,2026-07-21 09:00:00,26.168711,119.9389167,0.1,,6.8,,,,,,,0.28
Vector_IHMT_FB_NG,2026-07-21 10:00:00,26.168711,119.9389167,0.1,,12.5,,,,,,,0.15
Vector_IHMT_FB_NG,2026-07-21 11:00:00,26.168711,119.9389167,0.2,,3,,,,,,,0.34
Vector_IHMT_FB_NG,2026-07-21 12:00:00,26.168711,119.9389167,0.2,,3.3,,,,,,,0.38
Vector_IHMT_FB_NG,2026-07-21 13:00:00,26.168711,119.9389167,0.2,,6,,,,,,,0.17
Vector_IHMT_FB_NG,2026-07-21 14:00:00,26.168711,119.9389167,0.2,,6,,,,,,,0.18
Vector_IHMT_FB_NG,2026-07-21 15:00:00,26.168711,119.9389167,0.2,,7.3,,,,,,,0.2
Vector_IHMT_FB_NG,2026-07-21 16:00:00,26.168711,119.9389167,0.2,,3.6,,,,,,,0.3
Vector_IHMT_FB_NG,2026-07-21 17:00:00,26.168711,119.9389167,0.2,,3.8,,,,,,,0.33
Vector_IHMT_FB_NG,2026-07-21 18:00:00,26.168711,119.9389167,0.1,,3.7,,,,,,,0.22
Vector_IHMT_FB_NG,2026-07-21 19:00:00,26.168711,119.9389167,0.1,,3.9,,,,,,,0.4
Vector_IHMT_FB_NG,2026-07-21 20:00:00,26.168711,119.9389167,0.1,,3.9,,,,,,,0.28
Vector_IHMT_FB_NG,2026-07-21 21:00:00,26.168711,119.9389167,0.1,,3.8,,,,,,,0.37
Vector_IHMT_FB_NG,2026-07-21 22:00:00,26.168711,119.9389167,0.1,,3.7,,,,,,,0.31
Vector_IHMT_FB_NG,2026-07-21 23:00:00,26.168711,119.9389167,0.1,,4,,,,,,,0.28
Vector_IHMT_FB_NG,2026-07-22 00:00:00,26.168711,119.9389167,0.1,,9.2,,,,,,,0.03
Vector_IHMT_FB_NG,2026-07-22 01:00:00,26.168711,119.9389167,0.1,,9.5,,,,,,,0.22
Vector_IHMT_FB_NG,2026-07-22 02:00:00,26.168711,119.9389167,0.1,,8.9,,,,,,,0.11
Vector_IHMT_FB_NG,2026-07-22 03:00:00,26.168711,119.9389167,0.1,,3.4,,,,,,,0.17
Vector_IHMT_FB_NG,2026-07-22 04:00:00,26.168711,119.9389167,0.1,,3.6,,,,,,,0.12
Vector_IHMT_FB_NG,2026-07-22 05:00:00,26.168711,119.9389167,0.1,,3.6,,,,,,,0.13
Vector_IHMT_FB_NG,2026-07-22 06:00:00,26.168711,119.9389167,0.1,,3.7,,,,,,,0.42
Vector_IHMT_FB_NG,2026-07-22 07:00:00,26.168711,119.9389167,0.1,,8.8,,,,,,,0.24
Vector_IHMT_FB_NG,2026-07-22 08:00:00,26.168711,119.9389167,0.2,,3.7,,,,,,,0.37
Vector_IHMT_FB_NG,2026-07-22 09:00:00,26.168711,119.9389167,0.2,,7.8,,,,,,,0.3
Vector_IHMT_FB_NG,2026-07-22 10:00:00,26.168711,119.9389167,0.1,,9.4,,,,,,,0.24
Vector_IHMT_FB_NG,2026-07-22 11:00:00,26.168711,119.9389167,0.1,,7.5,,,,,,,0.3
Vector_IHMT_FB_NG,2026-07-22 12:00:00,26.168711,119.9389167,0.1,,7.5,,,,,,,0.14
Vector_IHMT_FB_NG,2026-07-22 13:00:00,26.168711,119.9389167,0.2,,6,,,,,,,0.37
Vector_IHMT_FB_NG,2026-07-22 14:00:00,26.168711,119.9389167,0.2,,4.7,,,,,,,0.16
Vector_IHMT_FB_TC,2026-07-20 00:00:00,24.303317,120.481933,0.9,,4,,,,,,,0.33
Vector_IHMT_FB_TC,2026-07-20 01:00:00,24.303317,120.481933,0.9,,4.3,,,,,,,0.29
Vector_IHMT_FB_TC,2026-07-20 02:00:00,24.303317,120.481933,0.8,,3.9,,,,,,,0.11
Vector_IHMT_FB_TC,2026-07-20 03:00:00,24.303317,120.481933,0.8,,5.2,,,,,,,0.11
Vector_IHMT_FB_TC,2026-07-20 04:00:00,24.303317,120.481933,0.7,,5.5,,,,,,,0.19
Vector_IHMT_FB_TC,2026-07-20 05:00:00,24.303317,120.481933,0.7,,5.6,,,,,,,0.23
Vector_IHMT_FB_TC,2026-07-20 06:00:00,24.303317,120.481933,0.7,,4.9,,,,,,,0.4
Vector_IHMT_FB_TC,2026-07-20 07:00:00,24.303317,120.481933,0.6,,4.5,,,,,,,0.44
Vector_IHMT_FB_TC,2026-07-20 08:00:00,24.303317,120.481933,0.6,,5.3,,,,,,,0.25
Vector_IHMT_FB_TC,2026-07-20 09:00:00,24.303317,120.481933,1.1,,4.4,,,,,,,0.68
Vector_IHMT_FB_TC,2026-07-20 10:00:00,24.303317,120.481933,0.9,,4.2,,,,,,,0.4
Vector_IHMT_FB_TC,2026-07-20 11:00:00,24.303317,120.481933,0.7,,4.4,,,,,,,0.32
Vector_IHMT_FB_TC,2026-07-20 12:00:00,24.303317,120.481933,0.7,,4.5,,,,,,,0.54
Vector_IHMT_FB_TC,2026-07-20 13:00:00,24.303317,120.481933,0.7,,4.2,,,,,,,0.43
Vector_IHMT_FB_TC,2026-07-20 14:00:00,24.303317,120.481933,0.6,,5.3,,,,,,,0.34
Vector_IHMT_FB_TC,2026-07-20 15:00:00,24.303317,120.481933,0.6,,5,,,,,,,0.29
Vector_IHMT_FB_TC,2026-07-20 16:00:00,24.303317,120.481933,0.6,,2.9,,,,,,,0.4
Vector_IHMT_FB_TC,2026-07-20 17:00:00,24.303317,120.481933,0.7,,3.2,,,,,,,0.23
Vector_IHMT_FB_TC,2026-07-20 18:00:00,24.303317,120.481933,0.7,,2.9,,,,,,,0.42
Vector_IHMT_FB_TC,2026-07-20 19:00:00,24.303317,120.481933,0.6,,3.2,,,,,,,0.67
Vector_IHMT_FB_TC,2026-07-20 20:00:00,24.303317,120.481933,0.7,,4.8,,,,,,,0.26
Vector_IHMT_FB_TC,2026-07-20 21:00:00,24.303317,120.481933,0.5,,4.4,,,,,,,0.21
Vector_IHMT_FB_TC,2026-07-20 22:00:00,24.303317,120.481933,0.5,,4.1,,,,,,,0.38
Vector_IHMT_FB_TC,2026-07-20 23:00:00,24.303317,120.481933,0.5,,3.8,,,,,,,0.33
Vector_IHMT_FB_TC,2026-07-21 00:00:00,24.303317,120.481933,0.5,,3.8,,,,,,,0.52
Vector_IHMT_FB_TC,2026-07-21 01:00:00,24.303317,120.481933,0.5,,4,,,,,,,0.31
Vector_IHMT_FB_TC,2026-07-21 02:00:00,24.303317,120.481933,0.5,,3.7,,,,,,,0.21
Vector_IHMT_FB_TC,2026-07-21 03:00:00,24.303317,120.481933,0.5,,4.9,,,,,,,0.16
Vector_IHMT_FB_TC,2026-07-21 04:00:00,24.303317,120.481933,0.5,,7,,,,,,,0.16
Vector_IHMT_FB_TC,2026-07-21 05:00:00,24.303317,120.481933,0.5,,6.5,,,,,,,0.34
Vector_IHMT_FB_TC,2026-07-21 06:00:00,24.303317,120.481933,0.5,,4.1,,,,,,,0.24
Vector_IHMT_FB_TC,2026-07-21 07:00:00,24.303317,120.481933,0.4,,6.6,,,,,,,0.26
Vector_IHMT_FB_TC,2026-07-21 08:00:00,24.303317,120.481933,0.4,,6.8,,,,,,,0.29
Vector_IHMT_FB_TC,2026-07-21 09:00:00,24.303317,120.481933,0.5,,6.7,,,,,,,0.22
Vector_IHMT_FB_TC,2026-07-21 10:00:00,24.303317,120.481933,0.5,,6.5,,,,,,,0.4
Vector_IHMT_FB_TC,2026-07-21 11:00:00,24.303317,120.481933,0.4,,6.4,,,,,,,0.53
Vector_IHMT_FB_TC,2026-07-21 12:00:00,24.303317,120.481933,0.5,,3.4,,,,,,,0.43
Vector_IHMT_FB_TC,2026-07-21 13:00:00,24.303317,120.481933,0.5,,6.7,,,,,,,0.4
Vector_IHMT_FB_TC,2026-07-21 14:00:00,24.303317,120.481933,0.5,,2.4,,,,,,,0.55
Vector_IHMT_FB_TC,2026-07-21 15:00:00,24.303317,120.481933,0.6,,3,,,,,,,0.33
Vector_IHMT_FB_TC,2026-07-21 16:00:00,24.303317,120.481933,0.6,,5.6,,,,,,,0.22
Vector_IHMT_FB_TC,2026-07-21 17:00:00,24.303317,120.481933,0.6,,5.1,,,,,,,0.53
Vector_IHMT_FB_TC,2026-07-21 18:00:00,24.303317,120.481933,0.6,,4.8,,,,,,,0.32
Vector_IHMT_FB_TC,2026-07-21 19:00:00,24.303317,120.481933,0.4,,5.6,,,,,,,0.44
Vector_IHMT_FB_TC,2026-07-21 20:00:00,24.303317,120.481933,0.4,,7.1,,,,,,,0.16
Vector_IHMT_FB_TC,2026-07-21 21:00:00,24.303317,120.481933,0.4,,5.9,,,,,,,0.26
Vector_IHMT_FB_TC,2026-07-21 22:00:00,24.303317,120.481933,0.3,,6.8,,,,,,,0.33
Vector_IHMT_FB_TC,2026-07-21 23:00:00,24.303317,120.481933,0.3,,6.6,,,,,,,0.54
Vector_IHMT_FB_TC,2026-07-22 00:00:00,24.303317,120.481933,0.3,,6.6,,,,,,,0.29
Vector_IHMT_FB_TC,2026-07-22 01:00:00,24.303317,120.481933,0.3,,6.5,,,,,,,0.18
Vector_IHMT_FB_TC,2026-07-22 02:00:00,24.303317,120.481933,0.3,,4.2,,,,,,,0.37
Vector_IHMT_FB_TC,2026-07-22 03:00:00,24.303317,120.481933,0.3,,6.6,,,,,,,0.26
Vector_IHMT_FB_TC,2026-07-22 04:00:00,24.303317,120.481933,0.3,,6.9,,,,,,,0.26
Vector_IHMT_FB_TC,2026-07-22 05:00:00,24.303317,120.481933,0.3,,4.9,,,,,,,0.19
Vector_IHMT_FB_TC,2026-07-22 06:00:00,24.303317,120.481933,0.3,,6,,,,,,,0.45
Vector_IHMT_FB_TC,2026-07-22 07:00:00,24.303317,120.481933,0.3,,6.4,,,,,,,0.5
Vector_IHMT_FB_TC,2026-07-22 08:00:00,24.303317,120.481933,0.3,,6.4,,,,,,,0.25
Vector_IHMT_FB_TC,2026-07-22 09:00:00,24.303317,120.481933,0.4,,6.5,,,,,,,0.37
Vector_IHMT_FB_TC,2026-07-22 10:00:00,24.303317,120.481933,0.3,,6.5,,,,,,,0.24
Vector_IHMT_FB_TC,2026-07-22 11:00:00,24.303317,120.481933,0.4,,6.1,,,,,,,0.29
Vector_IHMT_FB_TC,2026-07-22 12:00:00,24.303317,120.481933,0.4,,3.5,,,,,,,0.48
Vector_IHMT_FB_TC,2026-07-22 13:00:00,24.303317,120.481933,0.3,,5.6,,,,,,,0.4
Vector_IHMT_FB_TC,2026-07-22 14:00:00,24.303317,120.481933,0.4,,6.1,,,,,,,0.48
