target_zh,scientificName,vernacularName,class,decimalLatitude,decimalLongitude,eventDate,year,month,depth_m,individualCount,source
劍旗魚,Xiphias gladius,,Actinopterygii,23.05,121.24,2005-11-21,2005,11,,1,台灣水產試驗所－近海與外海標本數位典藏
劍旗魚,Xiphias gladius,,Actinopterygii,24.51,121.82,1994-01-10,1994,1,,1,臺灣魚類資料庫
劍旗魚,"Xiphias gladius Linnaeus, 1758",,,23.0989,121.38,2023-02-07T11:57:24,2023,2,,1,GBIF
劍旗魚,"Xiphias gladius Linnaeus, 1758",,,24.5486,118.1032,2023-10-20T20:45:38,2023,10,,1,GBIF
叫姑魚,BOLD:AAB2971,,,25.5,119.76,2018-01-06,2018,1,,1,GBIF
叫姑魚,BOLD:AAB2971,,,25.2,118.89,2017-05-18,2017,5,,1,GBIF
叫姑魚,BOLD:AAB2971,,,24.9,118.89,2017-07-20,2017,7,,1,GBIF
叫姑魚,BOLD:AAB2971,,,24.48,118.1,2017-09-06,2017,9,,1,GBIF
叫姑魚,Johnius amblycephalus,,,23.1409,119.9964,2017-12-09T17Z,2017,12,,1,2016-2019年台江國家公園拖網調查
叫姑魚,Johnius amblycephalus,,,23.1776,119.9924,2017-12-09T19Z,2017,12,,1,2016-2019年台江國家公園拖網調查
叫姑魚,Johnius amblycephalus,,,23.0705,119.9498,2017-12-10T10Z,2017,12,,1,2016-2019年台江國家公園拖網調查
叫姑魚,Johnius amblycephalus,,Actinopterygii,22.9,120.06,2001/6/1 00:00:00,2001,6,,1,臺灣周邊底拖網調查資料集
叫姑魚,Johnius amblycephalus,,Actinopterygii,22.32,120.2,2001/11/8 00:00:00,2001,11,,1,臺灣周邊底拖網調查資料集
叫姑魚,Johnius amblycephalus,,Actinopterygii,22.58,120.29,1951-11-15,1951,11,,1,台灣水產試驗所－近海與外海標本數位典藏
叫姑魚,Johnius amblycephalus,,Actinopterygii,22.57,121.17,2006-11-22,2006,11,,1,台灣水產試驗所－近海與外海標本數位典藏
叫姑魚,Johnius amblycephalus,,Actinopterygii,22.48,120.46,1977-07-01,1977,7,,1,國立臺灣博物館
叫姑魚,Johnius amblycephalus,團頭叫姑魚,Actinopterygii,22.01,120.74,2010-09-04,2010,9,,1,國立海洋生物博物館
叫姑魚,Johnius amblycephalus,,Actinopterygii,22.84,120.05,2001-05-25,2001,5,,1,臺灣魚類資料庫
叫姑魚,Johnius amblycephalus,,Actinopterygii,24.51,120.54,2004-09-01,2004,9,,1,臺灣魚類資料庫
叫姑魚,Johnius amblycephalus,,Actinopterygii,22.47,120.43,2005-04-28,2005,4,,1,臺灣魚類資料庫
叫姑魚,Johnius amblycephalus,,Actinopterygii,22.47,120.43,2005-10-07,2005,10,,1,臺灣魚類資料庫
叫姑魚,Johnius amblycephalus,,Actinopterygii,22.9,120.06,2001-06-01,2001,6,,1,臺灣魚類資料庫
叫姑魚,Johnius amblycephalus,,Actinopterygii,22.32,120.2,2001-11-08,2001,11,,1,臺灣魚類資料庫
叫姑魚,Johnius amblycephalus,,Actinopterygii,24.49,120.68,1990-04-10,1990,4,,1,臺灣魚類資料庫
叫姑魚,Johnius amblycephalus,,Actinopterygii,25.17,121.4,1998-08-27,1998,8,,1,臺灣魚類資料庫
叫姑魚,"Johnius amblycephalus (Bleeker, 1855)",,Actinopterygii,24.1579,120.3837,2009-06-10,2009,6,,1,台灣中西部沿岸海域拖網調查叫姑魚屬資料集
叫姑魚,"Johnius amblycephalus (Bleeker, 1855)",,Actinopterygii,24.1579,120.3837,2009-09-24,2009,9,,1,台灣中西部沿岸海域拖網調查叫姑魚屬資料集
叫姑魚,"Johnius amblycephalus (Bleeker, 1855)",,Actinopterygii,24.1579,120.3837,2009-07-29,2009,7,,1,台灣中西部沿岸海域拖網調查叫姑魚屬資料集
叫姑魚,"Johnius amblycephalus (Bleeker, 1855)",,Actinopterygii,24.1579,120.3837,2010-03-24,2010,3,,1,台灣中西部沿岸海域拖網調查叫姑魚屬資料集
叫姑魚,"Johnius amblycephalus (Bleeker, 1855)",,Actinopterygii,23.7029,120.1022,2012-06-07,2012,6,,1,台灣中西部沿岸海域拖網調查叫姑魚屬資料集
叫姑魚,"Johnius amblycephalus (Bleeker, 1855)",,Actinopterygii,23.7029,120.1022,2012-08-21,2012,8,,1,台灣中西部沿岸海域拖網調查叫姑魚屬資料集
叫姑魚,"Johnius amblycephalus (Bleeker, 1855)",,Actinopterygii,23.7029,120.1022,2012-12-15,2012,12,,1,台灣中西部沿岸海域拖網調查叫姑魚屬資料集
叫姑魚,"Johnius amblycephalus (Bleeker, 1855)",,Actinopterygii,23.7029,120.1022,2013-04-24,2013,4,,1,台灣中西部沿岸海域拖網調查叫姑魚屬資料集
叫姑魚,"Johnius amblycephalus (Bleeker, 1855)",,Actinopterygii,23.7029,120.1022,2013-08-06,2013,8,,1,台灣中西部沿岸海域拖網調查叫姑魚屬資料集
叫姑魚,"Johnius amblycephalus (Bleeker, 1855)",,Actinopterygii,23.7029,120.1022,2014-05-22,2014,5,,1,台灣中西部沿岸海域拖網調查叫姑魚屬資料集
叫姑魚,"Johnius amblycephalus (Bleeker, 1855)",,Actinopterygii,24.1579,120.3837,2017-02-16,2017,2,,1,台灣中西部沿岸海域拖網調查叫姑魚屬資料集
叫姑魚,"Johnius amblycephalus (Bleeker, 1855)",,Actinopterygii,24.1579,120.3837,2017-04-19,2017,4,,1,台灣中西部沿岸海域拖網調查叫姑魚屬資料集
叫姑魚,"Johnius amblycephalus (Bleeker, 1855)",,Actinopterygii,24.6179,120.6221,2018-06-23,2018,6,,1,台灣中西部沿岸海域拖網調查叫姑魚屬資料集
叫姑魚,"Johnius amblycephalus (Bleeker, 1855)",,Actinopterygii,24.1579,120.3837,2018-12-20,2018,12,,1,台灣中西部沿岸海域拖網調查叫姑魚屬資料集
叫姑魚,"Johnius amblycephalus (Bleeker, 1855)",,Actinopterygii,24.6179,120.6221,2019-03-22,2019,3,,1,台灣中西部沿岸海域拖網調查叫姑魚屬資料集
叫姑魚,"Johnius amblycephalus (Bleeker, 1855)",,Actinopterygii,24.6179,120.6221,2019-06-18,2019,6,,1,台灣中西部沿岸海域拖網調查叫姑魚屬資料集
叫姑魚,"Johnius amblycephalus (Bleeker, 1855)",,Actinopterygii,24.6179,120.6221,2019-06-28,2019,6,,1,台灣中西部沿岸海域拖網調查叫姑魚屬資料集
叫姑魚,"Johnius amblycephalus (Bleeker, 1855)",,Actinopterygii,24.6179,120.6221,2019-07-28,2019,7,,1,台灣中西部沿岸海域拖網調查叫姑魚屬資料集
叫姑魚,"Johnius amblycephalus (Bleeker, 1855)",,Actinopterygii,24.6179,120.6221,2019-08-12,2019,8,,1,台灣中西部沿岸海域拖網調查叫姑魚屬資料集
叫姑魚,"Johnius amblycephalus (Bleeker, 1855)",,Actinopterygii,24.6179,120.6221,2019-09-05,2019,9,,1,台灣中西部沿岸海域拖網調查叫姑魚屬資料集
叫姑魚,"Johnius amblycephalus (Bleeker, 1855)",,Actinopterygii,24.6179,120.6221,2019-09-28,2019,9,,1,台灣中西部沿岸海域拖網調查叫姑魚屬資料集
叫姑魚,"Johnius amblycephalus (Bleeker, 1855)",,Actinopterygii,24.6179,120.6221,2019-11-20,2019,11,,1,台灣中西部沿岸海域拖網調查叫姑魚屬資料集
叫姑魚,"Johnius amblycephalus (Bleeker, 1855)",,Actinopterygii,24.6179,120.6221,2019-12-08,2019,12,,1,台灣中西部沿岸海域拖網調查叫姑魚屬資料集
叫姑魚,"Johnius amblycephalus (Bleeker, 1855)",,Actinopterygii,24.6179,120.6221,2020-01-18,2020,1,,1,台灣中西部沿岸海域拖網調查叫姑魚屬資料集
叫姑魚,"Johnius amblycephalus (Bleeker, 1855)",,,23.8282,120.0741,2023-07-13,2023,7,,1,GBIF
叫姑魚,"Johnius amblycephalus (Bleeker, 1855)",,,23.8203,120.116,2023-07-13,2023,7,,1,GBIF
叫姑魚,"Johnius amblycephalus (Bleeker, 1855)",,,24.7844,120.8135,2022-07-01,2022,7,,1,GBIF
叫姑魚,"Johnius amblycephalus (Bleeker, 1855)",,,25.0503,121.0162,2019-05-27,2019,5,,1,GBIF
叫姑魚,"Johnius amblycephalus (Bleeker, 1855)",,,24.6145,120.7205,2019-06-18,2019,6,,1,GBIF
叫姑魚,"Johnius amblycephalus (Bleeker, 1855)",,,23.1438,120.0763,2019-11-04,2019,11,,1,GBIF
叫姑魚,"Johnius amblycephalus (Bleeker, 1855)",,,23.1148,120.0989,2018-01-12,2018,1,,1,GBIF
叫姑魚,"Johnius amblycephalus (Bleeker, 1855)",,,23.108,120.0434,2018-11-15,2018,11,,1,GBIF
叫姑魚,"Johnius amblycephalus (Bleeker, 1855)",,,25.0503,121.0162,2017-07-24,2017,7,,1,GBIF
叫姑魚,"Johnius amblycephalus (Bleeker, 1855)",,,23.1148,120.0989,2017-10-21,2017,10,,1,GBIF
叫姑魚,Johnius belangerii,,,22.8699,120.1621,2016/9/3,2016,9,,1,2016-2019年台江國家公園拖網調查
叫姑魚,Johnius belangerii,,Actinopterygii,24.42,120.49,2002/3/20 00:00:00,2002,3,,1,臺灣周邊底拖網調查資料集
叫姑魚,Johnius belangerii,,Actinopterygii,25.16,121.76,1954-12-01,1954,12,,1,國立臺灣博物館
叫姑魚,Johnius belangerii,皮氏叫姑魚,Actinopterygii,22.47,120.43,2010-03-14,2010,3,,1,國立海洋生物博物館
叫姑魚,Johnius belangerii,,Actinopterygii,24.25,120.52,2005-10-08,2005,10,,1,臺灣魚類資料庫
叫姑魚,Johnius belangerii,,Actinopterygii,24.42,120.49,2002-03-20,2002,3,,1,臺灣魚類資料庫
叫姑魚,Johnius belangerii,,Actinopterygii,23.95,120.31,1989-07-26,1989,7,,1,臺灣魚類資料庫
叫姑魚,Johnius belangerii,,Actinopterygii,24.49,120.68,1989-08-08,1989,8,,1,臺灣魚類資料庫
叫姑魚,Johnius belangerii,,Actinopterygii,25.17,121.4,1998-08-27,1998,8,,1,臺灣魚類資料庫
叫姑魚,"Johnius belangerii (Cuvier, 1830)",,Actinopterygii,24.1579,120.3837,2009-09-24,2009,9,,1,台灣中西部沿岸海域拖網調查叫姑魚屬資料集
叫姑魚,"Johnius belangerii (Cuvier, 1830)",,Actinopterygii,24.1579,120.3837,2009-07-29,2009,7,,1,台灣中西部沿岸海域拖網調查叫姑魚屬資料集
叫姑魚,"Johnius belangerii (Cuvier, 1830)",,Actinopterygii,24.1579,120.3837,2010-01-10,2010,1,,1,台灣中西部沿岸海域拖網調查叫姑魚屬資料集
叫姑魚,"Johnius belangerii (Cuvier, 1830)",,Actinopterygii,24.1579,120.3837,2010-03-14,2010,3,,1,台灣中西部沿岸海域拖網調查叫姑魚屬資料集
叫姑魚,"Johnius belangerii (Cuvier, 1830)",,Actinopterygii,23.7029,120.1022,2012-03-30,2012,3,,1,台灣中西部沿岸海域拖網調查叫姑魚屬資料集
叫姑魚,"Johnius belangerii (Cuvier, 1830)",,Actinopterygii,23.7029,120.1022,2012-06-07,2012,6,,1,台灣中西部沿岸海域拖網調查叫姑魚屬資料集
叫姑魚,"Johnius belangerii (Cuvier, 1830)",,Actinopterygii,23.7029,120.1022,2012-08-21,2012,8,,1,台灣中西部沿岸海域拖網調查叫姑魚屬資料集
叫姑魚,"Johnius belangerii (Cuvier, 1830)",,Actinopterygii,23.7029,120.1022,2012-12-15,2012,12,,1,台灣中西部沿岸海域拖網調查叫姑魚屬資料集
叫姑魚,"Johnius belangerii (Cuvier, 1830)",,Actinopterygii,23.7029,120.1022,2013-02-26,2013,2,,1,台灣中西部沿岸海域拖網調查叫姑魚屬資料集
叫姑魚,"Johnius belangerii (Cuvier, 1830)",,Actinopterygii,23.7029,120.1022,2013-04-24,2013,4,,1,台灣中西部沿岸海域拖網調查叫姑魚屬資料集
叫姑魚,"Johnius belangerii (Cuvier, 1830)",,Actinopterygii,23.7029,120.1022,2013-08-06,2013,8,,1,台灣中西部沿岸海域拖網調查叫姑魚屬資料集
叫姑魚,"Johnius belangerii (Cuvier, 1830)",,Actinopterygii,23.7029,120.1022,2013-12-04,2013,12,,1,台灣中西部沿岸海域拖網調查叫姑魚屬資料集
叫姑魚,"Johnius belangerii (Cuvier, 1830)",,Actinopterygii,23.7029,120.1022,2014-05-22,2014,5,,1,台灣中西部沿岸海域拖網調查叫姑魚屬資料集
叫姑魚,"Johnius belangerii (Cuvier, 1830)",,Actinopterygii,23.7029,120.1022,2014-07-16,2014,7,,1,台灣中西部沿岸海域拖網調查叫姑魚屬資料集
叫姑魚,"Johnius belangerii (Cuvier, 1830)",,Actinopterygii,23.7029,120.1022,2014-09-04,2014,9,,1,台灣中西部沿岸海域拖網調查叫姑魚屬資料集
叫姑魚,"Johnius belangerii (Cuvier, 1830)",,Actinopterygii,24.6179,120.6221,2016-06-27,2016,6,,1,台灣中西部沿岸海域拖網調查叫姑魚屬資料集
叫姑魚,"Johnius belangerii (Cuvier, 1830)",,Actinopterygii,24.1579,120.3837,2017-02-16,2017,2,,1,台灣中西部沿岸海域拖網調查叫姑魚屬資料集
叫姑魚,"Johnius belangerii (Cuvier, 1830)",,Actinopterygii,24.1579,120.3837,2017-04-19,2017,4,,1,台灣中西部沿岸海域拖網調查叫姑魚屬資料集
叫姑魚,"Johnius belangerii (Cuvier, 1830)",,Actinopterygii,24.1579,120.3837,2017-06-10,2017,6,,1,台灣中西部沿岸海域拖網調查叫姑魚屬資料集
叫姑魚,"Johnius belangerii (Cuvier, 1830)",,Actinopterygii,24.6179,120.6221,2018-11-23,2018,11,,1,台灣中西部沿岸海域拖網調查叫姑魚屬資料集
叫姑魚,"Johnius belangerii (Cuvier, 1830)",,Actinopterygii,24.1579,120.3837,2018-12-20,2018,12,,1,台灣中西部沿岸海域拖網調查叫姑魚屬資料集
叫姑魚,"Johnius belangerii (Cuvier, 1830)",,Actinopterygii,24.6179,120.6221,2018-12-31,2018,12,,1,台灣中西部沿岸海域拖網調查叫姑魚屬資料集
叫姑魚,"Johnius belangerii (Cuvier, 1830)",,Actinopterygii,24.6179,120.6221,2019-03-22,2019,3,,1,台灣中西部沿岸海域拖網調查叫姑魚屬資料集
叫姑魚,"Johnius belangerii (Cuvier, 1830)",,Actinopterygii,24.6179,120.6221,2019-04,2019,4,,1,台灣中西部沿岸海域拖網調查叫姑魚屬資料集
叫姑魚,"Johnius belangerii (Cuvier, 1830)",,Actinopterygii,24.6179,120.6221,2019-07-26,2019,7,,1,台灣中西部沿岸海域拖網調查叫姑魚屬資料集
叫姑魚,"Johnius belangerii (Cuvier, 1830)",,Actinopterygii,24.6179,120.6221,2019-07-28,2019,7,,1,台灣中西部沿岸海域拖網調查叫姑魚屬資料集
叫姑魚,"Johnius belangerii (Cuvier, 1830)",,Actinopterygii,24.6179,120.6221,2019-08-12,2019,8,,1,台灣中西部沿岸海域拖網調查叫姑魚屬資料集
叫姑魚,"Johnius belangerii (Cuvier, 1830)",,Actinopterygii,24.6179,120.6221,2019-09-05,2019,9,,1,台灣中西部沿岸海域拖網調查叫姑魚屬資料集
叫姑魚,"Johnius belangerii (Cuvier, 1830)",,Actinopterygii,24.6179,120.6221,2019-09-28,2019,9,,1,台灣中西部沿岸海域拖網調查叫姑魚屬資料集
叫姑魚,"Johnius belangerii (Cuvier, 1830)",,Actinopterygii,24.6179,120.6221,2019-12-08,2019,12,,1,台灣中西部沿岸海域拖網調查叫姑魚屬資料集
叫姑魚,"Johnius belangerii (Cuvier, 1830)",,Actinopterygii,24.6179,120.6221,2019-12-23,2019,12,,1,台灣中西部沿岸海域拖網調查叫姑魚屬資料集
叫姑魚,"Johnius belangerii (Cuvier, 1830)",,Actinopterygii,24.6179,120.6221,2020-01-14,2020,1,,1,台灣中西部沿岸海域拖網調查叫姑魚屬資料集
叫姑魚,"Johnius belangerii (Cuvier, 1830)",,Actinopterygii,24.6179,120.6221,2020-01-18,2020,1,,1,台灣中西部沿岸海域拖網調查叫姑魚屬資料集
叫姑魚,"Johnius belangerii (Cuvier, 1830)",,Actinopterygii,24.6179,120.6221,2020-01-20,2020,1,,1,台灣中西部沿岸海域拖網調查叫姑魚屬資料集
叫姑魚,"Johnius belangerii (Cuvier, 1830)",,Actinopterygii,24.6179,120.6221,2020-02-25,2020,2,,1,台灣中西部沿岸海域拖網調查叫姑魚屬資料集
叫姑魚,"Johnius belangerii (Cuvier, 1830)",,Actinopterygii,24.6179,120.6221,2020-03-10,2020,3,,1,台灣中西部沿岸海域拖網調查叫姑魚屬資料集
叫姑魚,"Johnius belangerii (Cuvier, 1830)",,,24.4463,118.3179,2025-08-27T22:33:47,2025,8,,1,GBIF
叫姑魚,"Johnius belangerii (Cuvier, 1830)",,,24.4257,118.2672,2025-09-12T23:43:22,2025,9,,1,GBIF
叫姑魚,"Johnius belangerii (Cuvier, 1830)",,,23.1346,120.0717,2022-02-01,2022,2,,1,GBIF
叫姑魚,"Johnius belangerii (Cuvier, 1830)",,,23.1346,120.0717,2022-03-08,2022,3,,1,GBIF
叫姑魚,"Johnius belangerii (Cuvier, 1830)",,,23.1346,120.0717,2022-08-14,2022,8,,1,GBIF
叫姑魚,"Johnius belangerii (Cuvier, 1830)",,,23.1346,120.0717,2021-09-10,2021,9,,1,GBIF
叫姑魚,"Johnius belangerii (Cuvier, 1830)",,,23.3238,120.1411,2021-10-07,2021,10,,1,GBIF
叫姑魚,"Johnius belangerii (Cuvier, 1830)",,,23.9199,120.1978,2021-11-16,2021,11,,1,GBIF
叫姑魚,"Johnius belangerii (Cuvier, 1830)",,,23.893,120.2036,2021-11-16,2021,11,,1,GBIF
叫姑魚,"Johnius belangerii (Cuvier, 1830)",,,25.1306,121.3004,2020-10-04T00:37,2020,10,,1,GBIF
叫姑魚,"Johnius belangerii (Cuvier, 1830)",,,24.0445,120.2783,2018-12-20,2018,12,,1,GBIF
叫姑魚,"Johnius belangerii (Cuvier, 1830)",,,23.1148,120.0989,2017-08-26,2017,8,,1,GBIF
叫姑魚,"Johnius belangerii (Cuvier, 1830)",,,23.1148,120.0989,2017-10-21,2017,10,,1,GBIF
叫姑魚,"Johnius belangerii (Cuvier, 1830)",,,23.108,120.0434,2017-10-27,2017,10,,1,GBIF
叫姑魚,"Johnius belangerii (Cuvier, 1830)",,,23.435,118.3967,2016-05-27,2016,5,,1,GBIF
叫姑魚,"Johnius belangerii (Cuvier, 1830)",,,22.8699,120.1621,2016-09-03,2016,9,,1,GBIF
叫姑魚,Johnius borneensis,婆羅叫姑魚,Actinopterygii,24.94,121.9,2010-09-06,2010,9,,1,國立海洋生物博物館
叫姑魚,"Johnius borneensis (Bleeker, 1851)",,Actinopterygii,24.1579,120.3837,2009-09-24,2009,9,,1,台灣中西部沿岸海域拖網調查叫姑魚屬資料集
叫姑魚,"Johnius borneensis (Bleeker, 1851)",,Actinopterygii,24.1579,120.3837,2009-07-29,2009,7,,1,台灣中西部沿岸海域拖網調查叫姑魚屬資料集
叫姑魚,"Johnius borneensis (Bleeker, 1851)",,Actinopterygii,24.1579,120.3837,2010-01-20,2010,1,,1,台灣中西部沿岸海域拖網調查叫姑魚屬資料集
叫姑魚,"Johnius borneensis (Bleeker, 1851)",,Actinopterygii,23.7029,120.1022,2013-04-24,2013,4,,1,台灣中西部沿岸海域拖網調查叫姑魚屬資料集
叫姑魚,"Johnius borneensis (Bleeker, 1851)",,Actinopterygii,23.7029,120.1022,2013-12-04,2013,12,,1,台灣中西部沿岸海域拖網調查叫姑魚屬資料集
叫姑魚,"Johnius borneensis (Bleeker, 1851)",,Actinopterygii,23.7029,120.1022,2014-05-22,2014,5,,1,台灣中西部沿岸海域拖網調查叫姑魚屬資料集
叫姑魚,"Johnius borneensis (Bleeker, 1851)",,Actinopterygii,23.7029,120.1022,2014-07-16,2014,7,,1,台灣中西部沿岸海域拖網調查叫姑魚屬資料集
叫姑魚,"Johnius borneensis (Bleeker, 1851)",,Actinopterygii,24.6179,120.6221,2016-06-27,2016,6,,1,台灣中西部沿岸海域拖網調查叫姑魚屬資料集
叫姑魚,"Johnius borneensis (Bleeker, 1851)",,Actinopterygii,24.1579,120.3837,2018-12-20,2018,12,,1,台灣中西部沿岸海域拖網調查叫姑魚屬資料集
叫姑魚,"Johnius borneensis (Bleeker, 1851)",,Actinopterygii,24.6179,120.6221,2019-01-18,2019,1,,1,台灣中西部沿岸海域拖網調查叫姑魚屬資料集
叫姑魚,"Johnius borneensis (Bleeker, 1851)",,Actinopterygii,24.6179,120.6221,2019-03-22,2019,3,,1,台灣中西部沿岸海域拖網調查叫姑魚屬資料集
叫姑魚,"Johnius borneensis (Bleeker, 1851)",,Actinopterygii,24.6179,120.6221,2019-07-28,2019,7,,1,台灣中西部沿岸海域拖網調查叫姑魚屬資料集
叫姑魚,"Johnius borneensis (Bleeker, 1851)",,Actinopterygii,24.6179,120.6221,2019-09-25,2019,9,,1,台灣中西部沿岸海域拖網調查叫姑魚屬資料集
叫姑魚,"Johnius borneensis (Bleeker, 1851)",,Actinopterygii,24.6179,120.6221,2019-09-28,2019,9,,1,台灣中西部沿岸海域拖網調查叫姑魚屬資料集
叫姑魚,"Johnius borneensis (Bleeker, 1851)",,Actinopterygii,24.6179,120.6221,2020-03-08,2020,3,,1,台灣中西部沿岸海域拖網調查叫姑魚屬資料集
叫姑魚,"Johnius borneensis (Bleeker, 1851)",,,23.1346,120.0717,2022-06-09,2022,6,,1,GBIF
叫姑魚,"Johnius borneensis (Bleeker, 1851)",,,23.9199,120.1978,2021-11-16,2021,11,,1,GBIF
叫姑魚,"Johnius borneensis (Bleeker, 1851)",,,23.893,120.2036,2021-11-16,2021,11,,1,GBIF
叫姑魚,"Johnius borneensis (Bleeker, 1851)",,,23.638,120.064,2019-11-17,2019,11,,1,GBIF
叫姑魚,Johnius distinctus,,,23.0538,119.972,2016-07-24T14Z,2016,7,,1,2016-2019年台江國家公園拖網調查
叫姑魚,Johnius distinctus,,,23.0538,119.972,2016/7/23,2016,7,,1,2016-2019年台江國家公園拖網調查
叫姑魚,Johnius distinctus,,,22.8699,120.1621,2016/9/3,2016,9,,1,2016-2019年台江國家公園拖網調查
叫姑魚,Johnius distinctus,,,23.1409,119.9964,2017-12-09T17Z,2017,12,,1,2016-2019年台江國家公園拖網調查
叫姑魚,Johnius distinctus,,,23.1776,119.9924,2017-12-09T19Z,2017,12,,1,2016-2019年台江國家公園拖網調查
叫姑魚,Johnius distinctus,,,23.0705,119.9498,2017-12-10T10Z,2017,12,,1,2016-2019年台江國家公園拖網調查
叫姑魚,Johnius distinctus,,Actinopterygii,24.76,120.35,2002/3/21 00:00:00,2002,3,,1,臺灣周邊底拖網調查資料集
叫姑魚,Johnius distinctus,,Actinopterygii,24.76,120.35,2002/9/2 00:00:00,2002,9,,1,臺灣周邊底拖網調查資料集
叫姑魚,Johnius distinctus,,Actinopterygii,24.47,120.55,2002/12/3 00:00:00,2002,12,,1,臺灣周邊底拖網調查資料集
叫姑魚,Johnius distinctus,,Actinopterygii,24.42,120.49,2002/3/20 00:00:00,2002,3,,1,臺灣周邊底拖網調查資料集
叫姑魚,Johnius distinctus,,Actinopterygii,25.41,121.58,2000/10/23 00:00:00,2000,10,,1,臺灣周邊底拖網調查資料集
叫姑魚,Johnius distinctus,,Actinopterygii,25.41,121.58,2001/2/26 00:00:00,2001,2,,1,臺灣周邊底拖網調查資料集
叫姑魚,Johnius distinctus,,Actinopterygii,24.94,121.9,1997-12-26,1997,12,,1,台灣水產試驗所－近海與外海標本數位典藏
叫姑魚,Johnius distinctus,,Actinopterygii,22.48,120.46,1984-08-16,1984,8,,1,國立臺灣博物館
叫姑魚,Johnius distinctus,鱗鰭叫姑魚,Actinopterygii,24.06,120.43,,,,,1,國立海洋生物博物館
叫姑魚,Johnius distinctus,,Actinopterygii,24.25,120.52,2005-04-29,2005,4,,1,臺灣魚類資料庫
叫姑魚,Johnius distinctus,,Actinopterygii,24.76,120.35,2002-03-21,2002,3,,1,臺灣魚類資料庫
叫姑魚,Johnius distinctus,,Actinopterygii,24.76,120.35,2002-09-02,2002,9,,1,臺灣魚類資料庫
叫姑魚,Johnius distinctus,,Actinopterygii,24.47,120.55,2002-12-03,2002,12,,1,臺灣魚類資料庫
叫姑魚,Johnius distinctus,,Actinopterygii,24.42,120.49,2002-03-20,2002,3,,1,臺灣魚類資料庫
叫姑魚,Johnius distinctus,,Actinopterygii,25.41,121.58,2000-10-23,2000,10,,1,臺灣魚類資料庫
叫姑魚,Johnius distinctus,,Actinopterygii,25.41,121.58,2001-02-26,2001,2,,1,臺灣魚類資料庫
叫姑魚,Johnius distinctus,,Actinopterygii,24.25,120.52,1990-05-01,1990,5,,1,臺灣魚類資料庫
叫姑魚,Johnius distinctus,,Actinopterygii,23.97,120.34,1990-03-26,1990,3,,1,臺灣魚類資料庫
叫姑魚,Johnius distinctus,,Actinopterygii,24.47,120.57,2004-06-15,2004,6,,1,國立海洋科技博物館
叫姑魚,"Johnius distinctus (Tanaka, 1916)",,Actinopterygii,24.1579,120.3837,2010-01-20,2010,1,,1,台灣中西部沿岸海域拖網調查叫姑魚屬資料集
叫姑魚,"Johnius distinctus (Tanaka, 1916)",,Actinopterygii,23.7029,120.1022,2012-06-07,2012,6,,1,台灣中西部沿岸海域拖網調查叫姑魚屬資料集
叫姑魚,"Johnius distinctus (Tanaka, 1916)",,Actinopterygii,23.7029,120.1022,2012-08-21,2012,8,,1,台灣中西部沿岸海域拖網調查叫姑魚屬資料集
叫姑魚,"Johnius distinctus (Tanaka, 1916)",,Actinopterygii,23.7029,120.1022,2012-12-15,2012,12,,1,台灣中西部沿岸海域拖網調查叫姑魚屬資料集
叫姑魚,"Johnius distinctus (Tanaka, 1916)",,Actinopterygii,23.7029,120.1022,2013-02-26,2013,2,,1,台灣中西部沿岸海域拖網調查叫姑魚屬資料集
叫姑魚,"Johnius distinctus (Tanaka, 1916)",,Actinopterygii,23.7029,120.1022,2013-05-22,2013,5,,1,台灣中西部沿岸海域拖網調查叫姑魚屬資料集
叫姑魚,"Johnius distinctus (Tanaka, 1916)",,Actinopterygii,23.7029,120.1022,2013-12-04,2013,12,,1,台灣中西部沿岸海域拖網調查叫姑魚屬資料集
叫姑魚,"Johnius distinctus (Tanaka, 1916)",,Actinopterygii,23.7029,120.1022,2016-03-04,2016,3,,1,台灣中西部沿岸海域拖網調查叫姑魚屬資料集
叫姑魚,"Johnius distinctus (Tanaka, 1916)",,Actinopterygii,23.7029,120.1022,2016-05-14,2016,5,,1,台灣中西部沿岸海域拖網調查叫姑魚屬資料集
叫姑魚,"Johnius distinctus (Tanaka, 1916)",,Actinopterygii,23.7029,120.1022,2016-08-14,2016,8,,1,台灣中西部沿岸海域拖網調查叫姑魚屬資料集
叫姑魚,"Johnius distinctus (Tanaka, 1916)",,Actinopterygii,24.1579,120.3837,2017-02-16,2017,2,,1,台灣中西部沿岸海域拖網調查叫姑魚屬資料集
叫姑魚,"Johnius distinctus (Tanaka, 1916)",,Actinopterygii,24.1579,120.3837,2017-04-19,2017,4,,1,台灣中西部沿岸海域拖網調查叫姑魚屬資料集
叫姑魚,"Johnius distinctus (Tanaka, 1916)",,Actinopterygii,24.1579,120.3837,2018-12-20,2018,12,,1,台灣中西部沿岸海域拖網調查叫姑魚屬資料集
叫姑魚,"Johnius distinctus (Tanaka, 1916)",,Actinopterygii,24.6179,120.6221,2019-03-22,2019,3,,1,台灣中西部沿岸海域拖網調查叫姑魚屬資料集
叫姑魚,"Johnius distinctus (Tanaka, 1916)",,Actinopterygii,24.6179,120.6221,2019-04,2019,4,,1,台灣中西部沿岸海域拖網調查叫姑魚屬資料集
叫姑魚,"Johnius distinctus (Tanaka, 1916)",,Actinopterygii,24.6179,120.6221,2019-07-18,2019,7,,1,台灣中西部沿岸海域拖網調查叫姑魚屬資料集
叫姑魚,"Johnius distinctus (Tanaka, 1916)",,Actinopterygii,24.6179,120.6221,2019-10-23,2019,10,,1,台灣中西部沿岸海域拖網調查叫姑魚屬資料集
叫姑魚,"Johnius distinctus (Tanaka, 1916)",,Actinopterygii,24.6179,120.6221,2019-11-08,2019,11,,1,台灣中西部沿岸海域拖網調查叫姑魚屬資料集
叫姑魚,"Johnius distinctus (Tanaka, 1916)",,Actinopterygii,24.6179,120.6221,2019-12-23,2019,12,,1,台灣中西部沿岸海域拖網調查叫姑魚屬資料集
叫姑魚,"Johnius distinctus (Tanaka, 1916)",,Actinopterygii,24.6179,120.6221,2020-01-03,2020,1,,1,台灣中西部沿岸海域拖網調查叫姑魚屬資料集
叫姑魚,"Johnius distinctus (Tanaka, 1916)",,Actinopterygii,24.6179,120.6221,2020-01-14,2020,1,,1,台灣中西部沿岸海域拖網調查叫姑魚屬資料集
叫姑魚,"Johnius distinctus (Tanaka, 1916)",,Actinopterygii,24.6179,120.6221,2020-01-16,2020,1,,1,台灣中西部沿岸海域拖網調查叫姑魚屬資料集
叫姑魚,"Johnius distinctus (Tanaka, 1916)",,Actinopterygii,24.6179,120.6221,2020-01-20,2020,1,,1,台灣中西部沿岸海域拖網調查叫姑魚屬資料集
叫姑魚,"Johnius distinctus (Tanaka, 1916)",,Actinopterygii,24.6179,120.6221,2020-02-25,2020,2,,1,台灣中西部沿岸海域拖網調查叫姑魚屬資料集
叫姑魚,"Johnius distinctus (Tanaka, 1916)",,Actinopterygii,24.6179,120.6221,2020-03-08,2020,3,,1,台灣中西部沿岸海域拖網調查叫姑魚屬資料集
叫姑魚,"Johnius distinctus (Tanaka, 1916)",,Actinopterygii,24.6179,120.6221,2020-03-14,2020,3,,1,台灣中西部沿岸海域拖網調查叫姑魚屬資料集
叫姑魚,"Johnius distinctus (Tanaka, 1916)",,,25.1765,121.4183,2022-02-11,2022,2,,1,GBIF
叫姑魚,"Johnius distinctus (Tanaka, 1916)",,,23.0107,120.017,2022-11-10,2022,11,,1,GBIF
叫姑魚,"Johnius distinctus (Tanaka, 1916)",,,23.0825,119.9361,2022-11-10,2022,11,,1,GBIF
叫姑魚,"Johnius distinctus (Tanaka, 1916)",,,23.15,120.0086,2022-11-10,2022,11,,1,GBIF
叫姑魚,"Johnius distinctus (Tanaka, 1916)",,,25.1748,121.4169,2022-12-07,2022,12,,1,GBIF
叫姑魚,"Johnius distinctus (Tanaka, 1916)",,,24.2344,120.4401,2021-01-03,2021,1,,1,GBIF
叫姑魚,"Johnius distinctus (Tanaka, 1916)",,,23.9291,120.1835,2021-01-03,2021,1,,1,GBIF
叫姑魚,"Johnius distinctus (Tanaka, 1916)",,,23.9199,120.1978,2021-11-16,2021,11,,1,GBIF
叫姑魚,"Johnius distinctus (Tanaka, 1916)",,,23.0164,119.9881,2021-11-14,2021,11,,1,GBIF
叫姑魚,"Johnius distinctus (Tanaka, 1916)",,,23.9274,120.0607,2021-11-15,2021,11,,1,GBIF
叫姑魚,"Johnius distinctus (Tanaka, 1916)",,,23.0933,119.947,2020-06-10,2020,6,,1,GBIF
叫姑魚,"Johnius distinctus (Tanaka, 1916)",,,23.108,120.0434,2020-07-15,2020,7,,1,GBIF
叫姑魚,"Johnius distinctus (Tanaka, 1916)",,,23.1896,120.0858,2020-12-29T14:00,2020,12,,1,GBIF
叫姑魚,"Johnius distinctus (Tanaka, 1916)",,,24.0445,120.2783,2018-12-20,2018,12,,1,GBIF
叫姑魚,"Johnius distinctus (Tanaka, 1916)",,,24.0993,119.9964,2018-12-20,2018,12,,1,GBIF
叫姑魚,"Johnius distinctus (Tanaka, 1916)",,,23.1148,120.0989,2017-08-27,2017,8,,1,GBIF
叫姑魚,"Johnius distinctus (Tanaka, 1916)",,,23.0538,119.972,2016-07-23,2016,7,,1,GBIF
叫姑魚,"Johnius distinctus (Tanaka, 1916)",,,22.8699,120.1621,2016-09-03,2016,9,,1,GBIF
叫姑魚,Johnius dussumieri,,Actinopterygii,25.41,121.58,2000/10/23 00:00:00,2000,10,,1,臺灣周邊底拖網調查資料集
叫姑魚,Johnius dussumieri,,Actinopterygii,22.48,120.46,1997-01-01,1997,1,,1,國立臺灣博物館
叫姑魚,Johnius dussumieri,杜氏叫姑魚,Actinopterygii,24.06,120.43,,,,,1,國立海洋生物博物館
叫姑魚,Johnius dussumieri,杜氏叫姑魚,Actinopterygii,22.47,120.43,2011-11-10,2011,11,,1,國立海洋生物博物館
叫姑魚,Johnius dussumieri,,Actinopterygii,22.47,120.43,2005-10-07,2005,10,,1,臺灣魚類資料庫
叫姑魚,Johnius dussumieri,,Actinopterygii,25.41,121.58,2000-10-23,2000,10,,1,臺灣魚類資料庫
叫姑魚,Johnius dussumieri,,Actinopterygii,25.21,121.69,1979-02-17,1979,2,,1,臺灣魚類資料庫
叫姑魚,Johnius dussumieri,,Actinopterygii,25.17,121.4,1998-11-08,1998,11,,1,臺灣魚類資料庫
叫姑魚,Johnius dussumieri,,Actinopterygii,25.2,121.67,2000-10-23,2000,10,,1,臺灣魚類資料庫
叫姑魚,"Johnius dussumieri (Cuvier, 1830)",,,23.108,120.0434,2019-09-06,2019,9,,1,GBIF
叫姑魚,"Johnius dussumieri (Cuvier, 1830)",,,23.1148,120.0989,2017-10-21,2017,10,,1,GBIF
叫姑魚,Johnius grypotus,,Actinopterygii,24.83,120.39,2002/3/21 00:00:00,2002,3,,1,臺灣周邊底拖網調查資料集
叫姑魚,Johnius grypotus,,Actinopterygii,24.83,120.39,2002-03-21,2002,3,,1,臺灣魚類資料庫
叫姑魚,Johnius grypotus,,Actinopterygii,24.5,120.6,2002-03-20,2002,3,,1,臺灣魚類資料庫
叫姑魚,"Johnius grypotus (Richardson, 1846)",,,24.9869,121.0149,2023-07-13,2023,7,,1,GBIF
叫姑魚,"Johnius grypotus (Richardson, 1846)",,,23.108,120.0434,2021-06-04,2021,6,,1,GBIF
叫姑魚,"Johnius grypotus (Richardson, 1846)",,,25.0503,121.0162,2020-09-22,2020,9,,1,GBIF
叫姑魚,"Johnius grypotus (Richardson, 1846)",,,25.0503,121.0162,2019-08-23,2019,8,,1,GBIF
叫姑魚,"Johnius grypotus (Richardson, 1846)",,,25.0503,121.0162,2018-08-13,2018,8,,1,GBIF
叫姑魚,"Johnius grypotus (Richardson, 1846)",,,25.0503,121.0162,2018-09-03,2018,9,,1,GBIF
叫姑魚,"Johnius grypotus (Richardson, 1846)",,,25.0503,121.0162,2018-10-09,2018,10,,1,GBIF
叫姑魚,"Johnius grypotus (Richardson, 1846)",,,25.0503,121.0162,2018-10-16,2018,10,,1,GBIF
叫姑魚,"Johnius grypotus (Richardson, 1846)",,,25.0503,121.0162,2017-05-03,2017,5,,1,GBIF
叫姑魚,"Johnius grypotus (Richardson, 1846)",,,25.0503,121.0162,2017-09-07,2017,9,,1,GBIF
叫姑魚,"Johnius grypotus (Richardson, 1846)",,,25.0503,121.0162,2017-10-12,2017,10,,1,GBIF
叫姑魚,Johnius macrorhynus,,Actinopterygii,24.83,120.39,2002/6/5 00:00:00,2002,6,,1,臺灣周邊底拖網調查資料集
叫姑魚,Johnius macrorhynus,,Actinopterygii,24.76,120.35,2002/3/21 00:00:00,2002,3,,1,臺灣周邊底拖網調查資料集
叫姑魚,Johnius macrorhynus,,Actinopterygii,24.76,120.35,2002/9/2 00:00:00,2002,9,,1,臺灣周邊底拖網調查資料集
叫姑魚,Johnius macrorhynus,,Actinopterygii,24.47,120.55,2002/6/6 00:00:00,2002,6,,1,臺灣周邊底拖網調查資料集
叫姑魚,Johnius macrorhynus,,Actinopterygii,24.47,120.55,2002/3/20 00:00:00,2002,3,,1,臺灣周邊底拖網調查資料集
叫姑魚,Johnius macrorhynus,,Actinopterygii,24.47,120.55,2002/12/3 00:00:00,2002,12,,1,臺灣周邊底拖網調查資料集
叫姑魚,Johnius macrorhynus,,Actinopterygii,24.42,120.49,2002/3/20 00:00:00,2002,3,,1,臺灣周邊底拖網調查資料集
叫姑魚,Johnius macrorhynus,,Actinopterygii,24.42,120.49,2002/12/3 00:00:00,2002,12,,1,臺灣周邊底拖網調查資料集
叫姑魚,Johnius macrorhynus,,Actinopterygii,22.86,120.04,2001/6/1 00:00:00,2001,6,,1,臺灣周邊底拖網調查資料集
叫姑魚,Johnius macrorhynus,,Actinopterygii,22.9,120.06,2001/6/1 00:00:00,2001,6,,1,臺灣周邊底拖網調查資料集
叫姑魚,Johnius macrorhynus,,Actinopterygii,22.9,120.06,2001/11/1 00:00:00,2001,11,,1,臺灣周邊底拖網調查資料集
叫姑魚,Johnius macrorhynus,,Actinopterygii,22.32,120.2,2001/11/8 00:00:00,2001,11,,1,臺灣周邊底拖網調查資料集
叫姑魚,Johnius macrorhynus,,Actinopterygii,22.87,120.15,2001/3/1 00:00:00,2001,3,,1,臺灣周邊底拖網調查資料集
叫姑魚,Johnius macrorhynus,,Actinopterygii,22.48,120.46,1997-01-01,1997,1,,1,國立臺灣博物館
叫姑魚,Johnius macrorhynus,大吻叫姑魚,Actinopterygii,24.06,120.43,,,,,1,國立海洋生物博物館
叫姑魚,Johnius macrorhynus,,Actinopterygii,22.85,120.17,2001-03-01,2001,3,,1,臺灣魚類資料庫
叫姑魚,Johnius macrorhynus,,Actinopterygii,22.31,120.23,2001-03-01,2001,3,,1,臺灣魚類資料庫
叫姑魚,Johnius macrorhynus,,Actinopterygii,24.25,120.52,2005-04-29,2005,4,,1,臺灣魚類資料庫
叫姑魚,Johnius macrorhynus,,Actinopterygii,24.83,120.39,2002-06-05,2002,6,,1,臺灣魚類資料庫
叫姑魚,Johnius macrorhynus,,Actinopterygii,24.76,120.35,2002-03-21,2002,3,,1,臺灣魚類資料庫
叫姑魚,Johnius macrorhynus,,Actinopterygii,24.76,120.35,2002-09-02,2002,9,,1,臺灣魚類資料庫
叫姑魚,Johnius macrorhynus,,Actinopterygii,24.47,120.55,2002-06-06,2002,6,,1,臺灣魚類資料庫
叫姑魚,Johnius macrorhynus,,Actinopterygii,24.47,120.55,2002-03-20,2002,3,,1,臺灣魚類資料庫
叫姑魚,Johnius macrorhynus,,Actinopterygii,24.47,120.55,2002-12-03,2002,12,,1,臺灣魚類資料庫
叫姑魚,Johnius macrorhynus,,Actinopterygii,24.42,120.49,2002-03-20,2002,3,,1,臺灣魚類資料庫
叫姑魚,Johnius macrorhynus,,Actinopterygii,24.42,120.49,2002-12-03,2002,12,,1,臺灣魚類資料庫
叫姑魚,Johnius macrorhynus,,Actinopterygii,22.86,120.04,2001-06-01,2001,6,,1,臺灣魚類資料庫
叫姑魚,Johnius macrorhynus,,Actinopterygii,22.9,120.06,2001-06-01,2001,6,,1,臺灣魚類資料庫
叫姑魚,Johnius macrorhynus,,Actinopterygii,22.9,120.06,2001-11-01,2001,11,,1,臺灣魚類資料庫
叫姑魚,Johnius macrorhynus,,Actinopterygii,22.32,120.2,2001-11-08,2001,11,,1,臺灣魚類資料庫
叫姑魚,Johnius macrorhynus,,Actinopterygii,22.87,120.15,2001-03-01,2001,3,,1,臺灣魚類資料庫
叫姑魚,Johnius macrorhynus,,Actinopterygii,26.7,120.5,2000-03-16,2000,3,,1,臺灣魚類資料庫
叫姑魚,Johnius macrorhynus,,Actinopterygii,24.47,120.57,2004-06-15,2004,6,,1,國立海洋科技博物館
叫姑魚,"Johnius macrorhynus (Lal Mohan, 1976)",,,23.108,120.0434,2020-11-06,2020,11,,1,GBIF
叫姑魚,"Johnius macrorhynus (Lal Mohan, 1976)",,,23.108,120.0434,2019-01-11,2019,1,,1,GBIF
叫姑魚,"Johnius macrorhynus (Lal Mohan, 1976)",,,23.1148,120.0989,2017-10-21,2017,10,,1,GBIF
叫姑魚,Johnius pacificus,太平洋叫姑魚,Actinopterygii,22.47,120.43,2010-09-04,2010,9,,1,國立海洋生物博物館
叫姑魚,Johnius sina,,Actinopterygii,22.47,120.43,2004-08-16,2004,8,,1,臺灣魚類資料庫
叫姑魚,Johnius sina,,Actinopterygii,24.45,118.4,2008-02-29,2008,2,,1,臺灣魚類資料庫
叫姑魚,Johnius sp.,,Actinopterygii,24.47,120.55,2002/12/3 00:00:00,2002,12,,1,臺灣周邊底拖網調查資料集
叫姑魚,Johnius sp.,,Actinopterygii,24.06,120.43,2002-09-03,2002,9,,1,臺灣魚類資料庫
叫姑魚,Johnius sp.,,Actinopterygii,24.47,120.55,2002-12-03,2002,12,,1,臺灣魚類資料庫
叫姑魚,Johnius sp.,,Actinopterygii,24.49,120.68,1993-05-10,1993,5,,1,臺灣魚類資料庫
叫姑魚,"Johnius taiwanensis Chao, Chang, Chen, Guo, Lin, Liou, Shen & Liu, 2019",,Actinopterygii,24.1579,120.3837,2009-06-10,2009,6,,1,台灣中西部沿岸海域拖網調查叫姑魚屬資料集
叫姑魚,"Johnius taiwanensis Chao, Chang, Chen, Guo, Lin, Liou, Shen & Liu, 2019",,Actinopterygii,24.1579,120.3837,2009-09-24,2009,9,,1,台灣中西部沿岸海域拖網調查叫姑魚屬資料集
叫姑魚,"Johnius taiwanensis Chao, Chang, Chen, Guo, Lin, Liou, Shen & Liu, 2019",,Actinopterygii,24.1579,120.3837,2009-07-29,2009,7,,1,台灣中西部沿岸海域拖網調查叫姑魚屬資料集
叫姑魚,"Johnius taiwanensis Chao, Chang, Chen, Guo, Lin, Liou, Shen & Liu, 2019",,Actinopterygii,24.1579,120.3837,2010-01-20,2010,1,,1,台灣中西部沿岸海域拖網調查叫姑魚屬資料集
叫姑魚,"Johnius taiwanensis Chao, Chang, Chen, Guo, Lin, Liou, Shen & Liu, 2019",,Actinopterygii,24.1579,120.3837,2010-03-24,2010,3,,1,台灣中西部沿岸海域拖網調查叫姑魚屬資料集
叫姑魚,"Johnius taiwanensis Chao, Chang, Chen, Guo, Lin, Liou, Shen & Liu, 2019",,Actinopterygii,23.7029,120.1022,2012-03-30,2012,3,,1,台灣中西部沿岸海域拖網調查叫姑魚屬資料集
叫姑魚,"Johnius taiwanensis Chao, Chang, Chen, Guo, Lin, Liou, Shen & Liu, 2019",,Actinopterygii,23.7029,120.1022,2012-06-07,2012,6,,1,台灣中西部沿岸海域拖網調查叫姑魚屬資料集
叫姑魚,"Johnius taiwanensis Chao, Chang, Chen, Guo, Lin, Liou, Shen & Liu, 2019",,Actinopterygii,23.7029,120.1022,2012-08-21,2012,8,,1,台灣中西部沿岸海域拖網調查叫姑魚屬資料集
叫姑魚,"Johnius taiwanensis Chao, Chang, Chen, Guo, Lin, Liou, Shen & Liu, 2019",,Actinopterygii,23.7029,120.1022,2012-12-15,2012,12,,1,台灣中西部沿岸海域拖網調查叫姑魚屬資料集
叫姑魚,"Johnius taiwanensis Chao, Chang, Chen, Guo, Lin, Liou, Shen & Liu, 2019",,Actinopterygii,23.7029,120.1022,2013-02-26,2013,2,,1,台灣中西部沿岸海域拖網調查叫姑魚屬資料集
叫姑魚,"Johnius taiwanensis Chao, Chang, Chen, Guo, Lin, Liou, Shen & Liu, 2019",,Actinopterygii,23.7029,120.1022,2013-04-24,2013,4,,1,台灣中西部沿岸海域拖網調查叫姑魚屬資料集
叫姑魚,"Johnius taiwanensis Chao, Chang, Chen, Guo, Lin, Liou, Shen & Liu, 2019",,Actinopterygii,23.7029,120.1022,2013-08-06,2013,8,,1,台灣中西部沿岸海域拖網調查叫姑魚屬資料集
叫姑魚,"Johnius taiwanensis Chao, Chang, Chen, Guo, Lin, Liou, Shen & Liu, 2019",,Actinopterygii,23.7029,120.1022,2013-12-04,2013,12,,1,台灣中西部沿岸海域拖網調查叫姑魚屬資料集
叫姑魚,"Johnius taiwanensis Chao, Chang, Chen, Guo, Lin, Liou, Shen & Liu, 2019",,Actinopterygii,23.7029,120.1022,2014-05-22,2014,5,,1,台灣中西部沿岸海域拖網調查叫姑魚屬資料集
叫姑魚,"Johnius taiwanensis Chao, Chang, Chen, Guo, Lin, Liou, Shen & Liu, 2019",,Actinopterygii,23.7029,120.1022,2014-07-16,2014,7,,1,台灣中西部沿岸海域拖網調查叫姑魚屬資料集
叫姑魚,"Johnius taiwanensis Chao, Chang, Chen, Guo, Lin, Liou, Shen & Liu, 2019",,Actinopterygii,23.7029,120.1022,2014-09-04,2014,9,,1,台灣中西部沿岸海域拖網調查叫姑魚屬資料集
叫姑魚,"Johnius taiwanensis Chao, Chang, Chen, Guo, Lin, Liou, Shen & Liu, 2019",,Actinopterygii,24.6179,120.6221,2018-05-12,2018,5,,1,台灣中西部沿岸海域拖網調查叫姑魚屬資料集
叫姑魚,"Johnius taiwanensis Chao, Chang, Chen, Guo, Lin, Liou, Shen & Liu, 2019",,Actinopterygii,24.6179,120.6221,2018-06-23,2018,6,,1,台灣中西部沿岸海域拖網調查叫姑魚屬資料集
叫姑魚,"Johnius taiwanensis Chao, Chang, Chen, Guo, Lin, Liou, Shen & Liu, 2019",,Actinopterygii,24.1579,120.3837,2018-06-27,2018,6,,1,台灣中西部沿岸海域拖網調查叫姑魚屬資料集
叫姑魚,"Johnius taiwanensis Chao, Chang, Chen, Guo, Lin, Liou, Shen & Liu, 2019",,Actinopterygii,24.6179,120.6221,2019-03-22,2019,3,,1,台灣中西部沿岸海域拖網調查叫姑魚屬資料集
叫姑魚,"Johnius taiwanensis Chao, Chang, Chen, Guo, Lin, Liou, Shen & Liu, 2019",,Actinopterygii,24.6179,120.6221,2019-07-02,2019,7,,1,台灣中西部沿岸海域拖網調查叫姑魚屬資料集
叫姑魚,"Johnius taiwanensis Chao, Chang, Chen, Guo, Lin, Liou, Shen & Liu, 2019",,Actinopterygii,24.6179,120.6221,2019-07-15,2019,7,,1,台灣中西部沿岸海域拖網調查叫姑魚屬資料集
叫姑魚,"Johnius taiwanensis Chao, Chang, Chen, Guo, Lin, Liou, Shen & Liu, 2019",,Actinopterygii,24.6179,120.6221,2019-07-26,2019,7,,1,台灣中西部沿岸海域拖網調查叫姑魚屬資料集
叫姑魚,"Johnius taiwanensis Chao, Chang, Chen, Guo, Lin, Liou, Shen & Liu, 2019",,Actinopterygii,24.6179,120.6221,2019-07-28,2019,7,,1,台灣中西部沿岸海域拖網調查叫姑魚屬資料集
叫姑魚,"Johnius taiwanensis Chao, Chang, Chen, Guo, Lin, Liou, Shen & Liu, 2019",,Actinopterygii,24.6179,120.6221,2019-09-04,2019,9,,1,台灣中西部沿岸海域拖網調查叫姑魚屬資料集
叫姑魚,"Johnius taiwanensis Chao, Chang, Chen, Guo, Lin, Liou, Shen & Liu, 2019",,Actinopterygii,24.6179,120.6221,2019-09-25,2019,9,,1,台灣中西部沿岸海域拖網調查叫姑魚屬資料集
叫姑魚,"Johnius taiwanensis Chao, Chang, Chen, Guo, Lin, Liou, Shen & Liu, 2019",,Actinopterygii,24.6179,120.6221,2020-01-20,2020,1,,1,台灣中西部沿岸海域拖網調查叫姑魚屬資料集
叫姑魚,"Johnius taiwanensis Chao, Chang, Chen, Guo, Lin, Liou, Shen & Liu, 2019",,Actinopterygii,24.6179,120.6221,2020-03-14,2020,3,,1,台灣中西部沿岸海域拖網調查叫姑魚屬資料集
叫姑魚,"Johnius taiwanensis Chao, Chang, Chen, Guo, Lin, Liou, Shen & Liu, 2019",,,23.9291,120.1835,2021-01-03,2021,1,,1,GBIF
叫姑魚,"Johnius taiwanensis Chao, Chang, Chen, Guo, Lin, Liou, Shen & Liu, 2019",,,23.9199,120.1978,2021-11-16,2021,11,,1,GBIF
叫姑魚,"Johnius taiwanensis Chao, Chang, Chen, Guo, Lin, Liou, Shen & Liu, 2019",,,23.893,120.2036,2021-11-16,2021,11,,1,GBIF
叫姑魚,"Johnius taiwanensis Chao, Chang, Chen, Guo, Lin, Liou, Shen & Liu, 2019",,,23.8204,120.1039,2021-11-16,2021,11,,1,GBIF
叫姑魚,"Johnius taiwanensis Chao, Chang, Chen, Guo, Lin, Liou, Shen & Liu, 2019",,,24.6239,120.746,2019-06-18,2019,6,,1,GBIF
叫姑魚,"Johnius taiwanensis Chao, Chang, Chen, Guo, Lin, Liou, Shen & Liu, 2019",,,23.986,120.262,2019-11-17,2019,11,,1,GBIF
叫姑魚,"Johnius taiwanensis Chao, Chang, Chen, Guo, Lin, Liou, Shen & Liu, 2019",,,23.953,120.209,2019-11-17,2019,11,,1,GBIF
叫姑魚,"Johnius taiwanensis Chao, Chang, Chen, Guo, Lin, Liou, Shen & Liu, 2019",,,23.653,120.029,2019-11-17,2019,11,,1,GBIF
叫姑魚,"Johnius taiwanensis Chao, Chang, Chen, Guo, Lin, Liou, Shen & Liu, 2019",,,23.638,120.064,2019-11-17,2019,11,,1,GBIF
叫姑魚,"Johnius taiwanensis Chao, Chang, Chen, Guo, Lin, Liou, Shen & Liu, 2019",,,24.273,120.437,2019-11-17,2019,11,,1,GBIF
叫姑魚,Johnius trewavasae,屈氏叫姑魚,Actinopterygii,22.01,120.74,2010-09-04,2010,9,,1,國立海洋生物博物館
叫姑魚,"Johnius trewavasae Sasaki, 1992",,Actinopterygii,24.1579,120.3837,2017-02-16,2017,2,,1,台灣中西部沿岸海域拖網調查叫姑魚屬資料集
叫姑魚,"Johnius trewavasae Sasaki, 1992",,Actinopterygii,24.1579,120.3837,2018-12-20,2018,12,,1,台灣中西部沿岸海域拖網調查叫姑魚屬資料集
叫姑魚,"Johnius trewavasae Sasaki, 1992",,Actinopterygii,24.6179,120.6221,2019-08-21,2019,8,,1,台灣中西部沿岸海域拖網調查叫姑魚屬資料集
叫姑魚,"Johnius trewavasae Sasaki, 1992",,Actinopterygii,24.6179,120.6221,2020-03-08,2020,3,,1,台灣中西部沿岸海域拖網調查叫姑魚屬資料集
叫姑魚,"Johnius trewavasae Sasaki, 1992",,,23.0825,119.9361,2022-11-10,2022,11,,1,GBIF
叫姑魚,"Johnius trewavasae Sasaki, 1992",,,23.9291,120.1835,2021-01-03,2021,1,,1,GBIF
叫姑魚,"Johnius trewavasae Sasaki, 1992",,,24.6145,120.7205,2019-06-18,2019,6,,1,GBIF
叫姑魚,"Johnius trewavasae Sasaki, 1992",,,24.702,120.8547,2019-08-21,2019,8,,1,GBIF
叫姑魚,"Johnius trewavasae Sasaki, 1992",,,24.0993,119.9964,2018-12-20,2018,12,,1,GBIF
叫姑魚,Pennahia argentata,,Actinopterygii,24.14,120.35,2002/12/18 00:00:00,2002,12,,1,臺灣周邊底拖網調查資料集
叫姑魚,Pennahia argentata,,Actinopterygii,24.14,120.34,2002/12/18 00:00:00,2002,12,,1,臺灣周邊底拖網調查資料集
叫姑魚,Pennahia argentata,,Actinopterygii,24.83,120.39,2002/6/5 00:00:00,2002,6,,1,臺灣周邊底拖網調查資料集
叫姑魚,Pennahia argentata,,Actinopterygii,24.83,120.39,2002/3/21 00:00:00,2002,3,,1,臺灣周邊底拖網調查資料集
叫姑魚,Pennahia argentata,,Actinopterygii,24.83,120.39,2002/9/2 00:00:00,2002,9,,1,臺灣周邊底拖網調查資料集
叫姑魚,Pennahia argentata,,Actinopterygii,24.76,120.35,2002/6/5 00:00:00,2002,6,,1,臺灣周邊底拖網調查資料集
叫姑魚,Pennahia argentata,,Actinopterygii,24.76,120.35,2002/9/2 00:00:00,2002,9,,1,臺灣周邊底拖網調查資料集
叫姑魚,Pennahia argentata,,Actinopterygii,24.47,120.55,2002/12/3 00:00:00,2002,12,,1,臺灣周邊底拖網調查資料集
叫姑魚,Pennahia argentata,,Actinopterygii,24.42,120.49,2002/3/20 00:00:00,2002,3,,1,臺灣周邊底拖網調查資料集
叫姑魚,Pennahia argentata,,Actinopterygii,24.42,120.49,2002/12/3 00:00:00,2002,12,,1,臺灣周邊底拖網調查資料集
叫姑魚,Pennahia argentata,,Actinopterygii,22.28,120.36,2001/3/8 00:00:00,2001,3,,1,臺灣周邊底拖網調查資料集
叫姑魚,Pennahia argentata,,Actinopterygii,25.16,121.76,1951-10-13,1951,10,,1,台灣水產試驗所－近海與外海標本數位典藏
叫姑魚,Pennahia argentata,,Actinopterygii,25.16,121.76,1957-01-18,1957,1,,1,台灣水產試驗所－近海與外海標本數位典藏
叫姑魚,Pennahia argentata,,Actinopterygii,22.48,120.46,1983-11-02,1983,11,,1,國立臺灣博物館
叫姑魚,Pennahia argentata,,Actinopterygii,22.48,120.46,1985-10-16,1985,10,,1,國立臺灣博物館
叫姑魚,Pennahia argentata,,Actinopterygii,23.57,119.56,1977-06-20,1977,6,,1,國立臺灣博物館
叫姑魚,Pennahia argentata,,Actinopterygii,23.57,119.56,1946-08-01,1946,8,,1,國立臺灣博物館
叫姑魚,Pennahia argentata,白姑魚,Actinopterygii,24.45,118.4,2009-11-06,2009,11,,1,國立海洋生物博物館
叫姑魚,Pennahia argentata,,Actinopterygii,24.58,121.86,2005-10-05,2005,10,,1,臺灣魚類資料庫
叫姑魚,Pennahia argentata,,Actinopterygii,24.5,120.6,2002-06-05,2002,6,,1,臺灣魚類資料庫
叫姑魚,Pennahia argentata,,Actinopterygii,24.82,120.41,2002-06-05,2002,6,,1,臺灣魚類資料庫
叫姑魚,Pennahia argentata,,Actinopterygii,24.14,120.35,2002-12-18,2002,12,,1,臺灣魚類資料庫
叫姑魚,Pennahia argentata,,Actinopterygii,24.14,120.34,2002-12-18,2002,12,,1,臺灣魚類資料庫
叫姑魚,Pennahia argentata,,Actinopterygii,24.83,120.39,2002-06-05,2002,6,,1,臺灣魚類資料庫
叫姑魚,Pennahia argentata,,Actinopterygii,24.83,120.39,2002-03-21,2002,3,,1,臺灣魚類資料庫
叫姑魚,Pennahia argentata,,Actinopterygii,24.83,120.39,2002-09-02,2002,9,,1,臺灣魚類資料庫
叫姑魚,Pennahia argentata,,Actinopterygii,24.76,120.35,2002-06-05,2002,6,,1,臺灣魚類資料庫
叫姑魚,Pennahia argentata,,Actinopterygii,24.76,120.35,2002-09-02,2002,9,,1,臺灣魚類資料庫
叫姑魚,Pennahia argentata,,Actinopterygii,24.47,120.55,2002-12-03,2002,12,,1,臺灣魚類資料庫
叫姑魚,Pennahia argentata,,Actinopterygii,24.42,120.49,2002-03-20,2002,3,,1,臺灣魚類資料庫
叫姑魚,Pennahia argentata,,Actinopterygii,24.42,120.49,2002-12-03,2002,12,,1,臺灣魚類資料庫
叫姑魚,Pennahia argentata,,Actinopterygii,22.28,120.36,2001-03-08,2001,3,,1,臺灣魚類資料庫
叫姑魚,Pennahia argentata,,Actinopterygii,24.5,120.6,2002-06-06,2002,6,,1,臺灣魚類資料庫
叫姑魚,Pennahia argentata,,Actinopterygii,24.52,120.64,2002-02-04,2002,2,,1,國立海洋科技博物館
叫姑魚,"Pennahia argentata (Houttuyn, 1782)",,,25.2179,121.3606,2021-04-20,2021,4,,1,GBIF
叫姑魚,"Pennahia argentata (Houttuyn, 1782)",,,24.4257,118.3782,2020-07-17,2020,7,,1,GBIF
叫姑魚,"Pennahia argentata (Houttuyn, 1782)",,,25.5,119.76,2018-01-06,2018,1,,1,GBIF
叫姑魚,"Pennahia argentata (Houttuyn, 1782)",,,22.65,120.4,2018-12-24,2018,12,,1,GBIF
叫姑魚,"Pennahia argentata (Houttuyn, 1782)",,,25.2,118.89,2017-05-18,2017,5,,1,GBIF
叫姑魚,"Pennahia argentata (Houttuyn, 1782)",,,24.9,118.89,2017-07-20,2017,7,,1,GBIF
叫姑魚,"Pennahia argentata (Houttuyn, 1782)",,,24.48,118.1,2017-09-06,2017,9,,1,GBIF
叫姑魚,Pennahia macrocephalus,,,23.1776,119.9924,2017-12-09T19Z,2017,12,,1,2016-2019年台江國家公園拖網調查
叫姑魚,Pennahia macrocephalus,,,23.0705,119.9498,2017-12-10T10Z,2017,12,,1,2016-2019年台江國家公園拖網調查
叫姑魚,Pennahia macrocephalus,,Actinopterygii,24.82,120.44,2002/6/5 00:00:00,2002,6,,1,臺灣周邊底拖網調查資料集
叫姑魚,Pennahia macrocephalus,,Actinopterygii,24.83,120.39,2002/6/5 00:00:00,2002,6,,1,臺灣周邊底拖網調查資料集
叫姑魚,Pennahia macrocephalus,,Actinopterygii,24.83,120.39,2002/9/2 00:00:00,2002,9,,1,臺灣周邊底拖網調查資料集
叫姑魚,Pennahia macrocephalus,,Actinopterygii,24.76,120.35,2002/6/5 00:00:00,2002,6,,1,臺灣周邊底拖網調查資料集
叫姑魚,Pennahia macrocephalus,,Actinopterygii,24.76,120.35,2002/9/2 00:00:00,2002,9,,1,臺灣周邊底拖網調查資料集
叫姑魚,Pennahia macrocephalus,,Actinopterygii,24.47,120.6,2002/6/6 00:00:00,2002,6,,1,臺灣周邊底拖網調查資料集
叫姑魚,Pennahia macrocephalus,,Actinopterygii,24.47,120.6,2002/12/3 00:00:00,2002,12,,1,臺灣周邊底拖網調查資料集
叫姑魚,Pennahia macrocephalus,,Actinopterygii,24.47,120.55,2002/6/6 00:00:00,2002,6,,1,臺灣周邊底拖網調查資料集
叫姑魚,Pennahia macrocephalus,,Actinopterygii,24.47,120.55,2002/3/20 00:00:00,2002,3,,1,臺灣周邊底拖網調查資料集
叫姑魚,Pennahia macrocephalus,,Actinopterygii,24.47,120.55,2002/12/3 00:00:00,2002,12,,1,臺灣周邊底拖網調查資料集
叫姑魚,Pennahia macrocephalus,,Actinopterygii,24.42,120.49,2002/3/20 00:00:00,2002,3,,1,臺灣周邊底拖網調查資料集
叫姑魚,Pennahia macrocephalus,,Actinopterygii,25.13,121.96,2000/3/27 00:00:00,2000,3,,1,臺灣周邊底拖網調查資料集
叫姑魚,Pennahia macrocephalus,,Actinopterygii,25.18,121.93,2000/3/27 00:00:00,2000,3,,1,臺灣周邊底拖網調查資料集
叫姑魚,Pennahia macrocephalus,,Actinopterygii,25.18,121.93,2000/6/8 00:00:00,2000,6,,1,臺灣周邊底拖網調查資料集
叫姑魚,Pennahia macrocephalus,,Actinopterygii,25.41,121.58,2000/10/23 00:00:00,2000,10,,1,臺灣周邊底拖網調查資料集
叫姑魚,Pennahia macrocephalus,,Actinopterygii,25.13,121.96,2000/11/15 00:00:00,2000,11,,1,臺灣周邊底拖網調查資料集
叫姑魚,Pennahia macrocephalus,,Actinopterygii,25.41,121.58,2001/2/26 00:00:00,2001,2,,1,臺灣周邊底拖網調查資料集
叫姑魚,Pennahia macrocephalus,,Actinopterygii,24.94,121.9,1997-11-20,1997,11,,1,台灣水產試驗所－近海與外海標本數位典藏
叫姑魚,Pennahia macrocephalus,大頭白姑魚,Actinopterygii,22.01,120.74,2010-09-05,2010,9,,1,國立海洋生物博物館
叫姑魚,Pennahia macrocephalus,,Actinopterygii,24.5,120.6,2002-06-06,2002,6,,1,臺灣魚類資料庫
叫姑魚,Pennahia macrocephalus,,Actinopterygii,25.17,121.4,2007-10-13,2007,10,,1,臺灣魚類資料庫
叫姑魚,Pennahia macrocephalus,,Actinopterygii,25.07,121.92,2000-11-15,2000,11,,1,臺灣魚類資料庫
叫姑魚,Pennahia macrocephalus,,Actinopterygii,24.82,120.44,2002-06-05,2002,6,,1,臺灣魚類資料庫
叫姑魚,Pennahia macrocephalus,,Actinopterygii,24.83,120.39,2002-06-05,2002,6,,1,臺灣魚類資料庫
叫姑魚,Pennahia macrocephalus,,Actinopterygii,24.83,120.39,2002-09-02,2002,9,,1,臺灣魚類資料庫
叫姑魚,Pennahia macrocephalus,,Actinopterygii,24.76,120.35,2002-06-05,2002,6,,1,臺灣魚類資料庫
叫姑魚,Pennahia macrocephalus,,Actinopterygii,24.76,120.35,2002-09-02,2002,9,,1,臺灣魚類資料庫
叫姑魚,Pennahia macrocephalus,,Actinopterygii,24.47,120.6,2002-06-06,2002,6,,1,臺灣魚類資料庫
叫姑魚,Pennahia macrocephalus,,Actinopterygii,24.47,120.6,2002-12-03,2002,12,,1,臺灣魚類資料庫
叫姑魚,Pennahia macrocephalus,,Actinopterygii,24.47,120.55,2002-06-06,2002,6,,1,臺灣魚類資料庫
叫姑魚,Pennahia macrocephalus,,Actinopterygii,24.47,120.55,2002-03-20,2002,3,,1,臺灣魚類資料庫
叫姑魚,Pennahia macrocephalus,,Actinopterygii,24.47,120.55,2002-12-03,2002,12,,1,臺灣魚類資料庫
叫姑魚,Pennahia macrocephalus,,Actinopterygii,24.42,120.49,2002-03-20,2002,3,,1,臺灣魚類資料庫
叫姑魚,Pennahia macrocephalus,,Actinopterygii,25.13,121.96,2000-03-27,2000,3,,1,臺灣魚類資料庫
叫姑魚,Pennahia macrocephalus,,Actinopterygii,25.18,121.93,2000-03-27,2000,3,,1,臺灣魚類資料庫
叫姑魚,Pennahia macrocephalus,,Actinopterygii,25.18,121.93,2000-06-08,2000,6,,1,臺灣魚類資料庫
叫姑魚,Pennahia macrocephalus,,Actinopterygii,25.41,121.58,2000-10-23,2000,10,,1,臺灣魚類資料庫
叫姑魚,Pennahia macrocephalus,,Actinopterygii,25.13,121.96,2000-11-15,2000,11,,1,臺灣魚類資料庫
叫姑魚,Pennahia macrocephalus,,Actinopterygii,25.41,121.58,2001-02-26,2001,2,,1,臺灣魚類資料庫
叫姑魚,Pennahia macrocephalus,,Actinopterygii,25.11,121.36,1998-11-08,1998,11,,1,臺灣魚類資料庫
叫姑魚,Pennahia macrocephalus,,Actinopterygii,24.47,120.57,2004-06-15,2004,6,,1,國立海洋科技博物館
叫姑魚,"Pennahia macrocephalus (Tang, 1937)",,,24.5804,120.0344,2023-07-12,2023,7,,1,GBIF
叫姑魚,"Pennahia macrocephalus (Tang, 1937)",,,25.176,121.4186,2022-07-04,2022,7,,1,GBIF
叫姑魚,"Pennahia macrocephalus (Tang, 1937)",,,25.172,121.4154,2022-07-04,2022,7,,1,GBIF
叫姑魚,"Pennahia macrocephalus (Tang, 1937)",,,25.1701,121.4265,2022-07-04,2022,7,,1,GBIF
叫姑魚,"Pennahia macrocephalus (Tang, 1937)",,,23.1655,119.9893,2022-09-04,2022,9,,1,GBIF
叫姑魚,"Pennahia macrocephalus (Tang, 1937)",,,23.137,120.0163,2022-09-04,2022,9,,1,GBIF
叫姑魚,"Pennahia macrocephalus (Tang, 1937)",,,23.9291,120.1835,2021-01-03,2021,1,,1,GBIF
叫姑魚,"Pennahia macrocephalus (Tang, 1937)",,,23.5544,119.9924,2021-01-04,2021,1,,1,GBIF
叫姑魚,"Pennahia macrocephalus (Tang, 1937)",,,24.2684,119.8368,2021-08-12,2021,8,,1,GBIF
叫姑魚,"Pennahia macrocephalus (Tang, 1937)",,,25.1733,121.4195,2021-08-05,2021,8,,1,GBIF
叫姑魚,"Pennahia macrocephalus (Tang, 1937)",,,23.9199,120.1978,2021-11-16,2021,11,,1,GBIF
叫姑魚,"Pennahia macrocephalus (Tang, 1937)",,,23.893,120.2036,2021-11-16,2021,11,,1,GBIF
叫姑魚,"Pennahia macrocephalus (Tang, 1937)",,,23.8204,120.1039,2021-11-16,2021,11,,1,GBIF
叫姑魚,"Pennahia macrocephalus (Tang, 1937)",,,23.0164,119.9881,2021-11-14,2021,11,,1,GBIF
叫姑魚,"Pennahia macrocephalus (Tang, 1937)",,,23.9274,120.0607,2021-11-15,2021,11,,1,GBIF
叫姑魚,"Pennahia macrocephalus (Tang, 1937)",,,23.1833,120.0201,2021-11-14,2021,11,,1,GBIF
叫姑魚,"Pennahia macrocephalus (Tang, 1937)",,,24.1077,119.9997,2020-03-18,2020,3,,1,GBIF
叫姑魚,"Pennahia macrocephalus (Tang, 1937)",,,25.2179,121.3606,2020-08-02,2020,8,,1,GBIF
叫姑魚,"Pennahia macrocephalus (Tang, 1937)",,,24.2033,119.7734,2020-11-18,2020,11,,1,GBIF
叫姑魚,"Pennahia macrocephalus (Tang, 1937)",,,23.6488,120.0539,2020-11-19,2020,11,,1,GBIF
叫姑魚,"Pennahia macrocephalus (Tang, 1937)",,,24.277,120.477,2019-11-16,2019,11,,1,GBIF
叫姑魚,"Pennahia macrocephalus (Tang, 1937)",,,23.953,120.209,2019-11-17,2019,11,,1,GBIF
叫姑魚,"Pennahia macrocephalus (Tang, 1937)",,,23.638,120.064,2019-11-17,2019,11,,1,GBIF
叫姑魚,"Pennahia macrocephalus (Tang, 1937)",,,24.273,120.437,2019-11-17,2019,11,,1,GBIF
叫姑魚,"Pennahia macrocephalus (Tang, 1937)",,,24.097,119.9971,2018-03-14,2018,3,,1,GBIF
叫姑魚,"Pennahia macrocephalus (Tang, 1937)",,,24.0323,120.2811,2018-06-27,2018,6,,1,GBIF
叫姑魚,"Pennahia macrocephalus (Tang, 1937)",,,25.0503,121.0162,2018-10-16,2018,10,,1,GBIF
叫姑魚,"Pennahia macrocephalus (Tang, 1937)",,,24.0445,120.2783,2018-12-20,2018,12,,1,GBIF
叫姑魚,"Pennahia macrocephalus (Tang, 1937)",,,24.0993,119.9964,2018-12-20,2018,12,,1,GBIF
叫姑魚,"Pennahia macrocephalus (Tang, 1937)",,,25.0503,121.0162,2017-09-07,2017,9,,1,GBIF
叫姑魚,"Pennahia macrocephalus (Tang, 1937)",,,25.0503,121.0162,2017-10-06,2017,10,,1,GBIF
叫姑魚,Pennahia pawak,,,23.1776,119.9924,2017-12-09T19Z,2017,12,,1,2016-2019年台江國家公園拖網調查
叫姑魚,Pennahia pawak,,Actinopterygii,24.14,120.34,2002/12/18 00:00:00,2002,12,,1,臺灣周邊底拖網調查資料集
叫姑魚,Pennahia pawak,,Actinopterygii,24.82,120.44,2002/3/21 00:00:00,2002,3,,1,臺灣周邊底拖網調查資料集
叫姑魚,Pennahia pawak,,Actinopterygii,24.83,120.39,2002/6/5 00:00:00,2002,6,,1,臺灣周邊底拖網調查資料集
叫姑魚,Pennahia pawak,,Actinopterygii,24.76,120.35,2002/3/21 00:00:00,2002,3,,1,臺灣周邊底拖網調查資料集
叫姑魚,Pennahia pawak,,Actinopterygii,24.47,120.6,2002/12/3 00:00:00,2002,12,,1,臺灣周邊底拖網調查資料集
叫姑魚,Pennahia pawak,,Actinopterygii,24.47,120.55,2002/3/20 00:00:00,2002,3,,1,臺灣周邊底拖網調查資料集
叫姑魚,Pennahia pawak,,Actinopterygii,24.47,120.55,2002/12/3 00:00:00,2002,12,,1,臺灣周邊底拖網調查資料集
叫姑魚,Pennahia pawak,,Actinopterygii,24.42,120.49,2002/3/20 00:00:00,2002,3,,1,臺灣周邊底拖網調查資料集
叫姑魚,Pennahia pawak,,Actinopterygii,24.42,120.49,2002/12/3 00:00:00,2002,12,,1,臺灣周邊底拖網調查資料集
叫姑魚,Pennahia pawak,,Actinopterygii,22.01,120.74,1985-12-04,1985,12,,1,國立臺灣博物館
叫姑魚,Pennahia pawak,斑鰭白姑魚,Actinopterygii,24.06,120.43,,,,,1,國立海洋生物博物館
叫姑魚,Pennahia pawak,,Actinopterygii,24.25,120.52,2005-10-08,2005,10,,1,臺灣魚類資料庫
叫姑魚,Pennahia pawak,,Actinopterygii,24.14,120.34,2002-12-18,2002,12,,1,臺灣魚類資料庫
叫姑魚,Pennahia pawak,,Actinopterygii,24.82,120.44,2002-03-21,2002,3,,1,臺灣魚類資料庫
叫姑魚,Pennahia pawak,,Actinopterygii,24.83,120.39,2002-06-05,2002,6,,1,臺灣魚類資料庫
叫姑魚,Pennahia pawak,,Actinopterygii,24.76,120.35,2002-03-21,2002,3,,1,臺灣魚類資料庫
叫姑魚,Pennahia pawak,,Actinopterygii,24.47,120.6,2002-12-03,2002,12,,1,臺灣魚類資料庫
叫姑魚,Pennahia pawak,,Actinopterygii,24.47,120.55,2002-03-20,2002,3,,1,臺灣魚類資料庫
叫姑魚,Pennahia pawak,,Actinopterygii,24.47,120.55,2002-12-03,2002,12,,1,臺灣魚類資料庫
叫姑魚,Pennahia pawak,,Actinopterygii,24.42,120.49,2002-03-20,2002,3,,1,臺灣魚類資料庫
叫姑魚,Pennahia pawak,,Actinopterygii,24.42,120.49,2002-12-03,2002,12,,1,臺灣魚類資料庫
叫姑魚,Pennahia pawak,,Actinopterygii,25.2,121.67,1978-01-13,1978,1,,1,臺灣魚類資料庫
叫姑魚,Pennahia pawak,,Actinopterygii,24.25,120.52,1990-03-26,1990,3,,1,臺灣魚類資料庫
叫姑魚,Pennahia pawak,,Actinopterygii,24.52,120.64,2002-02-04,2002,2,,1,國立海洋科技博物館
叫姑魚,"Pennahia pawak (Linnaeus, 1940)",,,23.8282,120.0741,2023-07-13,2023,7,,1,GBIF
叫姑魚,"Pennahia pawak (Linnaeus, 1940)",,,23.8203,120.116,2023-07-13,2023,7,,1,GBIF
叫姑魚,"Pennahia pawak (Linnaeus, 1940)",,,23.8252,120.1033,2022-09-05,2022,9,,1,GBIF
叫姑魚,"Pennahia pawak (Linnaeus, 1940)",,,24.269,120.4472,2022-09-05,2022,9,,1,GBIF
叫姑魚,"Pennahia pawak (Linnaeus, 1940)",,,23.8258,120.064,2022-09-05,2022,9,,1,GBIF
叫姑魚,"Pennahia pawak (Linnaeus, 1940)",,,23.15,120.0086,2022-11-10,2022,11,,1,GBIF
叫姑魚,"Pennahia pawak (Linnaeus, 1940)",,,23.9291,120.1835,2021-01-03,2021,1,,1,GBIF
叫姑魚,"Pennahia pawak (Linnaeus, 1940)",,,24.1054,119.9988,2021-05-04,2021,5,,1,GBIF
叫姑魚,"Pennahia pawak (Linnaeus, 1940)",,,23.934,120.2536,2021-05-14,2021,5,,1,GBIF
叫姑魚,"Pennahia pawak (Linnaeus, 1940)",,,23.9199,120.1978,2021-11-16,2021,11,,1,GBIF
叫姑魚,"Pennahia pawak (Linnaeus, 1940)",,,23.893,120.2036,2021-11-16,2021,11,,1,GBIF
叫姑魚,"Pennahia pawak (Linnaeus, 1940)",,,23.8204,120.1039,2021-11-16,2021,11,,1,GBIF
叫姑魚,"Pennahia pawak (Linnaeus, 1940)",,,23.9274,120.0607,2021-11-15,2021,11,,1,GBIF
叫姑魚,"Pennahia pawak (Linnaeus, 1940)",,,24.1077,119.9997,2020-03-18,2020,3,,1,GBIF
叫姑魚,"Pennahia pawak (Linnaeus, 1940)",,,24.0473,120.2827,2020-03-18,2020,3,,1,GBIF
叫姑魚,"Pennahia pawak (Linnaeus, 1940)",,,23.9941,120.2595,2020-05-20,2020,5,,1,GBIF
叫姑魚,"Pennahia pawak (Linnaeus, 1940)",,,23.6428,120.0268,2020-07-19,2020,7,,1,GBIF
叫姑魚,"Pennahia pawak (Linnaeus, 1940)",,,23.986,120.262,2019-05-26,2019,5,,1,GBIF
叫姑魚,"Pennahia pawak (Linnaeus, 1940)",,,24.277,120.477,2019-11-16,2019,11,,1,GBIF
叫姑魚,"Pennahia pawak (Linnaeus, 1940)",,,23.986,120.262,2019-11-17,2019,11,,1,GBIF
叫姑魚,"Pennahia pawak (Linnaeus, 1940)",,,23.953,120.209,2019-11-17,2019,11,,1,GBIF
叫姑魚,"Pennahia pawak (Linnaeus, 1940)",,,23.653,120.029,2019-11-17,2019,11,,1,GBIF
叫姑魚,"Pennahia pawak (Linnaeus, 1940)",,,23.638,120.064,2019-11-17,2019,11,,1,GBIF
叫姑魚,"Pennahia pawak (Linnaeus, 1940)",,,24.273,120.437,2019-11-17,2019,11,,1,GBIF
叫姑魚,"Pennahia pawak (Linnaeus, 1940)",,,24.0445,120.2783,2018-12-20,2018,12,,1,GBIF
叫姑魚,"Pennahia pawak (Linnaeus, 1940)",,,24.0993,119.9964,2018-12-20,2018,12,,1,GBIF
叫姑魚,"Pennahia pawak (Linnaeus, 1940)",,,24.9333,121.9,2017-02-23,2017,2,,1,GBIF
叫姑魚,"Pennahia pawak (Linnaeus, 1940)",,,24.0457,120.2786,2017-07-05,2017,7,,1,GBIF
叫姑魚,"Pennahia pawak (Linnaeus, 1940)",,,24.0447,120.2713,2017-09-12,2017,9,,1,GBIF
叫姑魚,Pennahia sp.,,Actinopterygii,24.25,120.52,2005-04-29,2005,4,,1,臺灣魚類資料庫
圓花鰹,"Auxis rochei (Risso, 1810)",,,25.1472,121.8521,2025-06-13T20:39:21,2025,6,,1,GBIF
圓花鰹,"Auxis rochei (Risso, 1810)",,,25.1379,121.8456,2025-06-13T20:47:51,2025,6,,1,GBIF
圓花鰹,Auxis rochei rochei,,Actinopterygii,25.16,121.76,1952-04-20,1952,4,,1,台灣水產試驗所－近海與外海標本數位典藏
圓花鰹,Auxis rochei rochei,,Actinopterygii,23.05,121.23,1993-08-19,1993,8,,1,台灣水產試驗所－近海與外海標本數位典藏
圓花鰹,Auxis rochei rochei,,Actinopterygii,23.05,121.23,2005-07-25,2005,7,,1,台灣水產試驗所－近海與外海標本數位典藏
圓花鰹,Auxis rochei rochei,,Actinopterygii,23.09,121.38,2006-11-22,2006,11,,1,台灣水產試驗所－近海與外海標本數位典藏
圓花鰹,Auxis rochei rochei,,Actinopterygii,23.05,121.24,2007-04-13,2007,4,,1,台灣水產試驗所－近海與外海標本數位典藏
圓花鰹,Auxis rochei rochei,,Actinopterygii,23.07,121.31,2009/2/26,2009,2,,1,台灣水產試驗所－近海與外海標本數位典藏
圓花鰹,Auxis rochei rochei,,Actinopterygii,23.49,121.5,2005-04-26,2005,4,,1,臺灣魚類資料庫
圓花鰹,Auxis rochei rochei,,Actinopterygii,24.58,121.86,1969-06-17,1969,6,,1,臺灣魚類資料庫
圓花鰹,Auxis rochei rochei,,Actinopterygii,23.32,121.45,1993-11-28,1993,11,,1,臺灣魚類資料庫
圓花鰹,"Auxis rochei rochei (Risso, 1810)",,,23.9609,119.5364,2022-03-17,2022,3,,1,GBIF
圓花鰹,"Auxis rochei rochei (Risso, 1810)",,,24.8586,120.8641,2022-03-01,2022,3,,1,GBIF
圓花鰹,"Auxis rochei rochei (Risso, 1810)",,,24.1647,120.0044,2022-03-01,2022,3,,1,GBIF
圓花鰹,"Auxis rochei rochei (Risso, 1810)",,,24.0428,119.5668,2022-05-11,2022,5,,1,GBIF
圓花鰹,"Auxis rochei rochei (Risso, 1810)",,,24.4112,120.0178,2022-06-01,2022,6,,1,GBIF
圓花鰹,"Auxis rochei rochei (Risso, 1810)",,,24.3372,120.1916,2022-06-01,2022,6,,1,GBIF
圓花鰹,"Auxis rochei rochei (Risso, 1810)",,,24.8586,120.8641,2022-07-01,2022,7,,1,GBIF
圓花鰹,"Auxis rochei rochei (Risso, 1810)",,,24.7532,120.8276,2022-07-01,2022,7,,1,GBIF
圓花鰹,"Auxis rochei rochei (Risso, 1810)",,,24.1138,119.6179,2022-07-27,2022,7,,1,GBIF
圓花鰹,"Auxis rochei rochei (Risso, 1810)",,,24.8586,120.8641,2022-08-12,2022,8,,1,GBIF
圓花鰹,"Auxis rochei rochei (Risso, 1810)",,,24.0786,120.2626,2021-02-25,2021,2,,1,GBIF
圓花鰹,"Auxis rochei rochei (Risso, 1810)",,,24.186,120.0324,2021-02-01,2021,2,,1,GBIF
圓花鰹,"Auxis rochei rochei (Risso, 1810)",,,24.1983,120.3081,2021-03-01,2021,3,,1,GBIF
圓花鰹,"Auxis rochei rochei (Risso, 1810)",,,24.4505,120.1656,2021-03-19,2021,3,,1,GBIF
圓花鰹,"Auxis rochei rochei (Risso, 1810)",,,24.0448,119.7804,2021-04-12,2021,4,,1,GBIF
圓花鰹,"Auxis rochei rochei (Risso, 1810)",,,24.8586,120.8641,2021-05-11,2021,5,,1,GBIF
圓花鰹,"Auxis rochei rochei (Risso, 1810)",,,24.527,120.1054,2021-05-01,2021,5,,1,GBIF
圓花鰹,"Auxis rochei rochei (Risso, 1810)",,,24.6391,120.2198,2021-05-01,2021,5,,1,GBIF
圓花鰹,"Auxis rochei rochei (Risso, 1810)",,,24.062,119.6747,2021-06-01,2021,6,,1,GBIF
圓花鰹,"Auxis rochei rochei (Risso, 1810)",,,24.7988,120.7388,2021-06-24,2021,6,,1,GBIF
圓花鰹,"Auxis rochei rochei (Risso, 1810)",,,24.5417,120.4906,2021-07-15,2021,7,,1,GBIF
圓花鰹,"Auxis rochei rochei (Risso, 1810)",,,25.2179,121.3606,2021-07-27,2021,7,,1,GBIF
圓花鰹,"Auxis rochei rochei (Risso, 1810)",,,24.7121,120.784,2021-07-10,2021,7,,1,GBIF
圓花鰹,"Auxis rochei rochei (Risso, 1810)",,,24.9075,120.7375,2021-08-18,2021,8,,1,GBIF
圓花鰹,"Auxis rochei rochei (Risso, 1810)",,,24.9156,120.8111,2021-08-18,2021,8,,1,GBIF
圓花鰹,"Auxis rochei rochei (Risso, 1810)",,,24.5592,120.2263,2021-08-01,2021,8,,1,GBIF
圓花鰹,"Auxis rochei rochei (Risso, 1810)",,,24.6391,120.2198,2021-08-01,2021,8,,1,GBIF
圓花鰹,"Auxis rochei rochei (Risso, 1810)",,,24.4734,120.0311,2021-08-22,2021,8,,1,GBIF
圓花鰹,"Auxis rochei rochei (Risso, 1810)",,,24.1647,120.0044,2021-08-01,2021,8,,1,GBIF
圓花鰹,"Auxis rochei rochei (Risso, 1810)",,,24.577,120.1571,2021-08-22,2021,8,,1,GBIF
圓花鰹,"Auxis rochei rochei (Risso, 1810)",,,24.1313,119.6074,2021-08-30,2021,8,,1,GBIF
圓花鰹,"Auxis rochei rochei (Risso, 1810)",,,23.9312,119.6506,2021-08-30,2021,8,,1,GBIF
圓花鰹,"Auxis rochei rochei (Risso, 1810)",,,24.1649,119.8646,2020-03-12,2020,3,,1,GBIF
圓花鰹,"Auxis rochei rochei (Risso, 1810)",,,24.169,119.9532,2020-03-19,2020,3,,1,GBIF
圓花鰹,"Auxis rochei rochei (Risso, 1810)",,,24.8378,120.4526,2020-05-15,2020,5,,1,GBIF
圓花鰹,"Auxis rochei rochei (Risso, 1810)",,,24.6777,120.7176,2020-05-16,2020,5,,1,GBIF
圓花鰹,"Auxis rochei rochei (Risso, 1810)",,,24.8622,120.8909,2020-05-20,2020,5,,1,GBIF
圓花鰹,"Auxis rochei rochei (Risso, 1810)",,,24.7532,120.8276,2020-06-11,2020,6,,1,GBIF
圓花鰹,"Auxis rochei rochei (Risso, 1810)",,,24.7121,120.784,2020-06-11,2020,6,,1,GBIF
圓花鰹,"Auxis rochei rochei (Risso, 1810)",,,24.7608,120.6683,2020-07-01,2020,7,,1,GBIF
圓花鰹,"Auxis rochei rochei (Risso, 1810)",,,22.5468,120.162,2020-07-02,2020,7,,1,GBIF
圓花鰹,"Auxis rochei rochei (Risso, 1810)",,,24.1121,119.9122,2020-08-01,2020,8,,1,GBIF
圓花鰹,"Auxis rochei rochei (Risso, 1810)",,,24.7656,120.5448,2020-08-05,2020,8,,1,GBIF
圓花鰹,"Auxis rochei rochei (Risso, 1810)",,,24.2341,119.7896,2020-08-13,2020,8,,1,GBIF
圓花鰹,"Auxis rochei rochei (Risso, 1810)",,,22.8375,121.1891,2019-06-06,2019,6,,1,GBIF
圓花鰹,"Auxis rochei rochei (Risso, 1810)",,,25.1342,121.7435,2018-05-01,2018,5,,1,GBIF
圓花鰹,"Auxis rochei rochei (Risso, 1810)",,,24.5721,120.1742,2018-06-29,2018,6,,1,GBIF
圓花鰹,"Auxis rochei rochei (Risso, 1810)",,,24.5384,120.1576,2018-06-29,2018,6,,1,GBIF
圓花鰹,"Auxis rochei rochei (Risso, 1810)",,,24.4526,120.0756,2018-06-29,2018,6,,1,GBIF
圓花鰹,"Auxis rochei rochei (Risso, 1810)",,,24.4311,120.1392,2018-06-29,2018,6,,1,GBIF
圓花鰹,"Auxis rochei rochei (Risso, 1810)",,,24.8698,120.5605,2018-06-30,2018,6,,1,GBIF
圓花鰹,"Auxis rochei rochei (Risso, 1810)",,,23.5748,119.7031,2018-06-12,2018,6,,1,GBIF
圓花鰹,"Auxis rochei rochei (Risso, 1810)",,,23.6144,119.7172,2018-06-12,2018,6,,1,GBIF
圓花鰹,"Auxis rochei rochei (Risso, 1810)",,,24.2454,120.448,2018-06-25,2018,6,,1,GBIF
圓花鰹,"Auxis rochei rochei (Risso, 1810)",,,23.9715,120.0739,2016-05-05,2016,5,,1,GBIF
圓花鰹,"Auxis rochei rochei (Risso, 1810)",,,24.0284,120.1324,2016-05-05,2016,5,,1,GBIF
圓花鰹,Auxis sp.,,Actinopterygii,21.9,120.76,2003-06-04,2003,6,,1,臺灣魚類資料庫
圓花鰹,Auxis sp.,,Actinopterygii,21.99,120.66,2004-04-11,2004,4,,1,臺灣魚類資料庫
圓花鰹,Auxis sp.,,Actinopterygii,21.99,120.66,2004-04-10,2004,4,,1,臺灣魚類資料庫
圓花鰹,Auxis sp.,,Actinopterygii,21.95,120.79,2004-04-10,2004,4,,1,臺灣魚類資料庫
圓花鰹,Auxis sp.,,Actinopterygii,21.95,120.79,2004-04-11,2004,4,,1,臺灣魚類資料庫
圓花鰹,"Auxis thazard (Lacepède, 1800)",,,24.4973,121.8425,2024-06-11T16:24:02,2024,6,,1,GBIF
圓花鰹,Auxis thazard thazard,,Actinopterygii,23.05,121.23,1993-10-22,1993,10,,1,台灣水產試驗所－近海與外海標本數位典藏
圓花鰹,Auxis thazard thazard,,Actinopterygii,23.05,121.23,1994-01-14,1994,1,,1,台灣水產試驗所－近海與外海標本數位典藏
圓花鰹,Auxis thazard thazard,,Actinopterygii,23.05,121.23,1978-12-15,1978,12,,1,台灣水產試驗所－近海與外海標本數位典藏
圓花鰹,Auxis thazard thazard,,Actinopterygii,23.07,121.24,2005-06-09,2005,6,,1,台灣水產試驗所－近海與外海標本數位典藏
圓花鰹,Auxis thazard thazard,,Actinopterygii,23.12,121.42,2007-05-09,2007,5,,1,台灣水產試驗所－近海與外海標本數位典藏
圓花鰹,Auxis thazard thazard,,Actinopterygii,23.94,121.61,2005-04-26,2005,4,,1,臺灣魚類資料庫
圓花鰹,Auxis thazard thazard,,Actinopterygii,23.55,119.56,2006-09-08,2006,9,,1,臺灣魚類資料庫
圓花鰹,Auxis thazard thazard,,Actinopterygii,24.58,121.86,1969-12-23,1969,12,,1,臺灣魚類資料庫
圓花鰹,"Auxis thazard thazard (Lacepède, 1800)",,,24.009,119.6198,2022-03-17,2022,3,,1,GBIF
圓花鰹,"Auxis thazard thazard (Lacepède, 1800)",,,24.1416,119.9651,2022-06-01,2022,6,,1,GBIF
圓花鰹,"Auxis thazard thazard (Lacepède, 1800)",,,23.6945,120.086,2022-06-28,2022,6,,1,GBIF
圓花鰹,"Auxis thazard thazard (Lacepède, 1800)",,,24.8586,120.8641,2022-06-19,2022,6,,1,GBIF
圓花鰹,"Auxis thazard thazard (Lacepède, 1800)",,,24.1982,119.7601,2022-08-01,2022,8,,1,GBIF
圓花鰹,"Auxis thazard thazard (Lacepède, 1800)",,,24.8586,120.8641,2022-08-12,2022,8,,1,GBIF
圓花鰹,"Auxis thazard thazard (Lacepède, 1800)",,,25.2179,121.3606,2021-10-01,2021,10,,1,GBIF
圓花鰹,"Auxis thazard thazard (Lacepède, 1800)",,,24.6807,120.7801,2021-10-02,2021,10,,1,GBIF
圓花鰹,"Auxis thazard thazard (Lacepède, 1800)",,,24.8974,120.6225,2020-05-15,2020,5,,1,GBIF
圓花鰹,"Auxis thazard thazard (Lacepède, 1800)",,,24.6478,120.5847,2020-05-15,2020,5,,1,GBIF
圓花鰹,"Auxis thazard thazard (Lacepède, 1800)",,,24.7884,120.8092,2020-05-15,2020,5,,1,GBIF
圓花鰹,"Auxis thazard thazard (Lacepède, 1800)",,,24.8698,120.5605,2018-06-30,2018,6,,1,GBIF
圓鰺,Decapterus kurroides,,Actinopterygii,24.42,120.49,2002/3/20 00:00:00,2002,3,,1,臺灣周邊底拖網調查資料集
圓鰺,Decapterus kurroides,,Actinopterygii,22.25,120.37,2001/9/8 00:00:00,2001,9,,1,臺灣周邊底拖網調查資料集
圓鰺,Decapterus kurroides,,Actinopterygii,25.13,121.96,2000/3/27 00:00:00,2000,3,,1,臺灣周邊底拖網調查資料集
圓鰺,Decapterus kurroides,,Actinopterygii,25.18,121.93,2000/3/27 00:00:00,2000,3,,1,臺灣周邊底拖網調查資料集
圓鰺,Decapterus kurroides,,Actinopterygii,25.18,121.93,2000/6/8 00:00:00,2000,6,,1,臺灣周邊底拖網調查資料集
圓鰺,Decapterus kurroides,,Actinopterygii,23.19,121.18,2005-05-10,2005,5,,1,台灣水產試驗所－近海與外海標本數位典藏
圓鰺,Decapterus kurroides,,Actinopterygii,23.07,121.25,2009/4/15,2009,4,,1,台灣水產試驗所－近海與外海標本數位典藏
圓鰺,Decapterus kurroides,無斑圓鰺,Actinopterygii,21.94,120.74,2008-04-26,2008,4,,1,國立海洋生物博物館
圓鰺,Decapterus kurroides,,Actinopterygii,24.94,121.9,2005-08-01,2005,8,,1,臺灣魚類資料庫
圓鰺,Decapterus kurroides,,Actinopterygii,24.42,120.49,2002-03-20,2002,3,,1,臺灣魚類資料庫
圓鰺,Decapterus kurroides,,Actinopterygii,22.25,120.37,2001-09-08,2001,9,,1,臺灣魚類資料庫
圓鰺,Decapterus kurroides,,Actinopterygii,25.13,121.96,2000-03-27,2000,3,,1,臺灣魚類資料庫
圓鰺,Decapterus kurroides,,Actinopterygii,25.18,121.93,2000-03-27,2000,3,,1,臺灣魚類資料庫
圓鰺,Decapterus kurroides,,Actinopterygii,25.18,121.93,2000-06-08,2000,6,,1,臺灣魚類資料庫
圓鰺,Decapterus kurroides,,Actinopterygii,24.58,121.86,1969-06-07,1969,6,,1,臺灣魚類資料庫
圓鰺,Decapterus kurroides,,Actinopterygii,24.58,121.86,1969-11-07,1969,11,,1,臺灣魚類資料庫
圓鰺,Decapterus kurroides,,Actinopterygii,22.01,120.74,1970-12-01,1970,12,,1,臺灣魚類資料庫
圓鰺,Decapterus kurroides,,Actinopterygii,25.16,121.76,1979-12-08,1979,12,,1,臺灣魚類資料庫
圓鰺,Decapterus kurroides,,Actinopterygii,22.76,121.16,1993-05-11,1993,5,,1,臺灣魚類資料庫
圓鰺,Decapterus kurroides,,Actinopterygii,22.01,120.74,1970-06-04,1970,6,,1,臺灣魚類資料庫
圓鰺,Decapterus kurroides,,Actinopterygii,24.94,121.9,1993-01-14,1993,1,,1,臺灣魚類資料庫
圓鰺,Decapterus kurroides,,Actinopterygii,25.08,122.02,2000-03-27,2000,3,,1,臺灣魚類資料庫
圓鰺,Decapterus kurroides,,Actinopterygii,24.94,121.9,1990-03-09,1990,3,,1,國立海洋科技博物館
圓鰺,"Decapterus kurroides Bleeker, 1855",,,24.236,120.1544,2021-06-01,2021,6,,1,GBIF
圓鰺,Decapterus macarellus,,Actinopterygii,25.16,121.76,1962-10-14,1962,10,,1,台灣水產試驗所－近海與外海標本數位典藏
圓鰺,Decapterus macarellus,,Actinopterygii,25.16,121.76,1976-08-02,1976,8,,1,台灣水產試驗所－近海與外海標本數位典藏
圓鰺,Decapterus macarellus,,Actinopterygii,23.05,121.23,2005-08-19,2005,8,,1,台灣水產試驗所－近海與外海標本數位典藏
圓鰺,Decapterus macarellus,,Actinopterygii,23.58,121.19,2006-02-06,2006,2,,1,台灣水產試驗所－近海與外海標本數位典藏
圓鰺,Decapterus macarellus,,Actinopterygii,23.12,121.42,2006-05-09,2006,5,,1,台灣水產試驗所－近海與外海標本數位典藏
圓鰺,Decapterus macarellus,,Actinopterygii,22.48,120.46,1985-07-09,1985,7,,1,國立臺灣博物館
圓鰺,Decapterus macarellus,,Actinopterygii,23.55,119.56,2006-09-08,2006,9,,1,臺灣魚類資料庫
圓鰺,Decapterus macarellus,,Actinopterygii,22.01,120.74,1970-12-01,1970,12,,1,臺灣魚類資料庫
圓鰺,Decapterus macarellus,,Actinopterygii,22.01,120.74,1981-11-14,1981,11,,1,臺灣魚類資料庫
圓鰺,Decapterus macarellus,,Actinopterygii,24.58,121.86,1981-08-23,1981,8,,1,臺灣魚類資料庫
圓鰺,Decapterus macarellus,,Actinopterygii,21.96,120.76,1993-02-17,1993,2,,1,臺灣魚類資料庫
圓鰺,Decapterus macarellus,,Actinopterygii,22.0,120.75,1990-03-15,1990,3,,1,國立海洋科技博物館
圓鰺,Decapterus macarellus,,Actinopterygii,22.0,120.75,1991-08-04,1991,8,,1,國立海洋科技博物館
圓鰺,"Decapterus macarellus (Cuvier, 1833)",,,25.4832,122.1004,2025-04-08,2025,4,,1,GBIF
圓鰺,"Decapterus macarellus (Cuvier, 1833)",,,25.0533,121.0699,2024-04-16,2024,4,,1,GBIF
圓鰺,"Decapterus macarellus (Cuvier, 1833)",,,24.186,120.0324,2022-03-01,2022,3,,1,GBIF
圓鰺,"Decapterus macarellus (Cuvier, 1833)",,,24.3596,120.507,2022-03-01,2022,3,,1,GBIF
圓鰺,"Decapterus macarellus (Cuvier, 1833)",,,24.0471,119.8217,2021-06-01,2021,6,,1,GBIF
圓鰺,"Decapterus macarellus (Cuvier, 1833)",,,24.111,119.9659,2021-06-01,2021,6,,1,GBIF
圓鰺,"Decapterus macarellus (Cuvier, 1833)",,,25.4863,122.1039,2021-09-21,2021,9,,1,GBIF
圓鰺,"Decapterus macarellus (Cuvier, 1833)",,,24.186,120.0324,2020-03-19,2020,3,,1,GBIF
圓鰺,"Decapterus macarellus (Cuvier, 1833)",,,23.5809,119.9976,2020-04-15,2020,4,,1,GBIF
圓鰺,"Decapterus macarellus (Cuvier, 1833)",,,24.7027,120.7101,2020-07-01,2020,7,,1,GBIF
圓鰺,"Decapterus macarellus (Cuvier, 1833)",,,24.1014,120.3058,2020-11-20,2020,11,,1,GBIF
圓鰺,"Decapterus macarellus (Cuvier, 1833)",,,22.8369,121.1894,2019-01-19,2019,1,,1,GBIF
圓鰺,Decapterus macrosoma,,Actinopterygii,24.83,120.39,2002/9/2 00:00:00,2002,9,,1,臺灣周邊底拖網調查資料集
圓鰺,Decapterus macrosoma,,Actinopterygii,25.16,121.76,1951-10-11,1951,10,,1,台灣水產試驗所－近海與外海標本數位典藏
圓鰺,Decapterus macrosoma,,Actinopterygii,25.16,121.76,1956-07-02,1956,7,,1,台灣水產試驗所－近海與外海標本數位典藏
圓鰺,Decapterus macrosoma,,Actinopterygii,25.16,121.76,1956-12-08,1956,12,,1,台灣水產試驗所－近海與外海標本數位典藏
圓鰺,Decapterus macrosoma,,Actinopterygii,25.16,121.76,1953-08-16,1953,8,,1,台灣水產試驗所－近海與外海標本數位典藏
圓鰺,Decapterus macrosoma,,Actinopterygii,23.05,121.23,1993-11-27,1993,11,,1,台灣水產試驗所－近海與外海標本數位典藏
圓鰺,Decapterus macrosoma,,Actinopterygii,23.3,121.31,2005-04-18,2005,4,,1,台灣水產試驗所－近海與外海標本數位典藏
圓鰺,Decapterus macrosoma,,Actinopterygii,23.05,121.24,2005-10-14,2005,10,,1,台灣水產試驗所－近海與外海標本數位典藏
圓鰺,Decapterus macrosoma,,Actinopterygii,23.03,120.2,1984-05-12,1984,5,,1,國立臺灣博物館
圓鰺,Decapterus macrosoma,長身圓鰺,Actinopterygii,23.57,119.56,2010-09-01,2010,9,,1,國立海洋生物博物館
圓鰺,Decapterus macrosoma,,Actinopterygii,22.0,120.7,2002-06-04,2002,6,,1,臺灣魚類資料庫
圓鰺,Decapterus macrosoma,,Actinopterygii,23.55,119.56,2006-09-08,2006,9,,1,臺灣魚類資料庫
圓鰺,Decapterus macrosoma,,Actinopterygii,24.54,120.63,2006-09-20,2006,9,,1,臺灣魚類資料庫
圓鰺,Decapterus macrosoma,,Actinopterygii,24.82,120.41,2002-09-02,2002,9,,1,臺灣魚類資料庫
圓鰺,Decapterus macrosoma,,Actinopterygii,25.04,121.92,2006-03-22,2006,3,,1,臺灣魚類資料庫
圓鰺,Decapterus macrosoma,,Actinopterygii,24.83,120.39,2002-09-02,2002,9,,1,臺灣魚類資料庫
圓鰺,Decapterus macrosoma,,Actinopterygii,24.58,121.86,1969-09-05,1969,9,,1,臺灣魚類資料庫
圓鰺,Decapterus macrosoma,,Actinopterygii,24.58,121.86,1981-07-25,1981,7,,1,臺灣魚類資料庫
圓鰺,Decapterus macrosoma,,Actinopterygii,22.47,120.43,1993-02-18,1993,2,,1,臺灣魚類資料庫
圓鰺,Decapterus macrosoma,,Actinopterygii,23.1,121.37,1993-12-13,1993,12,,1,臺灣魚類資料庫
圓鰺,Decapterus macrosoma,,Actinopterygii,25.2,121.67,1996-09-17,1996,9,,1,臺灣魚類資料庫
圓鰺,"Decapterus macrosoma Bleeker, 1851",,,24.4009,120.1683,2022-06-01,2022,6,,1,GBIF
圓鰺,"Decapterus macrosoma Bleeker, 1851",,,24.8586,120.8641,2022-09-01,2022,9,,1,GBIF
圓鰺,"Decapterus macrosoma Bleeker, 1851",,,24.5632,120.1286,2022-11-01,2022,11,,1,GBIF
圓鰺,"Decapterus macrosoma Bleeker, 1851",,,23.9633,119.8121,2021-04-12,2021,4,,1,GBIF
圓鰺,"Decapterus macrosoma Bleeker, 1851",,,25.2179,121.3606,2021-07-27,2021,7,,1,GBIF
圓鰺,"Decapterus macrosoma Bleeker, 1851",,,23.5809,119.9976,2020-04-15,2020,4,,1,GBIF
圓鰺,Decapterus maruadsi,,Actinopterygii,24.14,120.35,2002/3/19 00:00:00,2002,3,,1,臺灣周邊底拖網調查資料集
圓鰺,Decapterus maruadsi,,Actinopterygii,24.14,120.35,2002/12/18 00:00:00,2002,12,,1,臺灣周邊底拖網調查資料集
圓鰺,Decapterus maruadsi,,Actinopterygii,24.14,120.34,2002/12/18 00:00:00,2002,12,,1,臺灣周邊底拖網調查資料集
圓鰺,Decapterus maruadsi,,Actinopterygii,24.18,120.33,2002/3/19 00:00:00,2002,3,,1,臺灣周邊底拖網調查資料集
圓鰺,Decapterus maruadsi,,Actinopterygii,24.82,120.44,2002/6/5 00:00:00,2002,6,,1,臺灣周邊底拖網調查資料集
圓鰺,Decapterus maruadsi,,Actinopterygii,24.83,120.39,2002/9/2 00:00:00,2002,9,,1,臺灣周邊底拖網調查資料集
圓鰺,Decapterus maruadsi,,Actinopterygii,24.76,120.35,2002/9/2 00:00:00,2002,9,,1,臺灣周邊底拖網調查資料集
圓鰺,Decapterus maruadsi,,Actinopterygii,23.38,119.77,2003/3/25 00:00:00,2003,3,,1,臺灣周邊底拖網調查資料集
圓鰺,Decapterus maruadsi,,Actinopterygii,23.33,119.72,2003/3/25 00:00:00,2003,3,,1,臺灣周邊底拖網調查資料集
圓鰺,Decapterus maruadsi,,Actinopterygii,23.38,119.77,2003/7/21 00:00:00,2003,7,,1,臺灣周邊底拖網調查資料集
圓鰺,Decapterus maruadsi,,Actinopterygii,23.42,119.59,2003/11/20 00:00:00,2003,11,,1,臺灣周邊底拖網調查資料集
圓鰺,Decapterus maruadsi,,Actinopterygii,23.38,119.77,2003/11/20 00:00:00,2003,11,,1,臺灣周邊底拖網調查資料集
圓鰺,Decapterus maruadsi,,Actinopterygii,25.41,121.58,2000/10/23 00:00:00,2000,10,,1,臺灣周邊底拖網調查資料集
圓鰺,Decapterus maruadsi,,Actinopterygii,25.18,121.93,2000/11/15 00:00:00,2000,11,,1,臺灣周邊底拖網調查資料集
圓鰺,Decapterus maruadsi,,Actinopterygii,25.13,121.96,2000/11/15 00:00:00,2000,11,,1,臺灣周邊底拖網調查資料集
圓鰺,Decapterus maruadsi,,Actinopterygii,24.88,121.89,2000/12/27 00:00:00,2000,12,,1,臺灣周邊底拖網調查資料集
圓鰺,Decapterus maruadsi,,Actinopterygii,24.91,121.87,2000/12/27 00:00:00,2000,12,,1,臺灣周邊底拖網調查資料集
圓鰺,Decapterus maruadsi,,Actinopterygii,25.41,121.58,2001/2/26 00:00:00,2001,2,,1,臺灣周邊底拖網調查資料集
圓鰺,Decapterus maruadsi,,Actinopterygii,24.94,121.9,1997-12-26,1997,12,,1,台灣水產試驗所－近海與外海標本數位典藏
圓鰺,Decapterus maruadsi,,Actinopterygii,25.16,121.76,1978-07-01,1978,7,,1,台灣水產試驗所－近海與外海標本數位典藏
圓鰺,Decapterus maruadsi,,Actinopterygii,23.05,121.23,1978-09-21,1978,9,,1,台灣水產試驗所－近海與外海標本數位典藏
圓鰺,Decapterus maruadsi,,Actinopterygii,23.05,121.23,1978-02-27,1978,2,,1,台灣水產試驗所－近海與外海標本數位典藏
圓鰺,Decapterus maruadsi,,Actinopterygii,23.15,120.12,1984-05-12,1984,5,,1,國立臺灣博物館
圓鰺,Decapterus maruadsi,藍圓鰺,Actinopterygii,21.94,120.73,2009-03-13,2009,3,,1,國立海洋生物博物館
圓鰺,Decapterus maruadsi,,Actinopterygii,24.14,120.36,2002-09-27,2002,9,,1,臺灣魚類資料庫
圓鰺,Decapterus maruadsi,,Actinopterygii,22.0,120.7,2002-06-04,2002,6,,1,臺灣魚類資料庫
圓鰺,Decapterus maruadsi,,Actinopterygii,24.21,120.38,2002-12-18,2002,12,,1,臺灣魚類資料庫
圓鰺,Decapterus maruadsi,,Actinopterygii,23.94,121.61,2005-04-26,2005,4,,1,臺灣魚類資料庫
圓鰺,Decapterus maruadsi,,Actinopterygii,24.75,120.36,2002-09-02,2002,9,,1,臺灣魚類資料庫
圓鰺,Decapterus maruadsi,,Actinopterygii,24.14,120.35,2002-03-19,2002,3,,1,臺灣魚類資料庫
圓鰺,Decapterus maruadsi,,Actinopterygii,24.14,120.35,2002-12-18,2002,12,,1,臺灣魚類資料庫
圓鰺,Decapterus maruadsi,,Actinopterygii,24.14,120.34,2002-12-18,2002,12,,1,臺灣魚類資料庫
圓鰺,Decapterus maruadsi,,Actinopterygii,24.18,120.33,2002-03-19,2002,3,,1,臺灣魚類資料庫
圓鰺,Decapterus maruadsi,,Actinopterygii,24.82,120.44,2002-06-05,2002,6,,1,臺灣魚類資料庫
圓鰺,Decapterus maruadsi,,Actinopterygii,24.83,120.39,2002-09-02,2002,9,,1,臺灣魚類資料庫
圓鰺,Decapterus maruadsi,,Actinopterygii,24.76,120.35,2002-09-02,2002,9,,1,臺灣魚類資料庫
圓鰺,Decapterus maruadsi,,Actinopterygii,23.38,119.77,2003-03-25,2003,3,,1,臺灣魚類資料庫
圓鰺,Decapterus maruadsi,,Actinopterygii,23.33,119.72,2003-03-25,2003,3,,1,臺灣魚類資料庫
圓鰺,Decapterus maruadsi,,Actinopterygii,23.38,119.77,2003-07-21,2003,7,,1,臺灣魚類資料庫
圓鰺,Decapterus maruadsi,,Actinopterygii,23.42,119.59,2003-11-20,2003,11,,1,臺灣魚類資料庫
圓鰺,Decapterus maruadsi,,Actinopterygii,23.38,119.77,2003-11-20,2003,11,,1,臺灣魚類資料庫
圓鰺,Decapterus maruadsi,,Actinopterygii,25.41,121.58,2000-10-23,2000,10,,1,臺灣魚類資料庫
圓鰺,Decapterus maruadsi,,Actinopterygii,25.18,121.93,2000-11-15,2000,11,,1,臺灣魚類資料庫
圓鰺,Decapterus maruadsi,,Actinopterygii,25.13,121.96,2000-11-15,2000,11,,1,臺灣魚類資料庫
圓鰺,Decapterus maruadsi,,Actinopterygii,24.88,121.89,2000-12-27,2000,12,,1,臺灣魚類資料庫
圓鰺,Decapterus maruadsi,,Actinopterygii,24.91,121.87,2000-12-27,2000,12,,1,臺灣魚類資料庫
圓鰺,Decapterus maruadsi,,Actinopterygii,25.41,121.58,2001-02-26,2001,2,,1,臺灣魚類資料庫
圓鰺,Decapterus maruadsi,,Actinopterygii,22.58,120.29,1970-05-15,1970,5,,1,臺灣魚類資料庫
圓鰺,Decapterus maruadsi,,Actinopterygii,25.17,121.41,1989-06-09,1989,6,,1,臺灣魚類資料庫
圓鰺,Decapterus maruadsi,,Actinopterygii,22.47,120.43,1993-06-20,1993,6,,1,臺灣魚類資料庫
圓鰺,Decapterus maruadsi,,Actinopterygii,22.58,120.29,1993-03-20,1993,3,,1,臺灣魚類資料庫
圓鰺,Decapterus maruadsi,,Actinopterygii,25.45,121.93,1990-01-17,1990,1,,1,臺灣魚類資料庫
圓鰺,Decapterus maruadsi,,Actinopterygii,24.94,121.9,1990-03-21,1990,3,,1,臺灣魚類資料庫
圓鰺,Decapterus maruadsi,,Actinopterygii,25.2,121.67,2000-10-23,2000,10,,1,臺灣魚類資料庫
圓鰺,Decapterus maruadsi,,Actinopterygii,24.91,121.92,2000-12-01,2000,12,,1,臺灣魚類資料庫
圓鰺,Decapterus maruadsi,,Actinopterygii,24.95,121.93,2000-12-01,2000,12,,1,臺灣魚類資料庫
圓鰺,Decapterus maruadsi,,Actinopterygii,25.08,122.02,2000-11-15,2000,11,,1,臺灣魚類資料庫
圓鰺,Decapterus maruadsi,,Actinopterygii,25.25,121.63,1990-01-01,1990,1,,1,國立海洋科技博物館
圓鰺,Decapterus maruadsi,,Actinopterygii,24.52,120.64,2002-02-04,2002,2,,1,國立海洋科技博物館
圓鰺,"Decapterus maruadsi (Temminck & Schlegel, 1843)",,,26.0454,119.3221,2025-02-20T16:39:27,2025,2,,1,GBIF
圓鰺,"Decapterus maruadsi (Temminck & Schlegel, 1843)",,,24.4135,118.1902,2023-07-24T09:48:44,2023,7,,1,GBIF
圓鰺,"Decapterus maruadsi (Temminck & Schlegel, 1843)",,,24.1982,119.7601,2022-01-01,2022,1,,1,GBIF
圓鰺,"Decapterus maruadsi (Temminck & Schlegel, 1843)",,,24.195,119.8185,2022-01-01,2022,1,,1,GBIF
圓鰺,"Decapterus maruadsi (Temminck & Schlegel, 1843)",,,23.6488,120.0539,2022-02-28,2022,2,,1,GBIF
圓鰺,"Decapterus maruadsi (Temminck & Schlegel, 1843)",,,24.4792,120.1753,2022-03-01,2022,3,,1,GBIF
圓鰺,"Decapterus maruadsi (Temminck & Schlegel, 1843)",,,24.8586,120.8641,2022-03-01,2022,3,,1,GBIF
圓鰺,"Decapterus maruadsi (Temminck & Schlegel, 1843)",,,24.1916,119.9219,2022-03-01,2022,3,,1,GBIF
圓鰺,"Decapterus maruadsi (Temminck & Schlegel, 1843)",,,24.009,119.6198,2022-03-17,2022,3,,1,GBIF
圓鰺,"Decapterus maruadsi (Temminck & Schlegel, 1843)",,,24.8586,120.8641,2022-04-29,2022,4,,1,GBIF
圓鰺,"Decapterus maruadsi (Temminck & Schlegel, 1843)",,,25.2179,121.3606,2022-04-08,2022,4,,1,GBIF
圓鰺,"Decapterus maruadsi (Temminck & Schlegel, 1843)",,,24.7844,120.8135,2022-05-09,2022,5,,1,GBIF
圓鰺,"Decapterus maruadsi (Temminck & Schlegel, 1843)",,,24.6304,120.228,2022-05-01,2022,5,,1,GBIF
圓鰺,"Decapterus maruadsi (Temminck & Schlegel, 1843)",,,23.9215,119.8217,2022-05-11,2022,5,,1,GBIF
圓鰺,"Decapterus maruadsi (Temminck & Schlegel, 1843)",,,24.0092,119.7353,2022-05-11,2022,5,,1,GBIF
圓鰺,"Decapterus maruadsi (Temminck & Schlegel, 1843)",,,24.1982,119.7601,2022-06-01,2022,6,,1,GBIF
圓鰺,"Decapterus maruadsi (Temminck & Schlegel, 1843)",,,25.2179,121.3606,2022-07-14,2022,7,,1,GBIF
圓鰺,"Decapterus maruadsi (Temminck & Schlegel, 1843)",,,24.1916,119.9219,2021-02-01,2021,2,,1,GBIF
圓鰺,"Decapterus maruadsi (Temminck & Schlegel, 1843)",,,24.4505,120.1656,2021-03-19,2021,3,,1,GBIF
圓鰺,"Decapterus maruadsi (Temminck & Schlegel, 1843)",,,24.785,120.6796,2021-03-29,2021,3,,1,GBIF
圓鰺,"Decapterus maruadsi (Temminck & Schlegel, 1843)",,,25.3889,121.6647,2021-04-13,2021,4,,1,GBIF
圓鰺,"Decapterus maruadsi (Temminck & Schlegel, 1843)",,,24.0448,119.7804,2021-04-12,2021,4,,1,GBIF
圓鰺,"Decapterus maruadsi (Temminck & Schlegel, 1843)",,,24.8622,120.8909,2021-04-28,2021,4,,1,GBIF
圓鰺,"Decapterus maruadsi (Temminck & Schlegel, 1843)",,,24.0505,120.2817,2021-05-04,2021,5,,1,GBIF
圓鰺,"Decapterus maruadsi (Temminck & Schlegel, 1843)",,,24.2593,120.0531,2021-05-21,2021,5,,1,GBIF
圓鰺,"Decapterus maruadsi (Temminck & Schlegel, 1843)",,,24.1916,119.9219,2021-05-01,2021,5,,1,GBIF
圓鰺,"Decapterus maruadsi (Temminck & Schlegel, 1843)",,,24.1425,119.8788,2021-08-01,2021,8,,1,GBIF
圓鰺,"Decapterus maruadsi (Temminck & Schlegel, 1843)",,,24.1647,120.0044,2021-08-01,2021,8,,1,GBIF
圓鰺,"Decapterus maruadsi (Temminck & Schlegel, 1843)",,,24.1234,119.7722,2020-01-22,2020,1,,1,GBIF
圓鰺,"Decapterus maruadsi (Temminck & Schlegel, 1843)",,,24.1452,119.7921,2020-01-22,2020,1,,1,GBIF
圓鰺,"Decapterus maruadsi (Temminck & Schlegel, 1843)",,,24.1257,119.7129,2020-01-22,2020,1,,1,GBIF
圓鰺,"Decapterus maruadsi (Temminck & Schlegel, 1843)",,,24.1077,119.9997,2020-03-18,2020,3,,1,GBIF
圓鰺,"Decapterus maruadsi (Temminck & Schlegel, 1843)",,,24.0473,120.2827,2020-03-18,2020,3,,1,GBIF
圓鰺,"Decapterus maruadsi (Temminck & Schlegel, 1843)",,,24.1982,119.7601,2020-03-12,2020,3,,1,GBIF
圓鰺,"Decapterus maruadsi (Temminck & Schlegel, 1843)",,,24.195,119.8185,2020-03-12,2020,3,,1,GBIF
圓鰺,"Decapterus maruadsi (Temminck & Schlegel, 1843)",,,24.807,120.4303,2020-05-15,2020,5,,1,GBIF
圓鰺,"Decapterus maruadsi (Temminck & Schlegel, 1843)",,,24.1319,120.0055,2020-07-24,2020,7,,1,GBIF
圓鰺,"Decapterus maruadsi (Temminck & Schlegel, 1843)",,,25.2179,121.3606,2019-04-18,2019,4,,1,GBIF
圓鰺,"Decapterus maruadsi (Temminck & Schlegel, 1843)",,,25.5,119.76,2018-01-06,2018,1,,1,GBIF
圓鰺,"Decapterus maruadsi (Temminck & Schlegel, 1843)",,,24.0404,120.2772,2018-03-14,2018,3,,1,GBIF
圓鰺,"Decapterus maruadsi (Temminck & Schlegel, 1843)",,,25.0503,121.0162,2018-03-09,2018,3,,1,GBIF
圓鰺,"Decapterus maruadsi (Temminck & Schlegel, 1843)",,,24.1306,120.0062,2018-06-27,2018,6,,1,GBIF
圓鰺,"Decapterus maruadsi (Temminck & Schlegel, 1843)",,,24.0993,119.9964,2018-12-20,2018,12,,1,GBIF
圓鰺,"Decapterus maruadsi (Temminck & Schlegel, 1843)",,,24.32,118.86,2017-02-12,2017,2,,1,GBIF
圓鰺,"Decapterus maruadsi (Temminck & Schlegel, 1843)",,,25.0503,121.0162,2017-04-11,2017,4,,1,GBIF
圓鰺,"Decapterus maruadsi (Temminck & Schlegel, 1843)",,,25.2,118.89,2017-05-18,2017,5,,1,GBIF
圓鰺,"Decapterus maruadsi (Temminck & Schlegel, 1843)",,,24.9,118.89,2017-07-20,2017,7,,1,GBIF
圓鰺,"Decapterus maruadsi (Temminck & Schlegel, 1843)",,,26.52,120.17,2017-09-11,2017,9,,1,GBIF
圓鰺,"Decapterus maruadsi (Temminck & Schlegel, 1843)",,,24.48,118.1,2017-09-06,2017,9,,1,GBIF
圓鰺,Decapterus russelli,,Actinopterygii,22.32,120.2,2001/6/8 00:00:00,2001,6,,1,臺灣周邊底拖網調查資料集
圓鰺,Decapterus russelli,,Actinopterygii,24.88,121.89,2001/4/10 00:00:00,2001,4,,1,臺灣周邊底拖網調查資料集
圓鰺,Decapterus russelli,,Actinopterygii,25.41,121.58,2000/10/23 00:00:00,2000,10,,1,臺灣周邊底拖網調查資料集
圓鰺,Decapterus russelli,,Actinopterygii,24.88,121.89,2000/2/17 00:00:00,2000,2,,1,臺灣周邊底拖網調查資料集
圓鰺,Decapterus russelli,羅氏圓鰺,Actinopterygii,24.58,121.86,2009-02-15,2009,2,,1,國立海洋生物博物館
圓鰺,Decapterus russelli,,Actinopterygii,22.82,121.2,2005-04-27,2005,4,,1,臺灣魚類資料庫
圓鰺,Decapterus russelli,,Actinopterygii,22.32,120.2,2001-06-08,2001,6,,1,臺灣魚類資料庫
圓鰺,Decapterus russelli,,Actinopterygii,24.88,121.89,2001-04-10,2001,4,,1,臺灣魚類資料庫
圓鰺,Decapterus russelli,,Actinopterygii,25.41,121.58,2000-10-23,2000,10,,1,臺灣魚類資料庫
圓鰺,Decapterus russelli,,Actinopterygii,24.88,121.89,2000-02-17,2000,2,,1,臺灣魚類資料庫
圓鰺,Decapterus russelli,,Actinopterygii,25.21,121.69,1993-12-07,1993,12,,1,臺灣魚類資料庫
圓鰺,Decapterus russelli,,Actinopterygii,25.15,121.42,2000-10-23,2000,10,,1,臺灣魚類資料庫
圓鰺,Decapterus russelli,,Actinopterygii,24.91,121.92,2000-02-07,2000,2,,1,臺灣魚類資料庫
圓鰺,"Decapterus russelli (Rüppell, 1830)",,,23.6031,120.0334,2020-04-15,2020,4,,1,GBIF
圓鰺,Decapterus sp.,,Actinopterygii,21.9,120.76,2003-06-04,2003,6,,1,臺灣魚類資料庫
圓鰺,Decapterus sp.,,Actinopterygii,22.0,120.7,2003-06-01,2003,6,,1,臺灣魚類資料庫
圓鰺,Decapterus sp.,,Actinopterygii,21.99,120.66,2004-04-11,2004,4,,1,臺灣魚類資料庫
圓鰺,Decapterus sp.,,Actinopterygii,21.95,120.79,2004-04-11,2004,4,,1,臺灣魚類資料庫
圓鰺,Decapterus sp.,,Actinopterygii,22.33,120.37,2007-10-02,2007,10,,1,臺灣魚類資料庫
圓鰺,Decapterus sp.,,Actinopterygii,22.36,120.37,2007-10-02,2007,10,,1,臺灣魚類資料庫
圓鰺,Decapterus tabl,,Actinopterygii,22.25,120.37,2001/9/8 00:00:00,2001,9,,1,臺灣周邊底拖網調查資料集
圓鰺,Decapterus tabl,,Actinopterygii,22.24,120.19,2001/11/8 00:00:00,2001,11,,1,臺灣周邊底拖網調查資料集
圓鰺,Decapterus tabl,,Actinopterygii,23.05,121.22,2008/10/13,2008,10,,1,台灣水產試驗所－近海與外海標本數位典藏
圓鰺,Decapterus tabl,,Actinopterygii,22.25,120.37,2001-09-08,2001,9,,1,臺灣魚類資料庫
圓鰺,Decapterus tabl,,Actinopterygii,22.24,120.19,2001-11-08,2001,11,,1,臺灣魚類資料庫
圓鰺,Decapterus tabl,,Actinopterygii,24.58,121.86,1969-07-07,1969,7,,1,臺灣魚類資料庫
圓鰺,Decapterus tabl,,Actinopterygii,24.58,121.86,1969-09-05,1969,9,,1,臺灣魚類資料庫
圓鰺,Decapterus tabl,,Actinopterygii,24.98,121.04,1993-04-24,1993,4,,1,臺灣魚類資料庫
土魠(馬加鰆),BOLD:AAB5512,,,25.5,119.76,2018-01-06,2018,1,,1,GBIF
土魠(馬加鰆),BOLD:AAB5512,,,25.2,118.89,2017-05-18,2017,5,,1,GBIF
土魠(馬加鰆),BOLD:AAB5512,,,24.9,118.89,2017-07-20,2017,7,,1,GBIF
土魠(馬加鰆),BOLD:AAB5512,,,24.48,118.1,2017-09-06,2017,9,,1,GBIF
土魠(馬加鰆),Scomberomorus commerson,,Actinopterygii,24.14,120.35,2002/12/18 00:00:00,2002,12,,1,臺灣周邊底拖網調查資料集
土魠(馬加鰆),Scomberomorus commerson,,Actinopterygii,24.18,120.33,2002/12/18 00:00:00,2002,12,,1,臺灣周邊底拖網調查資料集
土魠(馬加鰆),Scomberomorus commerson,,Actinopterygii,23.05,121.23,2006-05-02,2006,5,,1,台灣水產試驗所－近海與外海標本數位典藏
土魠(馬加鰆),Scomberomorus commerson,,Actinopterygii,25.16,121.76,1945-10-01,1945,10,,1,國立臺灣博物館
土魠(馬加鰆),Scomberomorus commerson,,Actinopterygii,24.06,120.43,2002-09-27,2002,9,,1,臺灣魚類資料庫
土魠(馬加鰆),Scomberomorus commerson,,Actinopterygii,22.47,120.43,2007-10-02,2007,10,,1,臺灣魚類資料庫
土魠(馬加鰆),Scomberomorus commerson,,Actinopterygii,24.14,120.35,2002-12-18,2002,12,,1,臺灣魚類資料庫
土魠(馬加鰆),Scomberomorus commerson,,Actinopterygii,24.18,120.33,2002-12-18,2002,12,,1,臺灣魚類資料庫
土魠(馬加鰆),Scomberomorus commerson,,Actinopterygii,22.58,120.29,1982-12-10,1982,12,,1,臺灣魚類資料庫
土魠(馬加鰆),Scomberomorus commerson,,Actinopterygii,22.46,120.46,1991-06-14,1991,6,,1,國立海洋科技博物館
土魠(馬加鰆),"Scomberomorus commerson (Lacepède, 1800)",,,24.5824,121.9824,2025-12-18T16:16,2025,12,,1,GBIF
土魠(馬加鰆),"Scomberomorus commerson (Lacepède, 1800)",,,23.6367,121.611,2024-01-29T11:13,2024,1,,1,GBIF
土魠(馬加鰆),"Scomberomorus commerson (Lacepède, 1800)",,,23.7896,121.6236,2024-02-02T09:33,2024,2,,1,GBIF
土魠(馬加鰆),"Scomberomorus commerson (Lacepède, 1800)",,,23.1416,121.2402,2023-12-29T13:48:49,2023,12,,1,GBIF
土魠(馬加鰆),"Scomberomorus commerson (Lacepède, 1800)",,,25.3889,121.6647,2022-04-12,2022,4,,1,GBIF
土魠(馬加鰆),"Scomberomorus commerson (Lacepède, 1800)",,,24.1007,119.6391,2022-05-11,2022,5,,1,GBIF
土魠(馬加鰆),"Scomberomorus commerson (Lacepède, 1800)",,,24.1982,119.7601,2022-06-01,2022,6,,1,GBIF
土魠(馬加鰆),"Scomberomorus commerson (Lacepède, 1800)",,,24.1916,119.9219,2021-08-01,2021,8,,1,GBIF
土魠(馬加鰆),"Scomberomorus commerson (Lacepède, 1800)",,,24.0568,120.2914,2021-09-02,2021,9,,1,GBIF
土魠(馬加鰆),"Scomberomorus commerson (Lacepède, 1800)",,,24.1659,119.9115,2020-03-19,2020,3,,1,GBIF
土魠(馬加鰆),"Scomberomorus commerson (Lacepède, 1800)",,,24.0617,120.2861,2020-07-24,2020,7,,1,GBIF
土魠(馬加鰆),"Scomberomorus commerson (Lacepède, 1800)",,,23.0902,120.1461,2019-12-24T13:30,2019,12,,1,GBIF
土魠(馬加鰆),"Scomberomorus commerson (Lacepède, 1800)",,,23.0326,120.1377,2019-12-02T13:48,2019,12,,1,GBIF
土魠(馬加鰆),"Scomberomorus commerson (Lacepède, 1800)",,,25.5,119.76,2018-01-06,2018,1,,1,GBIF
土魠(馬加鰆),"Scomberomorus commerson (Lacepède, 1800)",,,25.2,118.89,2017-05-18,2017,5,,1,GBIF
土魠(馬加鰆),"Scomberomorus commerson (Lacepède, 1800)",,,24.9,118.89,2017-07-20,2017,7,,1,GBIF
土魠(馬加鰆),"Scomberomorus commerson (Lacepède, 1800)",,,24.48,118.1,2017-09-06,2017,9,,1,GBIF
土魠(馬加鰆),"Scomberomorus commerson (Lacepède, 1800)",,,24.0461,120.2102,2016-08-11,2016,8,,1,GBIF
土魠(馬加鰆),Scomberomorus guttatus,,Actinopterygii,24.14,120.35,2002/12/18 00:00:00,2002,12,,1,臺灣周邊底拖網調查資料集
土魠(馬加鰆),Scomberomorus guttatus,,Actinopterygii,24.18,120.33,2002/12/18 00:00:00,2002,12,,1,臺灣周邊底拖網調查資料集
土魠(馬加鰆),Scomberomorus guttatus,,Actinopterygii,23.45,119.62,2003/11/20 00:00:00,2003,11,,1,臺灣周邊底拖網調查資料集
土魠(馬加鰆),Scomberomorus guttatus,,Actinopterygii,25.41,121.58,2000/3/31 00:00:00,2000,3,,1,臺灣周邊底拖網調查資料集
土魠(馬加鰆),Scomberomorus guttatus,,Actinopterygii,25.16,121.76,1956-01-30,1956,1,,1,台灣水產試驗所－近海與外海標本數位典藏
土魠(馬加鰆),Scomberomorus guttatus,,Actinopterygii,23.05,121.23,1993-10-20,1993,10,,1,台灣水產試驗所－近海與外海標本數位典藏
土魠(馬加鰆),Scomberomorus guttatus,,Actinopterygii,21.1,121.37,1991-01-22,1991,1,,1,台灣水產試驗所－近海與外海標本數位典藏
土魠(馬加鰆),Scomberomorus guttatus,,Actinopterygii,22.48,120.46,1983-11-02,1983,11,,1,國立臺灣博物館
土魠(馬加鰆),Scomberomorus guttatus,,Actinopterygii,22.01,120.74,1985-12-04,1985,12,,1,國立臺灣博物館
土魠(馬加鰆),Scomberomorus guttatus,,Actinopterygii,24.06,120.43,2002-09-27,2002,9,,1,臺灣魚類資料庫
土魠(馬加鰆),Scomberomorus guttatus,,Actinopterygii,24.94,121.9,2005-04-24,2005,4,,1,臺灣魚類資料庫
土魠(馬加鰆),Scomberomorus guttatus,,Actinopterygii,24.14,120.35,2002-12-18,2002,12,,1,臺灣魚類資料庫
土魠(馬加鰆),Scomberomorus guttatus,,Actinopterygii,24.18,120.33,2002-12-18,2002,12,,1,臺灣魚類資料庫
土魠(馬加鰆),Scomberomorus guttatus,,Actinopterygii,23.45,119.62,2003-11-20,2003,11,,1,臺灣魚類資料庫
土魠(馬加鰆),Scomberomorus guttatus,,Actinopterygii,25.41,121.58,2000-03-31,2000,3,,1,臺灣魚類資料庫
土魠(馬加鰆),Scomberomorus guttatus,,Actinopterygii,22.58,120.29,1974-01-10,1974,1,,1,臺灣魚類資料庫
土魠(馬加鰆),Scomberomorus guttatus,,Actinopterygii,22.47,120.43,1979-10-18,1979,10,,1,臺灣魚類資料庫
土魠(馬加鰆),Scomberomorus guttatus,,Actinopterygii,23.57,119.56,1975-09-09,1975,9,,1,臺灣魚類資料庫
土魠(馬加鰆),"Scomberomorus guttatus (Bloch & Schneider, 1801)",,,24.2998,120.4864,2024-11-06T00:03:54,2024,11,,1,GBIF
土魠(馬加鰆),"Scomberomorus guttatus (Bloch & Schneider, 1801)",,,23.1896,120.0858,2020-12-09T13:40,2020,12,,1,GBIF
土魠(馬加鰆),"Scomberomorus guttatus (Bloch & Schneider, 1801)",,,23.1896,120.0858,2020-12-11T13:25,2020,12,,1,GBIF
土魠(馬加鰆),"Scomberomorus guttatus (Bloch & Schneider, 1801)",,,24.097,119.9971,2018-03-14,2018,3,,1,GBIF
土魠(馬加鰆),Scomberomorus koreanus,,Actinopterygii,24.44,120.65,1990-01-14,1990,1,,1,臺灣魚類資料庫
土魠(馬加鰆),Scomberomorus niphonius,,Actinopterygii,24.18,120.33,2002/12/18 00:00:00,2002,12,,1,臺灣周邊底拖網調查資料集
土魠(馬加鰆),Scomberomorus niphonius,,Actinopterygii,24.06,120.43,2002-09-27,2002,9,,1,臺灣魚類資料庫
土魠(馬加鰆),Scomberomorus niphonius,,Actinopterygii,25.07,121.92,2005-02-27,2005,2,,1,臺灣魚類資料庫
土魠(馬加鰆),Scomberomorus niphonius,,Actinopterygii,24.94,121.9,2005-04-24,2005,4,,1,臺灣魚類資料庫
土魠(馬加鰆),Scomberomorus niphonius,,Actinopterygii,24.18,120.33,2002-12-18,2002,12,,1,臺灣魚類資料庫
土魠(馬加鰆),"Scomberomorus niphonius (Cuvier, 1832)",,,24.4247,119.4027,2023-07-24T09:50:20,2023,7,,1,GBIF
土魠(馬加鰆),"Scomberomorus niphonius (Cuvier, 1832)",,,24.6623,120.7851,2021-11-13T15:13,2021,11,,1,GBIF
土魠(馬加鰆),"Scomberomorus niphonius (Cuvier, 1832)",,,23.1897,120.0859,2019-12-09T13:33,2019,12,,1,GBIF
大目鰱,Priacanthus blochii,,Actinopterygii,23.24,119.97,2003-10-01,2003,10,,1,臺灣魚類資料庫
大目鰱,Priacanthus blochii,,Actinopterygii,22.01,120.74,1979-12-18,1979,12,,1,臺灣魚類資料庫
大目鰱,Priacanthus blochii,,Actinopterygii,22.47,120.43,1980-03-27,1980,3,,1,臺灣魚類資料庫
大目鰱,Priacanthus cruentatus,,Actinopterygii,22.1,121.6,1980-04-01,1980,4,,1,臺灣魚類資料庫
大目鰱,Priacanthus cruentatus,,Actinopterygii,22.1,121.6,1980-04-23,1980,4,,1,臺灣魚類資料庫
大目鰱,Priacanthus cruentatus,,Actinopterygii,22.01,120.74,1991-09-15,1991,9,,1,臺灣魚類資料庫
大目鰱,Priacanthus cruentatus,,Actinopterygii,22.46,120.46,1991-01-18,1991,1,,1,國立海洋科技博物館
大目鰱,Priacanthus fitchi,,Actinopterygii,21.58,117.29,2005/8/17 00:00:00,2005,8,,1,台灣周邊海域深海魚研究船調查資料集
大目鰱,Priacanthus fitchi,深水大眼鯛,Actinopterygii,22.47,120.43,2011-12-29,2011,12,,1,國立海洋生物博物館
大目鰱,Priacanthus fitchi,,Actinopterygii,21.59,117.29,2005-08-17,2005,8,,1,臺灣魚類資料庫
大目鰱,Priacanthus hamrur,,Actinopterygii,23.05,121.22,2008/10/13,2008,10,,1,台灣水產試驗所－近海與外海標本數位典藏
大目鰱,Priacanthus hamrur,,Actinopterygii,23.57,119.56,1946-08-01,1946,8,,1,國立臺灣博物館
大目鰱,Priacanthus hamrur,,Actinopterygii,25.16,121.76,1979-08-06,1979,8,,1,臺灣魚類資料庫
大目鰱,Priacanthus hamrur,,Actinopterygii,24.97,121.91,1979-08-17,1979,8,,1,臺灣魚類資料庫
大目鰱,Priacanthus hamrur,,Actinopterygii,22.01,120.74,1991-12-04,1991,12,,1,臺灣魚類資料庫
大目鰱,Priacanthus hamrur,,Actinopterygii,25.16,121.76,1980-01-04,1980,1,,1,臺灣魚類資料庫
大目鰱,Priacanthus hamrur,,Actinopterygii,22.46,120.46,1991-08-30,1991,8,,1,國立海洋科技博物館
大目鰱,"Priacanthus hamrur (Forsskål, 1775)",,,22.3398,120.3707,2026-01-03T08:33,2026,1,,1,GBIF
大目鰱,"Priacanthus hamrur (Forsskål, 1775)",,,21.9482,120.7633,2026-04-19T11:12:40,2026,4,,1,GBIF
大目鰱,"Priacanthus hamrur (Forsskål, 1775)",,,25.1137,121.9198,2025-07-05T15:59,2025,7,,1,GBIF
大目鰱,"Priacanthus hamrur (Forsskål, 1775)",,,25.1134,121.9201,2025-08-09T16:22,2025,8,,1,GBIF
大目鰱,"Priacanthus hamrur (Forsskål, 1775)",,,23.6976,121.6322,2024-01-15T09:24,2024,1,,1,GBIF
大目鰱,"Priacanthus hamrur (Forsskål, 1775)",,,25.1238,121.906,2024-07-19T13:48:11,2024,7,,1,GBIF
大目鰱,"Priacanthus hamrur (Forsskål, 1775)",,,25.1143,121.9196,2024-08-23T11:49,2024,8,,1,GBIF
大目鰱,"Priacanthus hamrur (Forsskål, 1775)",,,25.1141,121.9196,2024-09-01T13:03,2024,9,,1,GBIF
大目鰱,"Priacanthus hamrur (Forsskål, 1775)",,,25.114,121.9196,2024-09-14T13:51,2024,9,,1,GBIF
大目鰱,"Priacanthus hamrur (Forsskål, 1775)",,,23.5408,121.5581,2023-05-19T11:39,2023,5,,1,GBIF
大目鰱,"Priacanthus hamrur (Forsskål, 1775)",,,21.9506,120.7704,2023-07-23T10:44,2023,7,,1,GBIF
大目鰱,"Priacanthus hamrur (Forsskål, 1775)",,,25.1158,121.9179,2023-08-23T14:04:51,2023,8,,1,GBIF
大目鰱,"Priacanthus hamrur (Forsskål, 1775)",,,21.9292,120.7987,2023-10-28T14:35:10,2023,10,,1,GBIF
大目鰱,"Priacanthus hamrur (Forsskål, 1775)",,,22.6399,121.4774,2023-11-17T09:39:39,2023,11,,1,GBIF
大目鰱,"Priacanthus hamrur (Forsskål, 1775)",,,22.6364,121.4759,2023-11-17T09:34:38,2023,11,,1,GBIF
大目鰱,"Priacanthus hamrur (Forsskål, 1775)",,,22.6376,121.4804,2023-11-17T09:36:25,2023,11,,1,GBIF
大目鰱,"Priacanthus hamrur (Forsskål, 1775)",,,21.9427,120.7528,2023-11-04T10:39,2023,11,,1,GBIF
大目鰱,"Priacanthus hamrur (Forsskål, 1775)",,,22.6383,121.4784,2023-11-17T09:39:39,2023,11,,1,GBIF
大目鰱,"Priacanthus hamrur (Forsskål, 1775)",,,22.6412,121.4759,2023-11-17T09:39:39,2023,11,,1,GBIF
大目鰱,"Priacanthus hamrur (Forsskål, 1775)",,,22.6414,121.4773,2023-11-17T09:39:39,2023,11,,1,GBIF
大目鰱,"Priacanthus hamrur (Forsskål, 1775)",,,21.9268,120.7838,2022-07-06T10:20:28,2022,7,,1,GBIF
大目鰱,"Priacanthus hamrur (Forsskål, 1775)",,,25.1138,121.9198,2022-11-12T10:36:42,2022,11,,1,GBIF
大目鰱,"Priacanthus hamrur (Forsskål, 1775)",,,25.1143,121.9196,2021-10-16T20:52:56,2021,10,,1,GBIF
大目鰱,"Priacanthus hamrur (Forsskål, 1775)",,,25.1146,121.9193,2021-10-16T20:48:16,2021,10,,1,GBIF
大目鰱,"Priacanthus hamrur (Forsskål, 1775)",,,22.0068,121.5651,2021-10-19T10:24,2021,10,,1,GBIF
大目鰱,Priacanthus macracanthus,,Actinopterygii,24.82,120.44,2002/3/21 00:00:00,2002,3,,1,臺灣周邊底拖網調查資料集
大目鰱,Priacanthus macracanthus,,Actinopterygii,24.82,120.44,2002/9/2 00:00:00,2002,9,,1,臺灣周邊底拖網調查資料集
大目鰱,Priacanthus macracanthus,,Actinopterygii,24.83,120.39,2002/9/2 00:00:00,2002,9,,1,臺灣周邊底拖網調查資料集
大目鰱,Priacanthus macracanthus,,Actinopterygii,24.76,120.35,2002/6/5 00:00:00,2002,6,,1,臺灣周邊底拖網調查資料集
大目鰱,Priacanthus macracanthus,,Actinopterygii,24.76,120.35,2002/9/2 00:00:00,2002,9,,1,臺灣周邊底拖網調查資料集
大目鰱,Priacanthus macracanthus,,Actinopterygii,22.28,120.36,2001/9/8 00:00:00,2001,9,,1,臺灣周邊底拖網調查資料集
大目鰱,Priacanthus macracanthus,,Actinopterygii,22.32,120.2,2001/11/8 00:00:00,2001,11,,1,臺灣周邊底拖網調查資料集
大目鰱,Priacanthus macracanthus,,Actinopterygii,22.42,120.26,2001/11/10 00:00:00,2001,11,,1,臺灣周邊底拖網調查資料集
大目鰱,Priacanthus macracanthus,,Actinopterygii,22.29,120.17,2001/12/8 00:00:00,2001,12,,1,臺灣周邊底拖網調查資料集
大目鰱,Priacanthus macracanthus,,Actinopterygii,23.42,119.7,2003/3/25 00:00:00,2003,3,,1,臺灣周邊底拖網調查資料集
大目鰱,Priacanthus macracanthus,,Actinopterygii,23.33,119.72,2003/3/25 00:00:00,2003,3,,1,臺灣周邊底拖網調查資料集
大目鰱,Priacanthus macracanthus,,Actinopterygii,23.44,119.68,2003/7/21 00:00:00,2003,7,,1,臺灣周邊底拖網調查資料集
大目鰱,Priacanthus macracanthus,,Actinopterygii,23.48,119.63,2003/11/20 00:00:00,2003,11,,1,臺灣周邊底拖網調查資料集
大目鰱,Priacanthus macracanthus,,Actinopterygii,23.44,119.59,2003/11/20 00:00:00,2003,11,,1,臺灣周邊底拖網調查資料集
大目鰱,Priacanthus macracanthus,,Actinopterygii,23.42,119.59,2003/11/20 00:00:00,2003,11,,1,臺灣周邊底拖網調查資料集
大目鰱,Priacanthus macracanthus,,Actinopterygii,23.39,119.66,2003/11/20 00:00:00,2003,11,,1,臺灣周邊底拖網調查資料集
大目鰱,Priacanthus macracanthus,,Actinopterygii,23.38,119.77,2003/11/20 00:00:00,2003,11,,1,臺灣周邊底拖網調查資料集
大目鰱,Priacanthus macracanthus,,Actinopterygii,24.88,121.89,2001/4/10 00:00:00,2001,4,,1,臺灣周邊底拖網調查資料集
大目鰱,Priacanthus macracanthus,,Actinopterygii,25.13,121.96,2000/3/27 00:00:00,2000,3,,1,臺灣周邊底拖網調查資料集
大目鰱,Priacanthus macracanthus,,Actinopterygii,25.18,121.93,2000/3/27 00:00:00,2000,3,,1,臺灣周邊底拖網調查資料集
大目鰱,Priacanthus macracanthus,,Actinopterygii,25.41,121.58,2000/3/31 00:00:00,2000,3,,1,臺灣周邊底拖網調查資料集
大目鰱,Priacanthus macracanthus,,Actinopterygii,25.19,122.03,2000/3/27 00:00:00,2000,3,,1,臺灣周邊底拖網調查資料集
大目鰱,Priacanthus macracanthus,,Actinopterygii,25.41,121.58,2000/6/23 00:00:00,2000,6,,1,臺灣周邊底拖網調查資料集
大目鰱,Priacanthus macracanthus,,Actinopterygii,25.18,121.93,2000/6/8 00:00:00,2000,6,,1,臺灣周邊底拖網調查資料集
大目鰱,Priacanthus macracanthus,,Actinopterygii,24.91,121.87,2000/7/13 00:00:00,2000,7,,1,臺灣周邊底拖網調查資料集
大目鰱,Priacanthus macracanthus,,Actinopterygii,25.41,121.58,2000/10/23 00:00:00,2000,10,,1,臺灣周邊底拖網調查資料集
大目鰱,Priacanthus macracanthus,,Actinopterygii,25.18,121.93,2000/11/15 00:00:00,2000,11,,1,臺灣周邊底拖網調查資料集
大目鰱,Priacanthus macracanthus,,Actinopterygii,25.13,121.96,2000/11/15 00:00:00,2000,11,,1,臺灣周邊底拖網調查資料集
大目鰱,Priacanthus macracanthus,,Actinopterygii,24.79,121.97,2000/12/27 00:00:00,2000,12,,1,臺灣周邊底拖網調查資料集
大目鰱,Priacanthus macracanthus,,Actinopterygii,24.88,121.89,2000/12/27 00:00:00,2000,12,,1,臺灣周邊底拖網調查資料集
大目鰱,Priacanthus macracanthus,,Actinopterygii,24.91,121.87,2000/12/27 00:00:00,2000,12,,1,臺灣周邊底拖網調查資料集
大目鰱,Priacanthus macracanthus,,Actinopterygii,25.41,121.58,2001/2/26 00:00:00,2001,2,,1,臺灣周邊底拖網調查資料集
大目鰱,Priacanthus macracanthus,,Actinopterygii,24.88,121.89,2000/2/17 00:00:00,2000,2,,1,臺灣周邊底拖網調查資料集
大目鰱,Priacanthus macracanthus,,Actinopterygii,24.91,121.87,2000/2/17 00:00:00,2000,2,,1,臺灣周邊底拖網調查資料集
大目鰱,Priacanthus macracanthus,,Actinopterygii,22.25,120.37,2001/3/8 00:00:00,2001,3,,1,臺灣周邊底拖網調查資料集
大目鰱,Priacanthus macracanthus,,Actinopterygii,25.13,121.96,2001/3/6 00:00:00,2001,3,,1,臺灣周邊底拖網調查資料集
大目鰱,Priacanthus macracanthus,,Actinopterygii,25.16,121.76,1953-06-01,1953,6,,1,台灣水產試驗所－近海與外海標本數位典藏
大目鰱,Priacanthus macracanthus,,Actinopterygii,25.16,121.76,1953-12-01,1953,12,,1,台灣水產試驗所－近海與外海標本數位典藏
大目鰱,Priacanthus macracanthus,,Actinopterygii,22.48,120.46,1957-08-01,1957,8,,1,台灣水產試驗所－近海與外海標本數位典藏
大目鰱,Priacanthus macracanthus,,Actinopterygii,23.3,121.31,1985-03-02,1985,3,,1,台灣水產試驗所－近海與外海標本數位典藏
大目鰱,Priacanthus macracanthus,,Actinopterygii,23.05,121.23,2005-06-29,2005,6,,1,台灣水產試驗所－近海與外海標本數位典藏
大目鰱,Priacanthus macracanthus,,Actinopterygii,23.19,121.18,2009/4/15,2009,4,,1,台灣水產試驗所－近海與外海標本數位典藏
大目鰱,Priacanthus macracanthus,,Actinopterygii,23.19,121.18,2009/4/17,2009,4,,1,台灣水產試驗所－近海與外海標本數位典藏
大目鰱,Priacanthus macracanthus,,Actinopterygii,24.94,121.9,1984-11-23,1984,11,,1,國立臺灣博物館
大目鰱,Priacanthus macracanthus,大棘大眼鯛,Actinopterygii,23.57,119.56,2010-09-01,2010,9,,1,國立海洋生物博物館
大目鰱,Priacanthus macracanthus,,Actinopterygii,22.22,120.38,2001-02-28,2001,2,,1,臺灣魚類資料庫
大目鰱,Priacanthus macracanthus,,Actinopterygii,24.94,121.9,2005-03-07,2005,3,,1,臺灣魚類資料庫
大目鰱,Priacanthus macracanthus,,Actinopterygii,24.94,121.9,2005-10-04,2005,10,,1,臺灣魚類資料庫
大目鰱,Priacanthus macracanthus,,Actinopterygii,21.99,120.66,2004-04-10,2004,4,,1,臺灣魚類資料庫
大目鰱,Priacanthus macracanthus,,Actinopterygii,24.75,120.36,2002-09-02,2002,9,,1,臺灣魚類資料庫
大目鰱,Priacanthus macracanthus,,Actinopterygii,24.85,120.48,2002-09-02,2002,9,,1,臺灣魚類資料庫
大目鰱,Priacanthus macracanthus,,Actinopterygii,24.82,120.44,2002-03-21,2002,3,,1,臺灣魚類資料庫
大目鰱,Priacanthus macracanthus,,Actinopterygii,24.82,120.44,2002-09-02,2002,9,,1,臺灣魚類資料庫
大目鰱,Priacanthus macracanthus,,Actinopterygii,24.83,120.39,2002-09-02,2002,9,,1,臺灣魚類資料庫
大目鰱,Priacanthus macracanthus,,Actinopterygii,24.76,120.35,2002-06-05,2002,6,,1,臺灣魚類資料庫
大目鰱,Priacanthus macracanthus,,Actinopterygii,24.76,120.35,2002-09-02,2002,9,,1,臺灣魚類資料庫
大目鰱,Priacanthus macracanthus,,Actinopterygii,22.28,120.36,2001-09-08,2001,9,,1,臺灣魚類資料庫
大目鰱,Priacanthus macracanthus,,Actinopterygii,22.32,120.2,2001-11-08,2001,11,,1,臺灣魚類資料庫
大目鰱,Priacanthus macracanthus,,Actinopterygii,22.42,120.26,2001-11-10,2001,11,,1,臺灣魚類資料庫
大目鰱,Priacanthus macracanthus,,Actinopterygii,22.29,120.17,2001-12-08,2001,12,,1,臺灣魚類資料庫
大目鰱,Priacanthus macracanthus,,Actinopterygii,23.42,119.7,2003-03-25,2003,3,,1,臺灣魚類資料庫
大目鰱,Priacanthus macracanthus,,Actinopterygii,23.33,119.72,2003-03-25,2003,3,,1,臺灣魚類資料庫
大目鰱,Priacanthus macracanthus,,Actinopterygii,23.44,119.68,2003-07-21,2003,7,,1,臺灣魚類資料庫
大目鰱,Priacanthus macracanthus,,Actinopterygii,23.48,119.63,2003-11-20,2003,11,,1,臺灣魚類資料庫
大目鰱,Priacanthus macracanthus,,Actinopterygii,23.44,119.59,2003-11-20,2003,11,,1,臺灣魚類資料庫
大目鰱,Priacanthus macracanthus,,Actinopterygii,23.42,119.59,2003-11-20,2003,11,,1,臺灣魚類資料庫
大目鰱,Priacanthus macracanthus,,Actinopterygii,23.39,119.66,2003-11-20,2003,11,,1,臺灣魚類資料庫
大目鰱,Priacanthus macracanthus,,Actinopterygii,23.38,119.77,2003-11-20,2003,11,,1,臺灣魚類資料庫
大目鰱,Priacanthus macracanthus,,Actinopterygii,24.88,121.89,2001-04-10,2001,4,,1,臺灣魚類資料庫
大目鰱,Priacanthus macracanthus,,Actinopterygii,25.13,121.96,2000-03-27,2000,3,,1,臺灣魚類資料庫
大目鰱,Priacanthus macracanthus,,Actinopterygii,25.18,121.93,2000-03-27,2000,3,,1,臺灣魚類資料庫
大目鰱,Priacanthus macracanthus,,Actinopterygii,25.41,121.58,2000-03-31,2000,3,,1,臺灣魚類資料庫
大目鰱,Priacanthus macracanthus,,Actinopterygii,25.19,122.03,2000-03-27,2000,3,,1,臺灣魚類資料庫
大目鰱,Priacanthus macracanthus,,Actinopterygii,25.41,121.58,2000-06-23,2000,6,,1,臺灣魚類資料庫
大目鰱,Priacanthus macracanthus,,Actinopterygii,25.18,121.93,2000-06-08,2000,6,,1,臺灣魚類資料庫
大目鰱,Priacanthus macracanthus,,Actinopterygii,24.91,121.87,2000-07-13,2000,7,,1,臺灣魚類資料庫
大目鰱,Priacanthus macracanthus,,Actinopterygii,25.41,121.58,2000-10-23,2000,10,,1,臺灣魚類資料庫
大目鰱,Priacanthus macracanthus,,Actinopterygii,25.18,121.93,2000-11-15,2000,11,,1,臺灣魚類資料庫
大目鰱,Priacanthus macracanthus,,Actinopterygii,25.13,121.96,2000-11-15,2000,11,,1,臺灣魚類資料庫
大目鰱,Priacanthus macracanthus,,Actinopterygii,24.79,121.97,2000-12-27,2000,12,,1,臺灣魚類資料庫
大目鰱,Priacanthus macracanthus,,Actinopterygii,24.88,121.89,2000-12-27,2000,12,,1,臺灣魚類資料庫
大目鰱,Priacanthus macracanthus,,Actinopterygii,24.91,121.87,2000-12-27,2000,12,,1,臺灣魚類資料庫
大目鰱,Priacanthus macracanthus,,Actinopterygii,25.41,121.58,2001-02-26,2001,2,,1,臺灣魚類資料庫
大目鰱,Priacanthus macracanthus,,Actinopterygii,24.88,121.89,2000-02-17,2000,2,,1,臺灣魚類資料庫
大目鰱,Priacanthus macracanthus,,Actinopterygii,24.91,121.87,2000-02-17,2000,2,,1,臺灣魚類資料庫
大目鰱,Priacanthus macracanthus,,Actinopterygii,22.25,120.37,2001-03-08,2001,3,,1,臺灣魚類資料庫
大目鰱,Priacanthus macracanthus,,Actinopterygii,25.13,121.96,2001-03-06,2001,3,,1,臺灣魚類資料庫
大目鰱,Priacanthus macracanthus,,Actinopterygii,22.9,120.18,1979-03-16,1979,3,,1,臺灣魚類資料庫
大目鰱,Priacanthus macracanthus,,Actinopterygii,22.47,120.43,1991-01-18,1991,1,,1,臺灣魚類資料庫
大目鰱,Priacanthus macracanthus,,Actinopterygii,24.95,121.93,2001-03-23,2001,3,,1,臺灣魚類資料庫
大目鰱,Priacanthus macracanthus,,Actinopterygii,24.78,122.03,2000-12-01,2000,12,,1,臺灣魚類資料庫
大目鰱,Priacanthus macracanthus,,Actinopterygii,24.95,121.93,2000-12-01,2000,12,,1,臺灣魚類資料庫
大目鰱,Priacanthus macracanthus,,Actinopterygii,25.04,122.05,2000-11-15,2000,11,,1,臺灣魚類資料庫
大目鰱,Priacanthus macracanthus,,Actinopterygii,25.08,122.02,2000-11-05,2000,11,,1,臺灣魚類資料庫
大目鰱,Priacanthus macracanthus,,Actinopterygii,25.15,121.42,2001-02-26,2001,2,,1,臺灣魚類資料庫
大目鰱,Priacanthus macracanthus,,Actinopterygii,22.46,120.46,1991-01-18,1991,1,,1,國立海洋科技博物館
大目鰱,Priacanthus macracanthus,,Actinopterygii,24.89,121.95,2002-04-04,2002,4,,1,國立海洋科技博物館
大目鰱,Priacanthus macracanthus,,Actinopterygii,24.91,122.02,2004-07-06,2004,7,,1,國立海洋科技博物館
大目鰱,"Priacanthus macracanthus Cuvier, 1829",,,24.5892,120.3753,2021-05-18,2021,5,,1,GBIF
大目鰱,"Priacanthus macracanthus Cuvier, 1829",,,24.1894,119.9723,2021-08-01,2021,8,,1,GBIF
大目鰱,"Priacanthus macracanthus Cuvier, 1829",,,24.3965,120.0805,2021-08-22,2021,8,,1,GBIF
大目鰱,"Priacanthus macracanthus Cuvier, 1829",,,24.0408,119.6981,2021-08-30,2021,8,,1,GBIF
大目鰱,"Priacanthus macracanthus Cuvier, 1829",,,23.1897,120.0859,2020-05-15T13:38,2020,5,,1,GBIF
大目鰱,"Priacanthus macracanthus Cuvier, 1829",,,24.9036,120.6699,2020-05-15,2020,5,,1,GBIF
大目鰱,"Priacanthus macracanthus Cuvier, 1829",,,24.2341,119.7896,2020-08-13,2020,8,,1,GBIF
大目鰱,"Priacanthus macracanthus Cuvier, 1829",,,23.1896,120.0858,2020-12-29T13:53,2020,12,,1,GBIF
大目鰱,"Priacanthus macracanthus Cuvier, 1829",,,23.1897,120.0859,2019-12-02T13:45,2019,12,,1,GBIF
大目鰱,"Priacanthus macracanthus Cuvier, 1829",,,23.1897,120.0859,2019-12-23T13:40,2019,12,,1,GBIF
大目鰱,"Priacanthus macracanthus Cuvier, 1829",,,25.0503,121.0162,2017-04-11,2017,4,,1,GBIF
大目鰱,Priacanthus sagittarius,,Actinopterygii,23.1,121.22,2006-03-08,2006,3,,1,台灣水產試驗所－近海與外海標本數位典藏
大目鰱,Priacanthus sagittarius,,Actinopterygii,22.57,121.22,2006-08-17,2006,8,,1,台灣水產試驗所－近海與外海標本數位典藏
大目鰱,Priacanthus sagittarius,,Actinopterygii,23.05,121.24,2006-10-04,2006,10,,1,台灣水產試驗所－近海與外海標本數位典藏
大目鰱,Priacanthus sagittarius,,Actinopterygii,23.02,121.2,2007-12-04,2007,12,,1,台灣水產試驗所－近海與外海標本數位典藏
大目鰱,Priacanthus sp.,,Actinopterygii,22.0,120.7,2001-04-15,2001,4,,1,臺灣魚類資料庫
大目鰱,Priacanthus sp.,,Actinopterygii,25.45,121.93,1990-07-17,1990,7,,1,臺灣魚類資料庫
大目鰱,Priacanthus sp.,,Actinopterygii,22.01,120.74,1980-05-25,1980,5,,1,臺灣魚類資料庫
大目鰱,Priacanthus sp.,,Actinopterygii,24.58,121.86,1997-11-21,1997,11,,1,臺灣魚類資料庫
大目鰱,Priacanthus tayenus,,Actinopterygii,22.25,120.37,2001/3/8 00:00:00,2001,3,,1,臺灣周邊底拖網調查資料集
大目鰱,Priacanthus tayenus,,Actinopterygii,25.16,121.76,1952-05-01,1952,5,,1,台灣水產試驗所－近海與外海標本數位典藏
大目鰱,Priacanthus tayenus,曳絲大眼鯛,Actinopterygii,24.58,121.86,2009-12-01,2009,12,,1,國立海洋生物博物館
大目鰱,Priacanthus tayenus,,Actinopterygii,22.22,120.38,2001-02-28,2001,2,,1,臺灣魚類資料庫
大目鰱,Priacanthus tayenus,,Actinopterygii,22.25,120.37,2001-03-08,2001,3,,1,臺灣魚類資料庫
大目鰱,Priacanthus tayenus,,Actinopterygii,22.58,120.29,1979-08-25,1979,8,,1,臺灣魚類資料庫
大目鰱,Priacanthus tayenus,,Actinopterygii,22.9,120.18,1979-11-20,1979,11,,1,臺灣魚類資料庫
大目鰱,Priacanthus tayenus,,Actinopterygii,22.58,120.29,1980-04-28,1980,4,,1,臺灣魚類資料庫
大目鰱,Priacanthus tayenus,,Actinopterygii,25.18,121.45,1990-09-17,1990,9,,1,國立海洋科技博物館
大目鰱,Priacanthus zaiserae,,Actinopterygii,23.05,121.23,1994-02-08,1994,2,,1,台灣水產試驗所－近海與外海標本數位典藏
大目鰱,Priacanthus zaiserae,,Actinopterygii,22.48,120.46,1983-10-02,1983,10,,1,國立臺灣博物館
巴鰹,Euthynnus affinis,,Actinopterygii,25.16,121.76,1956-07-28,1956,7,,1,台灣水產試驗所－近海與外海標本數位典藏
巴鰹,Euthynnus affinis,,Actinopterygii,21.1,121.37,1991-01-18,1991,1,,1,台灣水產試驗所－近海與外海標本數位典藏
巴鰹,Euthynnus affinis,,Actinopterygii,23.05,121.23,1978-12-15,1978,12,,1,台灣水產試驗所－近海與外海標本數位典藏
巴鰹,Euthynnus affinis,,Actinopterygii,23.05,121.22,2008/1/14,2008,1,,1,台灣水產試驗所－近海與外海標本數位典藏
巴鰹,Euthynnus affinis,,Actinopterygii,23.07,121.32,2008/1/14,2008,1,,1,台灣水產試驗所－近海與外海標本數位典藏
巴鰹,Euthynnus affinis,,Actinopterygii,21.97,120.7,2001-11-16,2001,11,,1,臺灣魚類資料庫
巴鰹,Euthynnus affinis,,Actinopterygii,23.55,119.56,2006-09-08,2006,9,,1,臺灣魚類資料庫
巴鰹,Euthynnus affinis,,Actinopterygii,23.1,121.37,1993-08-11,1993,8,,1,臺灣魚類資料庫
巴鰹,Euthynnus affinis,,Actinopterygii,24.58,121.86,1969-12-23,1969,12,,1,臺灣魚類資料庫
巴鰹,"Euthynnus affinis (Cantor, 1849)",,,24.7794,118.772,2025-04-12T15:25:42,2025,4,,1,GBIF
巴鰹,"Euthynnus affinis (Cantor, 1849)",,,23.8612,118.7559,2023-11-19T19:16,2023,11,,1,GBIF
巴鰹,"Euthynnus affinis (Cantor, 1849)",,,21.7299,120.8879,2023-11-17T15:00,2023,11,,1,GBIF
巴鰹,"Euthynnus affinis (Cantor, 1849)",,,24.3092,120.1601,2022-04-22T13:24,2022,4,,1,GBIF
巴鰹,"Euthynnus affinis (Cantor, 1849)",,,24.8586,120.8641,2022-04-29,2022,4,,1,GBIF
巴鰹,"Euthynnus affinis (Cantor, 1849)",,,24.009,119.6198,2022-05-11,2022,5,,1,GBIF
巴鰹,"Euthynnus affinis (Cantor, 1849)",,,24.5632,120.1286,2022-05-01,2022,5,,1,GBIF
巴鰹,"Euthynnus affinis (Cantor, 1849)",,,23.9215,119.8217,2022-05-11,2022,5,,1,GBIF
巴鰹,"Euthynnus affinis (Cantor, 1849)",,,24.1916,119.9219,2022-06-01,2022,6,,1,GBIF
巴鰹,"Euthynnus affinis (Cantor, 1849)",,,24.8586,120.8641,2022-06-19,2022,6,,1,GBIF
巴鰹,"Euthynnus affinis (Cantor, 1849)",,,23.919,119.8052,2022-06-28,2022,6,,1,GBIF
巴鰹,"Euthynnus affinis (Cantor, 1849)",,,24.8586,120.8641,2022-07-01,2022,7,,1,GBIF
巴鰹,"Euthynnus affinis (Cantor, 1849)",,,23.6031,120.0334,2022-07-12,2022,7,,1,GBIF
巴鰹,"Euthynnus affinis (Cantor, 1849)",,,23.9398,119.6565,2022-07-27,2022,7,,1,GBIF
巴鰹,"Euthynnus affinis (Cantor, 1849)",,,24.1138,119.6179,2022-07-27,2022,7,,1,GBIF
巴鰹,"Euthynnus affinis (Cantor, 1849)",,,25.2179,121.3606,2022-07-14,2022,7,,1,GBIF
巴鰹,"Euthynnus affinis (Cantor, 1849)",,,23.9888,119.7023,2022-07-27,2022,7,,1,GBIF
巴鰹,"Euthynnus affinis (Cantor, 1849)",,,24.0407,119.8558,2021-04-12,2021,4,,1,GBIF
巴鰹,"Euthynnus affinis (Cantor, 1849)",,,24.7789,120.4018,2021-04-28,2021,4,,1,GBIF
巴鰹,"Euthynnus affinis (Cantor, 1849)",,,24.9886,120.7985,2021-05-11,2021,5,,1,GBIF
巴鰹,"Euthynnus affinis (Cantor, 1849)",,,23.6488,120.0539,2021-05-07,2021,5,,1,GBIF
巴鰹,"Euthynnus affinis (Cantor, 1849)",,,24.5582,120.5216,2021-05-25,2021,5,,1,GBIF
巴鰹,"Euthynnus affinis (Cantor, 1849)",,,24.2684,119.8368,2021-05-21,2021,5,,1,GBIF
巴鰹,"Euthynnus affinis (Cantor, 1849)",,,24.7988,120.7388,2021-06-24,2021,6,,1,GBIF
巴鰹,"Euthynnus affinis (Cantor, 1849)",,,24.8598,120.4985,2021-07-15,2021,7,,1,GBIF
巴鰹,"Euthynnus affinis (Cantor, 1849)",,,24.7121,120.784,2021-07-10,2021,7,,1,GBIF
巴鰹,"Euthynnus affinis (Cantor, 1849)",,,23.92,119.808,2021-08-30,2021,8,,1,GBIF
巴鰹,"Euthynnus affinis (Cantor, 1849)",,,24.4219,119.9663,2021-09-06T11:49,2021,9,,1,GBIF
巴鰹,"Euthynnus affinis (Cantor, 1849)",,,24.5171,120.5563,2021-09-21,2021,9,,1,GBIF
巴鰹,"Euthynnus affinis (Cantor, 1849)",,,24.5356,120.5854,2020-05-15,2020,5,,1,GBIF
巴鰹,"Euthynnus affinis (Cantor, 1849)",,,24.4622,121.8206,2020-06-05T08:42:28,2020,6,,1,GBIF
巴鰹,"Euthynnus affinis (Cantor, 1849)",,,24.7608,120.6683,2020-07-17,2020,7,,1,GBIF
巴鰹,"Euthynnus affinis (Cantor, 1849)",,,22.5468,120.162,2020-07-02,2020,7,,1,GBIF
巴鰹,"Euthynnus affinis (Cantor, 1849)",,,24.2655,119.8509,2020-08-13,2020,8,,1,GBIF
巴鰹,"Euthynnus affinis (Cantor, 1849)",,,25.2179,121.3606,2019-04-18,2019,4,,1,GBIF
巴鰹,"Euthynnus affinis (Cantor, 1849)",,,24.3696,120.0202,2016-08-31,2016,8,,1,GBIF
巴鰹,"Euthynnus affinis (Cantor, 1849)",,,24.0461,120.2102,2016-08-11,2016,8,,1,GBIF
扁甲鰺,BOLD:AAB5271,,,25.5,119.76,2018-01-06,2018,1,,1,GBIF
扁甲鰺,BOLD:AAB5271,,,25.2,118.89,2017-05-18,2017,5,,1,GBIF
扁甲鰺,BOLD:AAB5271,,,24.9,118.89,2017-07-20,2017,7,,1,GBIF
扁甲鰺,BOLD:AAB5271,,,24.48,118.1,2017-09-06,2017,9,,1,GBIF
扁甲鰺,BOLD:AAB5271,,,26.52,120.17,2017-09-11,2017,9,,1,GBIF
扁甲鰺,Megalaspis cordyla,,Actinopterygii,24.14,120.35,2002/12/18 00:00:00,2002,12,,1,臺灣周邊底拖網調查資料集
扁甲鰺,Megalaspis cordyla,,Actinopterygii,24.18,120.33,2002/3/19 00:00:00,2002,3,,1,臺灣周邊底拖網調查資料集
扁甲鰺,Megalaspis cordyla,,Actinopterygii,24.18,120.33,2002/12/18 00:00:00,2002,12,,1,臺灣周邊底拖網調查資料集
扁甲鰺,Megalaspis cordyla,,Actinopterygii,24.82,120.44,2002/6/5 00:00:00,2002,6,,1,臺灣周邊底拖網調查資料集
扁甲鰺,Megalaspis cordyla,,Actinopterygii,24.83,120.39,2002/6/5 00:00:00,2002,6,,1,臺灣周邊底拖網調查資料集
扁甲鰺,Megalaspis cordyla,,Actinopterygii,24.47,120.6,2002/12/3 00:00:00,2002,12,,1,臺灣周邊底拖網調查資料集
扁甲鰺,Megalaspis cordyla,,Actinopterygii,22.51,120.4,1957-10-23,1957,10,,1,台灣水產試驗所－近海與外海標本數位典藏
扁甲鰺,Megalaspis cordyla,,Actinopterygii,25.16,121.76,1974-04-05,1974,4,,1,台灣水產試驗所－近海與外海標本數位典藏
扁甲鰺,Megalaspis cordyla,,Actinopterygii,23.05,121.23,1993-11-16,1993,11,,1,台灣水產試驗所－近海與外海標本數位典藏
扁甲鰺,Megalaspis cordyla,,Actinopterygii,23.05,121.23,1978-09-21,1978,9,,1,台灣水產試驗所－近海與外海標本數位典藏
扁甲鰺,Megalaspis cordyla,,Actinopterygii,23.05,121.23,2005-06-29,2005,6,,1,台灣水產試驗所－近海與外海標本數位典藏
扁甲鰺,Megalaspis cordyla,,Actinopterygii,23.12,121.42,2006-06-14,2006,6,,1,台灣水產試驗所－近海與外海標本數位典藏
扁甲鰺,Megalaspis cordyla,,Actinopterygii,24.58,121.86,1987-12-26,1987,12,,1,國立臺灣博物館
扁甲鰺,Megalaspis cordyla,大甲鰺,Actinopterygii,24.45,118.4,2009-11-06,2009,11,,1,國立海洋生物博物館
扁甲鰺,Megalaspis cordyla,,Actinopterygii,24.06,120.43,2002-09-28,2002,9,,1,臺灣魚類資料庫
扁甲鰺,Megalaspis cordyla,,Actinopterygii,22.47,120.43,2004-08-16,2004,8,,1,臺灣魚類資料庫
扁甲鰺,Megalaspis cordyla,,Actinopterygii,24.82,120.41,2002-06-05,2002,6,,1,臺灣魚類資料庫
扁甲鰺,Megalaspis cordyla,,Actinopterygii,24.14,120.35,2002-12-18,2002,12,,1,臺灣魚類資料庫
扁甲鰺,Megalaspis cordyla,,Actinopterygii,24.18,120.33,2002-03-19,2002,3,,1,臺灣魚類資料庫
扁甲鰺,Megalaspis cordyla,,Actinopterygii,24.18,120.33,2002-12-18,2002,12,,1,臺灣魚類資料庫
扁甲鰺,Megalaspis cordyla,,Actinopterygii,24.82,120.44,2002-06-05,2002,6,,1,臺灣魚類資料庫
扁甲鰺,Megalaspis cordyla,,Actinopterygii,24.83,120.39,2002-06-05,2002,6,,1,臺灣魚類資料庫
扁甲鰺,Megalaspis cordyla,,Actinopterygii,24.47,120.6,2002-12-03,2002,12,,1,臺灣魚類資料庫
扁甲鰺,Megalaspis cordyla,,Actinopterygii,24.58,121.86,1969-08-18,1969,8,,1,臺灣魚類資料庫
扁甲鰺,Megalaspis cordyla,,Actinopterygii,25.2,121.67,1975-08-05,1975,8,,1,臺灣魚類資料庫
扁甲鰺,Megalaspis cordyla,,Actinopterygii,22.01,120.74,1981-11-15,1981,11,,1,臺灣魚類資料庫
扁甲鰺,Megalaspis cordyla,,Actinopterygii,22.01,120.74,1979-12-01,1979,12,,1,臺灣魚類資料庫
扁甲鰺,Megalaspis cordyla,,Actinopterygii,24.44,120.65,1990-01-14,1990,1,,1,臺灣魚類資料庫
扁甲鰺,Megalaspis cordyla,,Actinopterygii,23.95,120.31,1990-08-14,1990,8,,1,臺灣魚類資料庫
扁甲鰺,Megalaspis cordyla,,Actinopterygii,22.56,120.28,1990-03-13,1990,3,,1,國立海洋科技博物館
扁甲鰺,Megalaspis cordyla,,Actinopterygii,24.47,120.57,2004-06-15,2004,6,,1,國立海洋科技博物館
扁甲鰺,"Megalaspis cordyla (Linnaeus, 1758)",,,23.3684,121.6323,2023-11-10T15:20,2023,11,,1,GBIF
扁甲鰺,"Megalaspis cordyla (Linnaeus, 1758)",,,23.6031,120.0334,2021-05-07,2021,5,,1,GBIF
扁甲鰺,"Megalaspis cordyla (Linnaeus, 1758)",,,23.5809,119.9976,2021-09-30,2021,9,,1,GBIF
扁甲鰺,"Megalaspis cordyla (Linnaeus, 1758)",,,23.6031,120.0334,2020-06-02,2020,6,,1,GBIF
扁甲鰺,"Megalaspis cordyla (Linnaeus, 1758)",,,24.6237,120.6916,2020-09-29,2020,9,,1,GBIF
扁甲鰺,"Megalaspis cordyla (Linnaeus, 1758)",,,23.1896,120.086,2020-11-26T13:30:31,2020,11,,1,GBIF
扁甲鰺,"Megalaspis cordyla (Linnaeus, 1758)",,,23.1896,120.0858,2019-11-29T13:49,2019,11,,1,GBIF
扁甲鰺,"Megalaspis cordyla (Linnaeus, 1758)",,,25.5,119.76,2018-01-06,2018,1,,1,GBIF
扁甲鰺,"Megalaspis cordyla (Linnaeus, 1758)",,,25.2,118.89,2017-05-18,2017,5,,1,GBIF
扁甲鰺,"Megalaspis cordyla (Linnaeus, 1758)",,,25.0503,121.0162,2017-06-01,2017,6,,1,GBIF
扁甲鰺,"Megalaspis cordyla (Linnaeus, 1758)",,,24.9,118.89,2017-07-20,2017,7,,1,GBIF
扁甲鰺,"Megalaspis cordyla (Linnaeus, 1758)",,,24.48,118.1,2017-09-06,2017,9,,1,GBIF
扁甲鰺,"Megalaspis cordyla (Linnaeus, 1758)",,,26.52,120.17,2017-09-11,2017,9,,1,GBIF
扁甲鰺,"Megalaspis cordyla (Linnaeus, 1758)",,,25.0503,121.0162,2017-09-27,2017,9,,1,GBIF
扁甲鰺,"Megalaspis cordyla (Linnaeus, 1758)",,,24.3696,120.0202,2016-08-31,2016,8,,1,GBIF
扁甲鰺,"Megalaspis cordyla (Linnaeus, 1758)",,,24.3516,119.9117,2016-08-31,2016,8,,1,GBIF
扁甲鰺,"Megalaspis cordyla (Linnaeus, 1758)",,,24.0034,120.212,2016-08-11,2016,8,,1,GBIF
方頭魚(馬頭),Branchiostegus albus,,Actinopterygii,25.16,121.76,1952-03-24,1952,3,,1,台灣水產試驗所－近海與外海標本數位典藏
方頭魚(馬頭),Branchiostegus albus,,Actinopterygii,22.57,121.2,2006-03-31,2006,3,,1,台灣水產試驗所－近海與外海標本數位典藏
方頭魚(馬頭),Branchiostegus albus,,Actinopterygii,25.18,121.43,1990-09-17,1990,9,,1,臺灣魚類資料庫
方頭魚(馬頭),Branchiostegus albus,,Actinopterygii,25.16,121.76,2008-05-21,2008,5,,1,臺灣魚類資料庫
方頭魚(馬頭),Branchiostegus albus,,Actinopterygii,25.16,121.76,2008-05-22,2008,5,,1,臺灣魚類資料庫
方頭魚(馬頭),Branchiostegus albus,,Actinopterygii,22.58,120.29,1985-12-05,1985,12,,1,臺灣魚類資料庫
方頭魚(馬頭),Branchiostegus albus,,Actinopterygii,24.94,121.9,1990-09-17,1990,9,,1,國立海洋科技博物館
方頭魚(馬頭),"Branchiostegus albus Dooley, 1978",,,24.104,120.2476,2021-02-25,2021,2,,1,GBIF
方頭魚(馬頭),"Branchiostegus albus Dooley, 1978",,,24.7346,120.4734,2021-04-28,2021,4,,1,GBIF
方頭魚(馬頭),"Branchiostegus albus Dooley, 1978",,,24.7789,120.4018,2021-04-28,2021,4,,1,GBIF
方頭魚(馬頭),"Branchiostegus albus Dooley, 1978",,,24.8974,120.6225,2020-05-15,2020,5,,1,GBIF
方頭魚(馬頭),Branchiostegus argentatus,,Actinopterygii,25.18,121.93,2000/11/15 00:00:00,2000,11,,1,臺灣周邊底拖網調查資料集
方頭魚(馬頭),Branchiostegus argentatus,,Actinopterygii,25.13,121.96,2000/11/15 00:00:00,2000,11,,1,臺灣周邊底拖網調查資料集
方頭魚(馬頭),Branchiostegus argentatus,,Actinopterygii,24.79,121.97,2000/12/27 00:00:00,2000,12,,1,臺灣周邊底拖網調查資料集
方頭魚(馬頭),Branchiostegus argentatus,,Actinopterygii,24.88,121.89,2000/12/27 00:00:00,2000,12,,1,臺灣周邊底拖網調查資料集
方頭魚(馬頭),Branchiostegus argentatus,,Actinopterygii,25.18,121.93,2000-11-15,2000,11,,1,臺灣魚類資料庫
方頭魚(馬頭),Branchiostegus argentatus,,Actinopterygii,25.13,121.96,2000-11-15,2000,11,,1,臺灣魚類資料庫
方頭魚(馬頭),Branchiostegus argentatus,,Actinopterygii,24.79,121.97,2000-12-27,2000,12,,1,臺灣魚類資料庫
方頭魚(馬頭),Branchiostegus argentatus,,Actinopterygii,24.88,121.89,2000-12-27,2000,12,,1,臺灣魚類資料庫
方頭魚(馬頭),Branchiostegus argentatus,,Actinopterygii,22.58,120.29,1985-12-05,1985,12,,1,臺灣魚類資料庫
方頭魚(馬頭),Branchiostegus argentatus,,Actinopterygii,24.78,122.03,2000-12-01,2000,12,,1,臺灣魚類資料庫
方頭魚(馬頭),Branchiostegus argentatus,,Actinopterygii,24.91,121.92,2000-12-01,2000,12,,1,臺灣魚類資料庫
方頭魚(馬頭),Branchiostegus argentatus,,Actinopterygii,25.04,122.05,2000-11-15,2000,11,,1,臺灣魚類資料庫
方頭魚(馬頭),Branchiostegus argentatus,,Actinopterygii,25.08,122.02,2000-11-15,2000,11,,1,臺灣魚類資料庫
方頭魚(馬頭),"Branchiostegus argentatus (Cuvier, 1830)",,,23.8618,119.2454,2023-07-24T10:00:18,2023,7,,1,GBIF
方頭魚(馬頭),Branchiostegus auratus,,Actinopterygii,22.25,120.37,2001/9/8 00:00:00,2001,9,,1,臺灣周邊底拖網調查資料集
方頭魚(馬頭),Branchiostegus auratus,,Actinopterygii,22.18,120.36,2001/9/8 00:00:00,2001,9,,1,臺灣周邊底拖網調查資料集
方頭魚(馬頭),Branchiostegus auratus,,Actinopterygii,22.32,120.2,2001/11/8 00:00:00,2001,11,,1,臺灣周邊底拖網調查資料集
方頭魚(馬頭),Branchiostegus auratus,,Actinopterygii,22.29,120.17,2001/11/8 00:00:00,2001,11,,1,臺灣周邊底拖網調查資料集
方頭魚(馬頭),Branchiostegus auratus,,Actinopterygii,22.25,120.37,2001/11/8 00:00:00,2001,11,,1,臺灣周邊底拖網調查資料集
方頭魚(馬頭),Branchiostegus auratus,,Actinopterygii,22.42,120.26,2001/11/10 00:00:00,2001,11,,1,臺灣周邊底拖網調查資料集
方頭魚(馬頭),Branchiostegus auratus,,Actinopterygii,25.41,121.58,2000/10/23 00:00:00,2000,10,,1,臺灣周邊底拖網調查資料集
方頭魚(馬頭),Branchiostegus auratus,,Actinopterygii,24.88,121.89,2000/2/17 00:00:00,2000,2,,1,臺灣周邊底拖網調查資料集
方頭魚(馬頭),Branchiostegus auratus,,Actinopterygii,24.83,121.99,2000/2/17 00:00:00,2000,2,,1,臺灣周邊底拖網調查資料集
方頭魚(馬頭),Branchiostegus auratus,,Actinopterygii,25.16,121.76,1952-03-24,1952,3,,1,台灣水產試驗所－近海與外海標本數位典藏
方頭魚(馬頭),Branchiostegus auratus,,Actinopterygii,23.05,121.23,1993-10-28,1993,10,,1,台灣水產試驗所－近海與外海標本數位典藏
方頭魚(馬頭),Branchiostegus auratus,,Actinopterygii,23.05,121.24,2006-03-27,2006,3,,1,台灣水產試驗所－近海與外海標本數位典藏
方頭魚(馬頭),Branchiostegus auratus,,Actinopterygii,24.94,121.9,1985-05-16,1985,5,,1,國立臺灣博物館
方頭魚(馬頭),Branchiostegus auratus,斑鰭馬頭魚,Actinopterygii,22.47,120.43,2008-11-07,2008,11,,1,國立海洋生物博物館
方頭魚(馬頭),Branchiostegus auratus,,Actinopterygii,22.46,120.44,2004-04-15,2004,4,,1,臺灣魚類資料庫
方頭魚(馬頭),Branchiostegus auratus,,Actinopterygii,22.25,120.37,2001-09-08,2001,9,,1,臺灣魚類資料庫
方頭魚(馬頭),Branchiostegus auratus,,Actinopterygii,22.18,120.36,2001-09-08,2001,9,,1,臺灣魚類資料庫
方頭魚(馬頭),Branchiostegus auratus,,Actinopterygii,22.32,120.2,2001-11-08,2001,11,,1,臺灣魚類資料庫
方頭魚(馬頭),Branchiostegus auratus,,Actinopterygii,22.29,120.17,2001-11-08,2001,11,,1,臺灣魚類資料庫
方頭魚(馬頭),Branchiostegus auratus,,Actinopterygii,22.25,120.37,2001-11-08,2001,11,,1,臺灣魚類資料庫
方頭魚(馬頭),Branchiostegus auratus,,Actinopterygii,22.42,120.26,2001-11-10,2001,11,,1,臺灣魚類資料庫
方頭魚(馬頭),Branchiostegus auratus,,Actinopterygii,25.41,121.58,2000-10-23,2000,10,,1,臺灣魚類資料庫
方頭魚(馬頭),Branchiostegus auratus,,Actinopterygii,24.88,121.89,2000-02-17,2000,2,,1,臺灣魚類資料庫
方頭魚(馬頭),Branchiostegus auratus,,Actinopterygii,24.83,121.99,2000-02-17,2000,2,,1,臺灣魚類資料庫
方頭魚(馬頭),Branchiostegus auratus,,Actinopterygii,22.58,120.29,1973-11-06,1973,11,,1,臺灣魚類資料庫
方頭魚(馬頭),Branchiostegus auratus,,Actinopterygii,24.91,121.92,2001-03-23,2001,3,,1,臺灣魚類資料庫
方頭魚(馬頭),Branchiostegus auratus,,Actinopterygii,25.2,121.67,2000-10-23,2000,10,,1,臺灣魚類資料庫
方頭魚(馬頭),Branchiostegus auratus,,Actinopterygii,24.91,122.02,2004-07-06,2004,7,,1,國立海洋科技博物館
方頭魚(馬頭),Branchiostegus japonicus,,Actinopterygii,24.79,121.97,2000/7/13 00:00:00,2000,7,,1,臺灣周邊底拖網調查資料集
方頭魚(馬頭),Branchiostegus japonicus,,Actinopterygii,25.16,121.76,1954-07-01,1954,7,,1,台灣水產試驗所－近海與外海標本數位典藏
方頭魚(馬頭),Branchiostegus japonicus,,Actinopterygii,23.05,121.23,1984-03-04,1984,3,,1,台灣水產試驗所－近海與外海標本數位典藏
方頭魚(馬頭),Branchiostegus japonicus,,Actinopterygii,23.05,121.24,2005-11-15,2005,11,,1,台灣水產試驗所－近海與外海標本數位典藏
方頭魚(馬頭),Branchiostegus japonicus,日本馬頭魚,Actinopterygii,24.58,121.86,2009-12-01,2009,12,,1,國立海洋生物博物館
方頭魚(馬頭),Branchiostegus japonicus,,Actinopterygii,22.47,120.43,2004-08-16,2004,8,,1,臺灣魚類資料庫
方頭魚(馬頭),Branchiostegus japonicus,,Actinopterygii,22.47,120.43,1999-10-13,1999,10,,1,臺灣魚類資料庫
方頭魚(馬頭),Branchiostegus japonicus,,Actinopterygii,25.16,121.76,1990-03-05,1990,3,,1,臺灣魚類資料庫
方頭魚(馬頭),Branchiostegus japonicus,,Actinopterygii,25.16,121.76,2008-05-21,2008,5,,1,臺灣魚類資料庫
方頭魚(馬頭),Branchiostegus japonicus,,Actinopterygii,24.79,121.97,2000-07-13,2000,7,,1,臺灣魚類資料庫
方頭魚(馬頭),Branchiostegus japonicus,,Actinopterygii,24.91,122.02,2006-07-04,2006,7,,1,國立海洋科技博物館
旗魚,Gen. sp(Istiophoridae),,Actinopterygii,21.91,120.84,2003-03-05,2003,3,,1,臺灣魚類資料庫
日本緋鯉(秋姑),Upeneus bensasi,條尾緋鯉,Actinopterygii,24.94,121.9,2008-11-22,2008,11,,1,國立海洋生物博物館
日本緋鯉(秋姑),Upeneus bensasi,,Actinopterygii,21.94,120.78,2001-05-06,2001,5,,1,臺灣魚類資料庫
日本緋鯉(秋姑),Upeneus bensasi,,Actinopterygii,22.47,120.43,1980-03-27,1980,3,,1,臺灣魚類資料庫
日本緋鯉(秋姑),Upeneus bensasi,,Actinopterygii,22.53,120.33,1991-08-11,1991,8,,1,臺灣魚類資料庫
日本緋鯉(秋姑),Upeneus bensasi,,Actinopterygii,22.01,120.74,1991-05-22,1991,5,,1,臺灣魚類資料庫
日本緋鯉(秋姑),Upeneus bensasi,,Actinopterygii,24.95,121.93,2001-03-23,2001,3,,1,臺灣魚類資料庫
日本緋鯉(秋姑),Upeneus bensasi,,Actinopterygii,25.2,121.67,2000-10-23,2000,10,,1,臺灣魚類資料庫
日本緋鯉(秋姑),Upeneus bensasi,,Actinopterygii,24.95,121.93,2000-12-01,2000,12,,1,臺灣魚類資料庫
日本緋鯉(秋姑),Upeneus bensasi,,Actinopterygii,25.08,122.02,2000-11-05,2000,11,,1,臺灣魚類資料庫
日本緋鯉(秋姑),Upeneus bensasi,,Actinopterygii,25.15,121.42,2000-10-23,2000,10,,1,臺灣魚類資料庫
日本緋鯉(秋姑),Upeneus bensasi,,Actinopterygii,24.95,121.93,2000-07-17,2000,7,,1,臺灣魚類資料庫
日本緋鯉(秋姑),Upeneus bensasi,,Actinopterygii,24.91,121.92,2001-03-23,2001,3,,1,臺灣魚類資料庫
日本緋鯉(秋姑),Upeneus bensasi,,Actinopterygii,22.0,120.75,1991-05-22,1991,5,,1,國立海洋科技博物館
日本緋鯉(秋姑),"Upeneus bensasi (Temminck & Schlegel, 1843)",,,24.9776,120.9979,2023-04-11,2023,4,,1,GBIF
日本緋鯉(秋姑),Upeneus japonicus,,,23.1218,119.9986,2016/5/6,2016,5,,1,2016-2019年台江國家公園拖網調查
日本緋鯉(秋姑),Upeneus japonicus,,,23.1587,119.9924,2016/5/6,2016,5,,1,2016-2019年台江國家公園拖網調查
日本緋鯉(秋姑),Upeneus japonicus,,,23.1655,119.9935,2016/9/3,2016,9,,1,2016-2019年台江國家公園拖網調查
日本緋鯉(秋姑),Upeneus japonicus,,,23.2211,120.0016,2016/9/3,2016,9,,1,2016-2019年台江國家公園拖網調查
日本緋鯉(秋姑),Upeneus japonicus,,,23.1528,119.815,2017-01-07T19Z,2017,1,,1,2016-2019年台江國家公園拖網調查
日本緋鯉(秋姑),Upeneus japonicus,,,23.1298,119.9979,2018-04-14T14Z,2018,4,,1,2016-2019年台江國家公園拖網調查
日本緋鯉(秋姑),Upeneus japonicus,,,23.1701,119.993,2018-07-12T17Z,2018,7,,1,2016-2019年台江國家公園拖網調查
日本緋鯉(秋姑),Upeneus japonicus,,,23.1857,119.7549,2018-04-14T22Z,2018,4,,1,2016-2019年台江國家公園拖網調查
日本緋鯉(秋姑),Upeneus japonicus,,,23.1983,119.7193,2018-09-01T15Z,2018,9,,1,2016-2019年台江國家公園拖網調查
日本緋鯉(秋姑),Upeneus japonicus,,Actinopterygii,24.14,120.34,2002/6/7 00:00:00,2002,6,,1,臺灣周邊底拖網調查資料集
日本緋鯉(秋姑),Upeneus japonicus,,Actinopterygii,24.14,120.34,2002/12/18 00:00:00,2002,12,,1,臺灣周邊底拖網調查資料集
日本緋鯉(秋姑),Upeneus japonicus,,Actinopterygii,24.18,120.33,2002/6/7 00:00:00,2002,6,,1,臺灣周邊底拖網調查資料集
日本緋鯉(秋姑),Upeneus japonicus,,Actinopterygii,24.18,120.33,2002/3/19 00:00:00,2002,3,,1,臺灣周邊底拖網調查資料集
日本緋鯉(秋姑),Upeneus japonicus,,Actinopterygii,24.18,120.33,2002/12/18 00:00:00,2002,12,,1,臺灣周邊底拖網調查資料集
日本緋鯉(秋姑),Upeneus japonicus,,Actinopterygii,24.82,120.44,2002/6/5 00:00:00,2002,6,,1,臺灣周邊底拖網調查資料集
日本緋鯉(秋姑),Upeneus japonicus,,Actinopterygii,24.82,120.44,2002/3/21 00:00:00,2002,3,,1,臺灣周邊底拖網調查資料集
日本緋鯉(秋姑),Upeneus japonicus,,Actinopterygii,24.82,120.44,2002/9/2 00:00:00,2002,9,,1,臺灣周邊底拖網調查資料集
日本緋鯉(秋姑),Upeneus japonicus,,Actinopterygii,24.83,120.39,2002/6/5 00:00:00,2002,6,,1,臺灣周邊底拖網調查資料集
日本緋鯉(秋姑),Upeneus japonicus,,Actinopterygii,24.83,120.39,2002/3/21 00:00:00,2002,3,,1,臺灣周邊底拖網調查資料集
日本緋鯉(秋姑),Upeneus japonicus,,Actinopterygii,24.83,120.39,2002/9/2 00:00:00,2002,9,,1,臺灣周邊底拖網調查資料集
日本緋鯉(秋姑),Upeneus japonicus,,Actinopterygii,24.76,120.35,2002/6/5 00:00:00,2002,6,,1,臺灣周邊底拖網調查資料集
日本緋鯉(秋姑),Upeneus japonicus,,Actinopterygii,24.76,120.35,2002/3/21 00:00:00,2002,3,,1,臺灣周邊底拖網調查資料集
日本緋鯉(秋姑),Upeneus japonicus,,Actinopterygii,24.76,120.35,2002/9/2 00:00:00,2002,9,,1,臺灣周邊底拖網調查資料集
日本緋鯉(秋姑),Upeneus japonicus,,Actinopterygii,24.47,120.6,2002/6/6 00:00:00,2002,6,,1,臺灣周邊底拖網調查資料集
日本緋鯉(秋姑),Upeneus japonicus,,Actinopterygii,24.47,120.6,2002/3/20 00:00:00,2002,3,,1,臺灣周邊底拖網調查資料集
日本緋鯉(秋姑),Upeneus japonicus,,Actinopterygii,24.47,120.55,2002/3/20 00:00:00,2002,3,,1,臺灣周邊底拖網調查資料集
日本緋鯉(秋姑),Upeneus japonicus,,Actinopterygii,22.28,120.36,2001/3/8 00:00:00,2001,3,,1,臺灣周邊底拖網調查資料集
日本緋鯉(秋姑),Upeneus japonicus,,Actinopterygii,22.86,120.04,2001/6/1 00:00:00,2001,6,,1,臺灣周邊底拖網調查資料集
日本緋鯉(秋姑),Upeneus japonicus,,Actinopterygii,22.32,120.2,2001/6/8 00:00:00,2001,6,,1,臺灣周邊底拖網調查資料集
日本緋鯉(秋姑),Upeneus japonicus,,Actinopterygii,22.42,120.26,2001/9/10 00:00:00,2001,9,,1,臺灣周邊底拖網調查資料集
日本緋鯉(秋姑),Upeneus japonicus,,Actinopterygii,22.9,120.06,2001/11/1 00:00:00,2001,11,,1,臺灣周邊底拖網調查資料集
日本緋鯉(秋姑),Upeneus japonicus,,Actinopterygii,22.86,120.04,2001/12/1 00:00:00,2001,12,,1,臺灣周邊底拖網調查資料集
日本緋鯉(秋姑),Upeneus japonicus,,Actinopterygii,22.9,120.06,2001/12/1 00:00:00,2001,12,,1,臺灣周邊底拖網調查資料集
日本緋鯉(秋姑),Upeneus japonicus,,Actinopterygii,23.46,119.57,2003/3/25 00:00:00,2003,3,,1,臺灣周邊底拖網調查資料集
日本緋鯉(秋姑),Upeneus japonicus,,Actinopterygii,23.45,119.55,2003/3/25 00:00:00,2003,3,,1,臺灣周邊底拖網調查資料集
日本緋鯉(秋姑),Upeneus japonicus,,Actinopterygii,23.42,119.7,2003/3/25 00:00:00,2003,3,,1,臺灣周邊底拖網調查資料集
日本緋鯉(秋姑),Upeneus japonicus,,Actinopterygii,23.38,119.77,2003/3/25 00:00:00,2003,3,,1,臺灣周邊底拖網調查資料集
日本緋鯉(秋姑),Upeneus japonicus,,Actinopterygii,23.32,119.73,2003/3/25 00:00:00,2003,3,,1,臺灣周邊底拖網調查資料集
日本緋鯉(秋姑),Upeneus japonicus,,Actinopterygii,23.33,119.72,2003/3/25 00:00:00,2003,3,,1,臺灣周邊底拖網調查資料集
日本緋鯉(秋姑),Upeneus japonicus,,Actinopterygii,23.51,119.76,2003/7/21 00:00:00,2003,7,,1,臺灣周邊底拖網調查資料集
日本緋鯉(秋姑),Upeneus japonicus,,Actinopterygii,23.53,119.67,2003/7/21 00:00:00,2003,7,,1,臺灣周邊底拖網調查資料集
日本緋鯉(秋姑),Upeneus japonicus,,Actinopterygii,23.44,119.68,2003/7/21 00:00:00,2003,7,,1,臺灣周邊底拖網調查資料集
日本緋鯉(秋姑),Upeneus japonicus,,Actinopterygii,23.42,119.7,2003/7/21 00:00:00,2003,7,,1,臺灣周邊底拖網調查資料集
日本緋鯉(秋姑),Upeneus japonicus,,Actinopterygii,23.38,119.77,2003/7/21 00:00:00,2003,7,,1,臺灣周邊底拖網調查資料集
日本緋鯉(秋姑),Upeneus japonicus,,Actinopterygii,23.48,119.63,2003/11/20 00:00:00,2003,11,,1,臺灣周邊底拖網調查資料集
日本緋鯉(秋姑),Upeneus japonicus,,Actinopterygii,23.44,119.59,2003/11/20 00:00:00,2003,11,,1,臺灣周邊底拖網調查資料集
日本緋鯉(秋姑),Upeneus japonicus,,Actinopterygii,23.42,119.59,2003/11/20 00:00:00,2003,11,,1,臺灣周邊底拖網調查資料集
日本緋鯉(秋姑),Upeneus japonicus,,Actinopterygii,23.45,119.62,2003/11/20 00:00:00,2003,11,,1,臺灣周邊底拖網調查資料集
日本緋鯉(秋姑),Upeneus japonicus,,Actinopterygii,23.39,119.66,2003/11/20 00:00:00,2003,11,,1,臺灣周邊底拖網調查資料集
日本緋鯉(秋姑),Upeneus japonicus,,Actinopterygii,24.91,121.87,2001/4/10 00:00:00,2001,4,,1,臺灣周邊底拖網調查資料集
日本緋鯉(秋姑),Upeneus japonicus,,Actinopterygii,24.83,121.99,2000/7/13 00:00:00,2000,7,,1,臺灣周邊底拖網調查資料集
日本緋鯉(秋姑),Upeneus japonicus,,Actinopterygii,24.91,121.87,2000/7/13 00:00:00,2000,7,,1,臺灣周邊底拖網調查資料集
日本緋鯉(秋姑),Upeneus japonicus,,Actinopterygii,25.41,121.58,2000/10/23 00:00:00,2000,10,,1,臺灣周邊底拖網調查資料集
日本緋鯉(秋姑),Upeneus japonicus,,Actinopterygii,25.18,121.93,2000/11/15 00:00:00,2000,11,,1,臺灣周邊底拖網調查資料集
日本緋鯉(秋姑),Upeneus japonicus,,Actinopterygii,25.13,121.96,2000/11/15 00:00:00,2000,11,,1,臺灣周邊底拖網調查資料集
日本緋鯉(秋姑),Upeneus japonicus,,Actinopterygii,24.88,121.89,2000/12/27 00:00:00,2000,12,,1,臺灣周邊底拖網調查資料集
日本緋鯉(秋姑),Upeneus japonicus,,Actinopterygii,24.91,121.87,2000/12/27 00:00:00,2000,12,,1,臺灣周邊底拖網調查資料集
日本緋鯉(秋姑),Upeneus japonicus,,Actinopterygii,25.41,121.58,2001/2/26 00:00:00,2001,2,,1,臺灣周邊底拖網調查資料集
日本緋鯉(秋姑),Upeneus japonicus,,Actinopterygii,24.88,121.89,2000/2/17 00:00:00,2000,2,,1,臺灣周邊底拖網調查資料集
日本緋鯉(秋姑),Upeneus japonicus,,Actinopterygii,24.91,121.87,2000/2/17 00:00:00,2000,2,,1,臺灣周邊底拖網調查資料集
日本緋鯉(秋姑),Upeneus japonicus,,Actinopterygii,24.14,120.35,2002/6/7 00:00:00,2002,6,,1,臺灣周邊底拖網調查資料集
日本緋鯉(秋姑),Upeneus japonicus,,Actinopterygii,22.32,120.2,2001/3/8 00:00:00,2001,3,,1,臺灣周邊底拖網調查資料集
日本緋鯉(秋姑),Upeneus japonicus,,Actinopterygii,25.13,121.96,2001/3/6 00:00:00,2001,3,,1,臺灣周邊底拖網調查資料集
日本緋鯉(秋姑),Upeneus japonicus,,Actinopterygii,24.94,121.9,1997-11-20,1997,11,,1,台灣水產試驗所－近海與外海標本數位典藏
日本緋鯉(秋姑),Upeneus japonicus,,Actinopterygii,24.94,121.9,1985-04-08,1985,4,,1,國立臺灣博物館
日本緋鯉(秋姑),Upeneus japonicus,,Actinopterygii,22.48,120.46,1997-01-01,1997,1,,1,國立臺灣博物館
日本緋鯉(秋姑),Upeneus japonicus,日本緋鯉,Actinopterygii,24.58,121.86,2009-02-15,2009,2,,1,國立海洋生物博物館
日本緋鯉(秋姑),Upeneus japonicus,,Actinopterygii,22.85,120.05,2001-11-01,2001,11,,1,臺灣魚類資料庫
日本緋鯉(秋姑),Upeneus japonicus,,Actinopterygii,22.31,120.22,2001-05-16,2001,5,,1,臺灣魚類資料庫
日本緋鯉(秋姑),Upeneus japonicus,,Actinopterygii,24.94,121.9,2004-07-19,2004,7,,1,臺灣魚類資料庫
日本緋鯉(秋姑),Upeneus japonicus,,Actinopterygii,24.25,120.52,2005-03-11,2005,3,,1,臺灣魚類資料庫
日本緋鯉(秋姑),Upeneus japonicus,,Actinopterygii,24.14,120.34,2002-06-07,2002,6,,1,臺灣魚類資料庫
日本緋鯉(秋姑),Upeneus japonicus,,Actinopterygii,24.14,120.34,2002-12-18,2002,12,,1,臺灣魚類資料庫
日本緋鯉(秋姑),Upeneus japonicus,,Actinopterygii,24.18,120.33,2002-06-07,2002,6,,1,臺灣魚類資料庫
日本緋鯉(秋姑),Upeneus japonicus,,Actinopterygii,24.18,120.33,2002-03-19,2002,3,,1,臺灣魚類資料庫
日本緋鯉(秋姑),Upeneus japonicus,,Actinopterygii,24.18,120.33,2002-12-18,2002,12,,1,臺灣魚類資料庫
日本緋鯉(秋姑),Upeneus japonicus,,Actinopterygii,24.82,120.44,2002-06-05,2002,6,,1,臺灣魚類資料庫
日本緋鯉(秋姑),Upeneus japonicus,,Actinopterygii,24.82,120.44,2002-03-21,2002,3,,1,臺灣魚類資料庫
日本緋鯉(秋姑),Upeneus japonicus,,Actinopterygii,24.82,120.44,2002-09-02,2002,9,,1,臺灣魚類資料庫
日本緋鯉(秋姑),Upeneus japonicus,,Actinopterygii,24.83,120.39,2002-06-05,2002,6,,1,臺灣魚類資料庫
日本緋鯉(秋姑),Upeneus japonicus,,Actinopterygii,24.83,120.39,2002-03-21,2002,3,,1,臺灣魚類資料庫
日本緋鯉(秋姑),Upeneus japonicus,,Actinopterygii,24.83,120.39,2002-09-02,2002,9,,1,臺灣魚類資料庫
日本緋鯉(秋姑),Upeneus japonicus,,Actinopterygii,24.76,120.35,2002-06-05,2002,6,,1,臺灣魚類資料庫
日本緋鯉(秋姑),Upeneus japonicus,,Actinopterygii,24.76,120.35,2002-03-21,2002,3,,1,臺灣魚類資料庫
日本緋鯉(秋姑),Upeneus japonicus,,Actinopterygii,24.76,120.35,2002-09-02,2002,9,,1,臺灣魚類資料庫
日本緋鯉(秋姑),Upeneus japonicus,,Actinopterygii,24.47,120.6,2002-06-06,2002,6,,1,臺灣魚類資料庫
日本緋鯉(秋姑),Upeneus japonicus,,Actinopterygii,24.47,120.6,2002-03-20,2002,3,,1,臺灣魚類資料庫
日本緋鯉(秋姑),Upeneus japonicus,,Actinopterygii,24.47,120.55,2002-03-20,2002,3,,1,臺灣魚類資料庫
日本緋鯉(秋姑),Upeneus japonicus,,Actinopterygii,22.28,120.36,2001-03-08,2001,3,,1,臺灣魚類資料庫
日本緋鯉(秋姑),Upeneus japonicus,,Actinopterygii,22.86,120.04,2001-06-01,2001,6,,1,臺灣魚類資料庫
日本緋鯉(秋姑),Upeneus japonicus,,Actinopterygii,22.32,120.2,2001-06-08,2001,6,,1,臺灣魚類資料庫
日本緋鯉(秋姑),Upeneus japonicus,,Actinopterygii,22.42,120.26,2001-09-10,2001,9,,1,臺灣魚類資料庫
日本緋鯉(秋姑),Upeneus japonicus,,Actinopterygii,22.9,120.06,2001-11-01,2001,11,,1,臺灣魚類資料庫
日本緋鯉(秋姑),Upeneus japonicus,,Actinopterygii,22.86,120.04,2001-12-01,2001,12,,1,臺灣魚類資料庫
日本緋鯉(秋姑),Upeneus japonicus,,Actinopterygii,22.9,120.06,2001-12-01,2001,12,,1,臺灣魚類資料庫
日本緋鯉(秋姑),Upeneus japonicus,,Actinopterygii,23.46,119.57,2003-03-25,2003,3,,1,臺灣魚類資料庫
日本緋鯉(秋姑),Upeneus japonicus,,Actinopterygii,23.45,119.55,2003-03-25,2003,3,,1,臺灣魚類資料庫
日本緋鯉(秋姑),Upeneus japonicus,,Actinopterygii,23.42,119.7,2003-03-25,2003,3,,1,臺灣魚類資料庫
日本緋鯉(秋姑),Upeneus japonicus,,Actinopterygii,23.38,119.77,2003-03-25,2003,3,,1,臺灣魚類資料庫
日本緋鯉(秋姑),Upeneus japonicus,,Actinopterygii,23.32,119.73,2003-03-25,2003,3,,1,臺灣魚類資料庫
日本緋鯉(秋姑),Upeneus japonicus,,Actinopterygii,23.33,119.72,2003-03-25,2003,3,,1,臺灣魚類資料庫
日本緋鯉(秋姑),Upeneus japonicus,,Actinopterygii,23.51,119.76,2003-07-21,2003,7,,1,臺灣魚類資料庫
日本緋鯉(秋姑),Upeneus japonicus,,Actinopterygii,23.53,119.67,2003-07-21,2003,7,,1,臺灣魚類資料庫
日本緋鯉(秋姑),Upeneus japonicus,,Actinopterygii,23.44,119.68,2003-07-21,2003,7,,1,臺灣魚類資料庫
日本緋鯉(秋姑),Upeneus japonicus,,Actinopterygii,23.42,119.7,2003-07-21,2003,7,,1,臺灣魚類資料庫
日本緋鯉(秋姑),Upeneus japonicus,,Actinopterygii,23.38,119.77,2003-07-21,2003,7,,1,臺灣魚類資料庫
日本緋鯉(秋姑),Upeneus japonicus,,Actinopterygii,23.48,119.63,2003-11-20,2003,11,,1,臺灣魚類資料庫
日本緋鯉(秋姑),Upeneus japonicus,,Actinopterygii,23.44,119.59,2003-11-20,2003,11,,1,臺灣魚類資料庫
日本緋鯉(秋姑),Upeneus japonicus,,Actinopterygii,23.42,119.59,2003-11-20,2003,11,,1,臺灣魚類資料庫
日本緋鯉(秋姑),Upeneus japonicus,,Actinopterygii,23.45,119.62,2003-11-20,2003,11,,1,臺灣魚類資料庫
日本緋鯉(秋姑),Upeneus japonicus,,Actinopterygii,23.39,119.66,2003-11-20,2003,11,,1,臺灣魚類資料庫
日本緋鯉(秋姑),Upeneus japonicus,,Actinopterygii,24.91,121.87,2001-04-10,2001,4,,1,臺灣魚類資料庫
日本緋鯉(秋姑),Upeneus japonicus,,Actinopterygii,24.83,121.99,2000-07-13,2000,7,,1,臺灣魚類資料庫
日本緋鯉(秋姑),Upeneus japonicus,,Actinopterygii,24.91,121.87,2000-07-13,2000,7,,1,臺灣魚類資料庫
日本緋鯉(秋姑),Upeneus japonicus,,Actinopterygii,25.41,121.58,2000-10-23,2000,10,,1,臺灣魚類資料庫
日本緋鯉(秋姑),Upeneus japonicus,,Actinopterygii,25.18,121.93,2000-11-15,2000,11,,1,臺灣魚類資料庫
日本緋鯉(秋姑),Upeneus japonicus,,Actinopterygii,25.13,121.96,2000-11-15,2000,11,,1,臺灣魚類資料庫
日本緋鯉(秋姑),Upeneus japonicus,,Actinopterygii,24.88,121.89,2000-12-27,2000,12,,1,臺灣魚類資料庫
日本緋鯉(秋姑),Upeneus japonicus,,Actinopterygii,24.91,121.87,2000-12-27,2000,12,,1,臺灣魚類資料庫
日本緋鯉(秋姑),Upeneus japonicus,,Actinopterygii,25.41,121.58,2001-02-26,2001,2,,1,臺灣魚類資料庫
日本緋鯉(秋姑),Upeneus japonicus,,Actinopterygii,24.88,121.89,2000-02-17,2000,2,,1,臺灣魚類資料庫
日本緋鯉(秋姑),Upeneus japonicus,,Actinopterygii,24.91,121.87,2000-02-17,2000,2,,1,臺灣魚類資料庫
日本緋鯉(秋姑),Upeneus japonicus,,Actinopterygii,24.14,120.35,2002-06-07,2002,6,,1,臺灣魚類資料庫
日本緋鯉(秋姑),Upeneus japonicus,,Actinopterygii,22.32,120.2,2001-03-08,2001,3,,1,臺灣魚類資料庫
日本緋鯉(秋姑),Upeneus japonicus,,Actinopterygii,25.13,121.96,2001-03-06,2001,3,,1,臺灣魚類資料庫
日本緋鯉(秋姑),Upeneus japonicus,,Actinopterygii,24.52,120.64,2002-02-04,2002,2,,1,國立海洋科技博物館
日本緋鯉(秋姑),"Upeneus japonicus (Houttuyn, 1782)",,,24.4222,118.2165,2025-02-28T05:56,2025,2,,1,GBIF
日本緋鯉(秋姑),"Upeneus japonicus (Houttuyn, 1782)",,,24.6116,118.3175,2025-12-15T12:44:28,2025,12,,1,GBIF
日本緋鯉(秋姑),"Upeneus japonicus (Houttuyn, 1782)",,,23.2486,119.8167,2024-08-09,2024,8,,1,GBIF
日本緋鯉(秋姑),"Upeneus japonicus (Houttuyn, 1782)",,,23.3249,119.8149,2024-08-09,2024,8,,1,GBIF
日本緋鯉(秋姑),"Upeneus japonicus (Houttuyn, 1782)",,,22.8518,120.1098,2023-06-03,2023,6,,1,GBIF
日本緋鯉(秋姑),"Upeneus japonicus (Houttuyn, 1782)",,,22.4356,120.3545,2023-06-03,2023,6,,1,GBIF
日本緋鯉(秋姑),"Upeneus japonicus (Houttuyn, 1782)",,,23.1656,120.0075,2023-06-02,2023,6,,1,GBIF
日本緋鯉(秋姑),"Upeneus japonicus (Houttuyn, 1782)",,,23.1521,119.9939,2023-06-02,2023,6,,1,GBIF
日本緋鯉(秋姑),"Upeneus japonicus (Houttuyn, 1782)",,,24.4845,120.1426,2023-07-12,2023,7,,1,GBIF
日本緋鯉(秋姑),"Upeneus japonicus (Houttuyn, 1782)",,,23.8282,120.0741,2023-07-13,2023,7,,1,GBIF
日本緋鯉(秋姑),"Upeneus japonicus (Houttuyn, 1782)",,,23.8067,119.8785,2023-07-13,2023,7,,1,GBIF
日本緋鯉(秋姑),"Upeneus japonicus (Houttuyn, 1782)",,,23.8203,120.116,2023-07-13,2023,7,,1,GBIF
日本緋鯉(秋姑),"Upeneus japonicus (Houttuyn, 1782)",,,23.0773,119.9336,2023-07-14,2023,7,,1,GBIF
日本緋鯉(秋姑),"Upeneus japonicus (Houttuyn, 1782)",,,24.2378,120.413,2023-07-12,2023,7,,1,GBIF
日本緋鯉(秋姑),"Upeneus japonicus (Houttuyn, 1782)",,,23.1688,119.989,2023-07-14,2023,7,,1,GBIF
日本緋鯉(秋姑),"Upeneus japonicus (Houttuyn, 1782)",,,24.3432,120.306,2023-07-12,2023,7,,1,GBIF
日本緋鯉(秋姑),"Upeneus japonicus (Houttuyn, 1782)",,,22.4259,120.3186,2023-07-15,2023,7,,1,GBIF
日本緋鯉(秋姑),"Upeneus japonicus (Houttuyn, 1782)",,,23.9215,119.8217,2022-03-17,2022,3,,1,GBIF
日本緋鯉(秋姑),"Upeneus japonicus (Houttuyn, 1782)",,,24.8586,120.8641,2022-03-01,2022,3,,1,GBIF
日本緋鯉(秋姑),"Upeneus japonicus (Houttuyn, 1782)",,,24.8586,120.8641,2022-04-29,2022,4,,1,GBIF
日本緋鯉(秋姑),"Upeneus japonicus (Houttuyn, 1782)",,,25.3889,121.6647,2022-04-12,2022,4,,1,GBIF
日本緋鯉(秋姑),"Upeneus japonicus (Houttuyn, 1782)",,,24.8586,120.8641,2022-06-19,2022,6,,1,GBIF
日本緋鯉(秋姑),"Upeneus japonicus (Houttuyn, 1782)",,,24.2454,120.2777,2022-06-01,2022,6,,1,GBIF
日本緋鯉(秋姑),"Upeneus japonicus (Houttuyn, 1782)",,,23.9696,119.728,2022-06-28,2022,6,,1,GBIF
日本緋鯉(秋姑),"Upeneus japonicus (Houttuyn, 1782)",,,24.4855,120.2871,2022-08-01,2022,8,,1,GBIF
日本緋鯉(秋姑),"Upeneus japonicus (Houttuyn, 1782)",,,22.8719,120.0838,2022-09-04,2022,9,,1,GBIF
日本緋鯉(秋姑),"Upeneus japonicus (Houttuyn, 1782)",,,24.269,120.4472,2022-09-05,2022,9,,1,GBIF
日本緋鯉(秋姑),"Upeneus japonicus (Houttuyn, 1782)",,,23.1363,119.8263,2022-09-07,2022,9,,1,GBIF
日本緋鯉(秋姑),"Upeneus japonicus (Houttuyn, 1782)",,,24.7121,120.784,2022-10-03,2022,10,,1,GBIF
日本緋鯉(秋姑),"Upeneus japonicus (Houttuyn, 1782)",,,24.6379,120.2536,2022-11-29,2022,11,,1,GBIF
日本緋鯉(秋姑),"Upeneus japonicus (Houttuyn, 1782)",,,23.1672,119.9917,2022-11-10,2022,11,,1,GBIF
日本緋鯉(秋姑),"Upeneus japonicus (Houttuyn, 1782)",,,22.8989,120.1517,2022-11-11,2022,11,,1,GBIF
日本緋鯉(秋姑),"Upeneus japonicus (Houttuyn, 1782)",,,23.0107,120.017,2022-11-10,2022,11,,1,GBIF
日本緋鯉(秋姑),"Upeneus japonicus (Houttuyn, 1782)",,,24.2359,120.4075,2021-01-03,2021,1,,1,GBIF
日本緋鯉(秋姑),"Upeneus japonicus (Houttuyn, 1782)",,,24.0459,120.2603,2021-02-25,2021,2,,1,GBIF
日本緋鯉(秋姑),"Upeneus japonicus (Houttuyn, 1782)",,,22.8381,121.1894,2021-03-04,2021,3,,1,GBIF
日本緋鯉(秋姑),"Upeneus japonicus (Houttuyn, 1782)",,,24.0752,120.0299,2021-04-12,2021,4,,1,GBIF
日本緋鯉(秋姑),"Upeneus japonicus (Houttuyn, 1782)",,,24.7257,120.3772,2021-04-28,2021,4,,1,GBIF
日本緋鯉(秋姑),"Upeneus japonicus (Houttuyn, 1782)",,,24.7789,120.4018,2021-04-28,2021,4,,1,GBIF
日本緋鯉(秋姑),"Upeneus japonicus (Houttuyn, 1782)",,,24.0505,120.2817,2021-05-04,2021,5,,1,GBIF
日本緋鯉(秋姑),"Upeneus japonicus (Houttuyn, 1782)",,,24.1054,119.9988,2021-05-04,2021,5,,1,GBIF
日本緋鯉(秋姑),"Upeneus japonicus (Houttuyn, 1782)",,,24.8586,120.8641,2021-05-11,2021,5,,1,GBIF
日本緋鯉(秋姑),"Upeneus japonicus (Houttuyn, 1782)",,,23.9828,120.1914,2021-05-14,2021,5,,1,GBIF
日本緋鯉(秋姑),"Upeneus japonicus (Houttuyn, 1782)",,,24.6391,120.2198,2021-05-01,2021,5,,1,GBIF
日本緋鯉(秋姑),"Upeneus japonicus (Houttuyn, 1782)",,,23.5809,119.9976,2021-05-07,2021,5,,1,GBIF
日本緋鯉(秋姑),"Upeneus japonicus (Houttuyn, 1782)",,,24.8598,120.4985,2021-07-15,2021,7,,1,GBIF
日本緋鯉(秋姑),"Upeneus japonicus (Houttuyn, 1782)",,,25.3889,121.6647,2021-07-28,2021,7,,1,GBIF
日本緋鯉(秋姑),"Upeneus japonicus (Houttuyn, 1782)",,,24.2684,119.8368,2021-08-12,2021,8,,1,GBIF
日本緋鯉(秋姑),"Upeneus japonicus (Houttuyn, 1782)",,,24.5192,120.1676,2021-08-01,2021,8,,1,GBIF
日本緋鯉(秋姑),"Upeneus japonicus (Houttuyn, 1782)",,,24.4991,120.1455,2021-08-22,2021,8,,1,GBIF
日本緋鯉(秋姑),"Upeneus japonicus (Houttuyn, 1782)",,,24.3965,120.0805,2021-08-22,2021,8,,1,GBIF
日本緋鯉(秋姑),"Upeneus japonicus (Houttuyn, 1782)",,,23.92,119.808,2021-08-30,2021,8,,1,GBIF
日本緋鯉(秋姑),"Upeneus japonicus (Houttuyn, 1782)",,,24.104,120.2476,2021-08-29,2021,8,,1,GBIF
日本緋鯉(秋姑),"Upeneus japonicus (Houttuyn, 1782)",,,24.1359,120.0077,2021-09-02,2021,9,,1,GBIF
日本緋鯉(秋姑),"Upeneus japonicus (Houttuyn, 1782)",,,24.0568,120.2914,2021-09-02,2021,9,,1,GBIF
日本緋鯉(秋姑),"Upeneus japonicus (Houttuyn, 1782)",,,24.5743,120.6155,2021-09-21,2021,9,,1,GBIF
日本緋鯉(秋姑),"Upeneus japonicus (Houttuyn, 1782)",,,24.6493,120.7138,2021-10-02,2021,10,,1,GBIF
日本緋鯉(秋姑),"Upeneus japonicus (Houttuyn, 1782)",,,24.3372,120.1916,2021-10-01,2021,10,,1,GBIF
日本緋鯉(秋姑),"Upeneus japonicus (Houttuyn, 1782)",,,24.9538,120.6141,2021-11-29,2021,11,,1,GBIF
日本緋鯉(秋姑),"Upeneus japonicus (Houttuyn, 1782)",,,23.0164,119.9881,2021-11-14,2021,11,,1,GBIF
日本緋鯉(秋姑),"Upeneus japonicus (Houttuyn, 1782)",,,22.832,120.1218,2021-11-14,2021,11,,1,GBIF
日本緋鯉(秋姑),"Upeneus japonicus (Houttuyn, 1782)",,,24.3832,120.5088,2021-12-15,2021,12,,1,GBIF
日本緋鯉(秋姑),"Upeneus japonicus (Houttuyn, 1782)",,,24.0473,120.2827,2020-03-18,2020,3,,1,GBIF
日本緋鯉(秋姑),"Upeneus japonicus (Houttuyn, 1782)",,,24.1982,119.7601,2020-03-12,2020,3,,1,GBIF
日本緋鯉(秋姑),"Upeneus japonicus (Houttuyn, 1782)",,,24.1452,119.7921,2020-03-12,2020,3,,1,GBIF
日本緋鯉(秋姑),"Upeneus japonicus (Houttuyn, 1782)",,,23.5666,120.0524,2020-04-15,2020,4,,1,GBIF
日本緋鯉(秋姑),"Upeneus japonicus (Houttuyn, 1782)",,,23.5326,120.0211,2020-04-15,2020,4,,1,GBIF
日本緋鯉(秋姑),"Upeneus japonicus (Houttuyn, 1782)",,,25.0503,121.0162,2020-04-24,2020,4,,1,GBIF
日本緋鯉(秋姑),"Upeneus japonicus (Houttuyn, 1782)",,,24.5582,120.5216,2020-05-15,2020,5,,1,GBIF
日本緋鯉(秋姑),"Upeneus japonicus (Houttuyn, 1782)",,,24.9051,120.5464,2020-05-15,2020,5,,1,GBIF
日本緋鯉(秋姑),"Upeneus japonicus (Houttuyn, 1782)",,,24.8737,120.8717,2020-05-15,2020,5,,1,GBIF
日本緋鯉(秋姑),"Upeneus japonicus (Houttuyn, 1782)",,,24.022,120.1527,2020-05-18,2020,5,,1,GBIF
日本緋鯉(秋姑),"Upeneus japonicus (Houttuyn, 1782)",,,23.1502,120.0237,2020-05-17,2020,5,,1,GBIF
日本緋鯉(秋姑),"Upeneus japonicus (Houttuyn, 1782)",,,22.3094,120.6104,2020-05-20,2020,5,,1,GBIF
日本緋鯉(秋姑),"Upeneus japonicus (Houttuyn, 1782)",,,24.1607,119.9445,2020-05-18,2020,5,,1,GBIF
日本緋鯉(秋姑),"Upeneus japonicus (Houttuyn, 1782)",,,23.9941,120.2595,2020-05-20,2020,5,,1,GBIF
日本緋鯉(秋姑),"Upeneus japonicus (Houttuyn, 1782)",,,24.2418,119.8582,2020-05-18,2020,5,,1,GBIF
日本緋鯉(秋姑),"Upeneus japonicus (Houttuyn, 1782)",,,24.3288,119.7638,2020-05-18,2020,5,,1,GBIF
日本緋鯉(秋姑),"Upeneus japonicus (Houttuyn, 1782)",,,23.649,120.0513,2020-05-21,2020,5,,1,GBIF
日本緋鯉(秋姑),"Upeneus japonicus (Houttuyn, 1782)",,,24.2417,120.4128,2020-05-19,2020,5,,1,GBIF
日本緋鯉(秋姑),"Upeneus japonicus (Houttuyn, 1782)",,,22.4395,120.3483,2020-05-21,2020,5,,1,GBIF
日本緋鯉(秋姑),"Upeneus japonicus (Houttuyn, 1782)",,,23.1709,119.9951,2020-05-17,2020,5,,1,GBIF
日本緋鯉(秋姑),"Upeneus japonicus (Houttuyn, 1782)",,,24.0858,120.0527,2020-05-18,2020,5,,1,GBIF
日本緋鯉(秋姑),"Upeneus japonicus (Houttuyn, 1782)",,,24.2659,120.4544,2020-05-19,2020,5,,1,GBIF
日本緋鯉(秋姑),"Upeneus japonicus (Houttuyn, 1782)",,,23.0933,119.947,2020-06-10,2020,6,,1,GBIF
日本緋鯉(秋姑),"Upeneus japonicus (Houttuyn, 1782)",,,24.315,119.7561,2020-06-11,2020,6,,1,GBIF
日本緋鯉(秋姑),"Upeneus japonicus (Houttuyn, 1782)",,,24.2397,119.8589,2020-06-11,2020,6,,1,GBIF
日本緋鯉(秋姑),"Upeneus japonicus (Houttuyn, 1782)",,,22.8587,120.1164,2020-06-10,2020,6,,1,GBIF
日本緋鯉(秋姑),"Upeneus japonicus (Houttuyn, 1782)",,,24.0617,120.2861,2020-07-24,2020,7,,1,GBIF
日本緋鯉(秋姑),"Upeneus japonicus (Houttuyn, 1782)",,,24.1319,120.0055,2020-07-24,2020,7,,1,GBIF
日本緋鯉(秋姑),"Upeneus japonicus (Houttuyn, 1782)",,,24.5582,120.5216,2020-07-01,2020,7,,1,GBIF
日本緋鯉(秋姑),"Upeneus japonicus (Houttuyn, 1782)",,,25.3889,121.6647,2020-07-13,2020,7,,1,GBIF
日本緋鯉(秋姑),"Upeneus japonicus (Houttuyn, 1782)",,,24.2402,119.8495,2020-07-18,2020,7,,1,GBIF
日本緋鯉(秋姑),"Upeneus japonicus (Houttuyn, 1782)",,,24.6145,120.6526,2020-07-17,2020,7,,1,GBIF
日本緋鯉(秋姑),"Upeneus japonicus (Houttuyn, 1782)",,,23.6428,120.0268,2020-07-19,2020,7,,1,GBIF
日本緋鯉(秋姑),"Upeneus japonicus (Houttuyn, 1782)",,,24.1813,119.9652,2020-07-18,2020,7,,1,GBIF
日本緋鯉(秋姑),"Upeneus japonicus (Houttuyn, 1782)",,,24.0931,120.0516,2020-07-18,2020,7,,1,GBIF
日本緋鯉(秋姑),"Upeneus japonicus (Houttuyn, 1782)",,,24.3203,119.7572,2020-07-18,2020,7,,1,GBIF
日本緋鯉(秋姑),"Upeneus japonicus (Houttuyn, 1782)",,,24.0649,120.1849,2020-07-18,2020,7,,1,GBIF
日本緋鯉(秋姑),"Upeneus japonicus (Houttuyn, 1782)",,,24.2158,120.3866,2020-08-01,2020,8,,1,GBIF
日本緋鯉(秋姑),"Upeneus japonicus (Houttuyn, 1782)",,,24.9538,120.6141,2020-08-13,2020,8,,1,GBIF
日本緋鯉(秋姑),"Upeneus japonicus (Houttuyn, 1782)",,,24.236,119.8351,2020-08-13,2020,8,,1,GBIF
日本緋鯉(秋姑),"Upeneus japonicus (Houttuyn, 1782)",,,24.2563,119.9003,2020-08-13,2020,8,,1,GBIF
日本緋鯉(秋姑),"Upeneus japonicus (Houttuyn, 1782)",,,24.2655,119.8509,2020-08-13,2020,8,,1,GBIF
日本緋鯉(秋姑),"Upeneus japonicus (Houttuyn, 1782)",,,24.103,119.9998,2020-09-15,2020,9,,1,GBIF
日本緋鯉(秋姑),"Upeneus japonicus (Houttuyn, 1782)",,,24.3612,120.1527,2020-11-01,2020,11,,1,GBIF
日本緋鯉(秋姑),"Upeneus japonicus (Houttuyn, 1782)",,,25.2179,121.3606,2019-04-18,2019,4,,1,GBIF
日本緋鯉(秋姑),"Upeneus japonicus (Houttuyn, 1782)",,,24.5041,120.6443,2019-04-08,2019,4,,1,GBIF
日本緋鯉(秋姑),"Upeneus japonicus (Houttuyn, 1782)",,,23.15,120.017,2019-05-25,2019,5,,1,GBIF
日本緋鯉(秋姑),"Upeneus japonicus (Houttuyn, 1782)",,,24.273,120.437,2019-05-26,2019,5,,1,GBIF
日本緋鯉(秋姑),"Upeneus japonicus (Houttuyn, 1782)",,,23.653,120.029,2019-05-26,2019,5,,1,GBIF
日本緋鯉(秋姑),"Upeneus japonicus (Houttuyn, 1782)",,,22.281,120.626,2019-05-27,2019,5,,1,GBIF
日本緋鯉(秋姑),"Upeneus japonicus (Houttuyn, 1782)",,,24.277,120.477,2019-05-26,2019,5,,1,GBIF
日本緋鯉(秋姑),"Upeneus japonicus (Houttuyn, 1782)",,,25.1688,121.7117,2019-08-21,2019,8,,1,GBIF
日本緋鯉(秋姑),"Upeneus japonicus (Houttuyn, 1782)",,,24.0493,120.2849,2019-08-27,2019,8,,1,GBIF
日本緋鯉(秋姑),"Upeneus japonicus (Houttuyn, 1782)",,,25.3889,121.6647,2019-10-24,2019,10,,1,GBIF
日本緋鯉(秋姑),"Upeneus japonicus (Houttuyn, 1782)",,,24.5041,120.6443,2019-10-01,2019,10,,1,GBIF
日本緋鯉(秋姑),"Upeneus japonicus (Houttuyn, 1782)",,,24.273,120.437,2019-11-17,2019,11,,1,GBIF
日本緋鯉(秋姑),"Upeneus japonicus (Houttuyn, 1782)",,,24.1306,120.0062,2018-06-27,2018,6,,1,GBIF
日本緋鯉(秋姑),"Upeneus japonicus (Houttuyn, 1782)",,,24.0323,120.2811,2018-06-27,2018,6,,1,GBIF
日本緋鯉(秋姑),"Upeneus japonicus (Houttuyn, 1782)",,,23.5752,119.7473,2018-06-12,2018,6,,1,GBIF
日本緋鯉(秋姑),"Upeneus japonicus (Houttuyn, 1782)",,,23.6144,119.7172,2018-06-12,2018,6,,1,GBIF
日本緋鯉(秋姑),"Upeneus japonicus (Houttuyn, 1782)",,,24.2429,120.4799,2018-09-19,2018,9,,1,GBIF
日本緋鯉(秋姑),"Upeneus japonicus (Houttuyn, 1782)",,,24.0993,119.9964,2018-12-20,2018,12,,1,GBIF
日本緋鯉(秋姑),"Upeneus japonicus (Houttuyn, 1782)",,,24.0457,120.2786,2017-07-05,2017,7,,1,GBIF
日本緋鯉(秋姑),"Upeneus japonicus (Houttuyn, 1782)",,,24.1219,120.0026,2017-07-05,2017,7,,1,GBIF
日本緋鯉(秋姑),"Upeneus japonicus (Houttuyn, 1782)",,,24.1141,120.0007,2017-09-12,2017,9,,1,GBIF
日本緋鯉(秋姑),"Upeneus japonicus (Houttuyn, 1782)",,,24.0447,120.2713,2017-09-12,2017,9,,1,GBIF
日本緋鯉(秋姑),"Upeneus japonicus (Houttuyn, 1782)",,,23.1587,119.9924,2016-05-06,2016,5,,1,GBIF
日本緋鯉(秋姑),"Upeneus japonicus (Houttuyn, 1782)",,,23.1218,119.9986,2016-05-06,2016,5,,1,GBIF
日本緋鯉(秋姑),"Upeneus japonicus (Houttuyn, 1782)",,,24.3516,119.9117,2016-08-31,2016,8,,1,GBIF
日本緋鯉(秋姑),"Upeneus japonicus (Houttuyn, 1782)",,,23.1655,119.9935,2016-09-03,2016,9,,1,GBIF
日本緋鯉(秋姑),"Upeneus japonicus (Houttuyn, 1782)",,,23.2211,120.0016,2016-09-03,2016,9,,1,GBIF
日本緋鯉(秋姑),Upeneus moluccensis,,Actinopterygii,25.16,121.76,1956-08-25,1956,8,,1,台灣水產試驗所－近海與外海標本數位典藏
日本緋鯉(秋姑),Upeneus moluccensis,,Actinopterygii,24.94,121.9,1990-09-21,1990,9,,1,台灣水產試驗所－近海與外海標本數位典藏
日本緋鯉(秋姑),Upeneus moluccensis,,Actinopterygii,22.47,121.11,2006-03-27,2006,3,,1,台灣水產試驗所－近海與外海標本數位典藏
日本緋鯉(秋姑),Upeneus moluccensis,馬六甲緋鯉,Actinopterygii,22.47,120.43,2008-09-18,2008,9,,1,國立海洋生物博物館
日本緋鯉(秋姑),Upeneus moluccensis,,Actinopterygii,24.58,121.86,2005-08-02,2005,8,,1,臺灣魚類資料庫
日本緋鯉(秋姑),Upeneus moluccensis,,Actinopterygii,23.56,119.56,1979-12-16,1979,12,,1,國立海洋科技博物館
日本緋鯉(秋姑),Upeneus quadrilineatus,,Actinopterygii,22.9,120.06,2001/6/1 00:00:00,2001,6,,1,臺灣周邊底拖網調查資料集
日本緋鯉(秋姑),Upeneus quadrilineatus,,Actinopterygii,22.86,120.04,2001/11/1 00:00:00,2001,11,,1,臺灣周邊底拖網調查資料集
日本緋鯉(秋姑),Upeneus quadrilineatus,,Actinopterygii,22.87,120.15,2001/3/1 00:00:00,2001,3,,1,臺灣周邊底拖網調查資料集
日本緋鯉(秋姑),Upeneus quadrilineatus,,Actinopterygii,22.48,120.46,1985-10-16,1985,10,,1,國立臺灣博物館
日本緋鯉(秋姑),Upeneus quadrilineatus,,Actinopterygii,22.48,120.46,1986-01-07,1986,1,,1,國立臺灣博物館
日本緋鯉(秋姑),Upeneus quadrilineatus,,Actinopterygii,24.25,120.52,2005-03-11,2005,3,,1,臺灣魚類資料庫
日本緋鯉(秋姑),Upeneus quadrilineatus,,Actinopterygii,22.9,120.06,2001-06-01,2001,6,,1,臺灣魚類資料庫
日本緋鯉(秋姑),Upeneus quadrilineatus,,Actinopterygii,22.86,120.04,2001-11-01,2001,11,,1,臺灣魚類資料庫
日本緋鯉(秋姑),Upeneus quadrilineatus,,Actinopterygii,22.87,120.15,2001-03-01,2001,3,,1,臺灣魚類資料庫
日本緋鯉(秋姑),Upeneus quadrilineatus,,Actinopterygii,24.49,120.68,1989-10-06,1989,10,,1,臺灣魚類資料庫
日本緋鯉(秋姑),Upeneus quadrilineatus,,Actinopterygii,22.0,120.75,1991-05-22,1991,5,,1,國立海洋科技博物館
日本緋鯉(秋姑),"Upeneus quadrilineatus Cheng & Wang, 1963",,,25.1765,121.4183,2022-02-11,2022,2,,1,GBIF
日本緋鯉(秋姑),"Upeneus quadrilineatus Cheng & Wang, 1963",,,23.1896,120.0858,2020-12-11T13:24,2020,12,,1,GBIF
日本緋鯉(秋姑),Upeneus sp.,,Actinopterygii,21.95,120.76,2001-04-15,2001,4,,1,臺灣魚類資料庫
日本緋鯉(秋姑),Upeneus subvittatus,,Actinopterygii,24.14,120.34,2002/6/7 00:00:00,2002,6,,1,臺灣周邊底拖網調查資料集
日本緋鯉(秋姑),Upeneus subvittatus,,Actinopterygii,23.1,121.25,2009/1/19,2009,1,,1,台灣水產試驗所－近海與外海標本數位典藏
日本緋鯉(秋姑),Upeneus subvittatus,,Actinopterygii,24.2,120.4,2002-06-07,2002,6,,1,臺灣魚類資料庫
日本緋鯉(秋姑),Upeneus subvittatus,,Actinopterygii,24.14,120.34,2002-06-07,2002,6,,1,臺灣魚類資料庫
日本緋鯉(秋姑),"Upeneus subvittatus (Temminck & Schlegel, 1843)",,,22.45,120.4167,2017-02-27,2017,2,,1,GBIF
日本緋鯉(秋姑),Upeneus sulphureus,黃帶緋鯉,Actinopterygii,22.09,120.71,2008-11-14,2008,11,,1,國立海洋生物博物館
日本緋鯉(秋姑),Upeneus sulphureus,,Actinopterygii,24.25,120.52,2005-10-08,2005,10,,1,臺灣魚類資料庫
日本緋鯉(秋姑),Upeneus sulphureus,,Actinopterygii,24.48,120.6,2005-09-27,2005,9,,1,臺灣魚類資料庫
日本緋鯉(秋姑),Upeneus sulphureus,,Actinopterygii,25.2,121.45,2006-10-20,2006,10,,1,臺灣魚類資料庫
日本緋鯉(秋姑),Upeneus sulphureus,,Actinopterygii,25.15,121.4,2006-10-20,2006,10,,1,臺灣魚類資料庫
日本緋鯉(秋姑),"Upeneus sulphureus Cuvier, 1829",,,24.4855,120.2871,2022-08-01,2022,8,,1,GBIF
日本緋鯉(秋姑),Upeneus tragula,,Actinopterygii,23.48,119.63,2003/11/20 00:00:00,2003,11,,1,臺灣周邊底拖網調查資料集
日本緋鯉(秋姑),Upeneus tragula,,Actinopterygii,23.42,119.59,2003/11/20 00:00:00,2003,11,,1,臺灣周邊底拖網調查資料集
日本緋鯉(秋姑),Upeneus tragula,,Actinopterygii,23.45,119.62,2003/11/20 00:00:00,2003,11,,1,臺灣周邊底拖網調查資料集
日本緋鯉(秋姑),Upeneus tragula,,Actinopterygii,23.39,119.66,2003/11/20 00:00:00,2003,11,,1,臺灣周邊底拖網調查資料集
日本緋鯉(秋姑),Upeneus tragula,,Actinopterygii,23.05,121.24,2006-03-27,2006,3,,1,台灣水產試驗所－近海與外海標本數位典藏
日本緋鯉(秋姑),Upeneus tragula,,Actinopterygii,23.1,121.25,2009/8/6,2009,8,,1,台灣水產試驗所－近海與外海標本數位典藏
日本緋鯉(秋姑),Upeneus tragula,,Actinopterygii,24.94,121.9,1985-03-27,1985,3,,1,國立臺灣博物館
日本緋鯉(秋姑),Upeneus tragula,黑斑緋鯉,Actinopterygii,22.09,120.71,2008-08-18,2008,8,,1,國立海洋生物博物館
日本緋鯉(秋姑),Upeneus tragula,,Actinopterygii,22.47,120.43,2004-08-16,2004,8,,1,臺灣魚類資料庫
日本緋鯉(秋姑),Upeneus tragula,,Actinopterygii,23.55,119.56,2006-09-06,2006,9,,1,臺灣魚類資料庫
日本緋鯉(秋姑),Upeneus tragula,,Actinopterygii,23.48,119.63,2003-11-20,2003,11,,1,臺灣魚類資料庫
日本緋鯉(秋姑),Upeneus tragula,,Actinopterygii,23.42,119.59,2003-11-20,2003,11,,1,臺灣魚類資料庫
日本緋鯉(秋姑),Upeneus tragula,,Actinopterygii,23.45,119.62,2003-11-20,2003,11,,1,臺灣魚類資料庫
日本緋鯉(秋姑),Upeneus tragula,,Actinopterygii,23.39,119.66,2003-11-20,2003,11,,1,臺灣魚類資料庫
日本緋鯉(秋姑),Upeneus tragula,,Actinopterygii,22.58,120.29,1980-03-28,1980,3,,1,臺灣魚類資料庫
日本緋鯉(秋姑),Upeneus tragula,,Actinopterygii,22.58,120.29,1980-06-29,1980,6,,1,臺灣魚類資料庫
日本緋鯉(秋姑),Upeneus tragula,,Actinopterygii,22.01,120.74,1979-12-16,1979,12,,1,臺灣魚類資料庫
日本緋鯉(秋姑),Upeneus tragula,,Actinopterygii,23.05,120.07,1998-04-08,1998,4,,1,臺灣魚類資料庫
日本緋鯉(秋姑),"Upeneus tragula Richardson, 1846",,,22.6245,120.2618,2025-05-14T16:35,2025,5,,1,GBIF
日本緋鯉(秋姑),"Upeneus tragula Richardson, 1846",,,22.6249,120.2622,2025-05-28T16:03,2025,5,,1,GBIF
日本緋鯉(秋姑),"Upeneus tragula Richardson, 1846",,,25.1136,121.9198,2025-09-02T16:29,2025,9,,1,GBIF
日本緋鯉(秋姑),"Upeneus tragula Richardson, 1846",,,25.1135,121.9199,2024-06-29T15:01,2024,6,,1,GBIF
日本緋鯉(秋姑),"Upeneus tragula Richardson, 1846",,,25.1142,121.9194,2024-07-20T14:32,2024,7,,1,GBIF
日本緋鯉(秋姑),"Upeneus tragula Richardson, 1846",,,25.1124,121.9182,2024-08-16T12:36:46,2024,8,,1,GBIF
日本緋鯉(秋姑),"Upeneus tragula Richardson, 1846",,,25.1137,121.92,2024-09-01T12:41,2024,9,,1,GBIF
日本緋鯉(秋姑),"Upeneus tragula Richardson, 1846",,,25.1462,121.8063,2024-10-17T12:19:42,2024,10,,1,GBIF
日本緋鯉(秋姑),"Upeneus tragula Richardson, 1846",,,22.4584,120.367,2023-06-03,2023,6,,1,GBIF
日本緋鯉(秋姑),"Upeneus tragula Richardson, 1846",,,23.1326,120.0169,2023-07-14,2023,7,,1,GBIF
日本緋鯉(秋姑),"Upeneus tragula Richardson, 1846",,,25.0373,121.9507,2023-09-28T08:11:03,2023,9,,1,GBIF
日本緋鯉(秋姑),"Upeneus tragula Richardson, 1846",,,21.9311,120.7448,2022-08-11T11:58:57,2022,8,,1,GBIF
日本緋鯉(秋姑),"Upeneus tragula Richardson, 1846",,,22.5468,120.162,2021-01-14,2021,1,,1,GBIF
日本緋鯉(秋姑),"Upeneus tragula Richardson, 1846",,,24.8622,120.8909,2021-04-28,2021,4,,1,GBIF
日本緋鯉(秋姑),"Upeneus tragula Richardson, 1846",,,25.4863,122.1039,2021-09-21,2021,9,,1,GBIF
日本緋鯉(秋姑),"Upeneus tragula Richardson, 1846",,,23.1346,120.0717,2021-09-15,2021,9,,1,GBIF
日本緋鯉(秋姑),"Upeneus tragula Richardson, 1846",,,25.1144,121.9197,2021-10-16T19:21:54,2021,10,,1,GBIF
日本緋鯉(秋姑),"Upeneus tragula Richardson, 1846",,,25.1269,121.9132,2021-11-14T12:00:26,2021,11,,1,GBIF
日本緋鯉(秋姑),"Upeneus tragula Richardson, 1846",,,22.5468,120.162,2020-04-15,2020,4,,1,GBIF
日本緋鯉(秋姑),"Upeneus tragula Richardson, 1846",,,22.4691,120.3691,2020-05-21,2020,5,,1,GBIF
日本緋鯉(秋姑),"Upeneus tragula Richardson, 1846",,,25.1355,121.8221,2020-09-12T12:18Z,2020,9,,1,GBIF
日本緋鯉(秋姑),"Upeneus tragula Richardson, 1846",,,22.8381,121.1894,2020-09-09,2020,9,,1,GBIF
日本緋鯉(秋姑),"Upeneus tragula Richardson, 1846",,,22.5132,120.3088,2020-12-01,2020,12,,1,GBIF
日本緋鯉(秋姑),"Upeneus tragula Richardson, 1846",,,24.5041,120.6443,2019-04-08,2019,4,,1,GBIF
日本緋鯉(秋姑),"Upeneus tragula Richardson, 1846",,,23.15,120.017,2019-05-25,2019,5,,1,GBIF
日本緋鯉(秋姑),"Upeneus tragula Richardson, 1846",,,22.281,120.626,2019-05-27,2019,5,,1,GBIF
日本緋鯉(秋姑),"Upeneus tragula Richardson, 1846",,,25.1342,121.7435,2018-05-01,2018,5,,1,GBIF
日本緋鯉(秋姑),"Upeneus tragula Richardson, 1846",,,24.7907,120.4752,2018-06-30,2018,6,,1,GBIF
日本緋鯉(秋姑),"Upeneus tragula Richardson, 1846",,,24.2163,120.4565,2018-06-26,2018,6,,1,GBIF
日本緋鯉(秋姑),"Upeneus tragula Richardson, 1846",,,25.1342,121.7435,2018-07-01,2018,7,,1,GBIF
日本緋鯉(秋姑),Upeneus vittatus,,Actinopterygii,22.28,120.36,2001/3/8 00:00:00,2001,3,,1,臺灣周邊底拖網調查資料集
日本緋鯉(秋姑),Upeneus vittatus,,Actinopterygii,23.38,119.77,2003/3/25 00:00:00,2003,3,,1,臺灣周邊底拖網調查資料集
日本緋鯉(秋姑),Upeneus vittatus,,Actinopterygii,23.53,119.67,2003/7/21 00:00:00,2003,7,,1,臺灣周邊底拖網調查資料集
日本緋鯉(秋姑),Upeneus vittatus,,Actinopterygii,23.56,119.67,2003/7/21 00:00:00,2003,7,,1,臺灣周邊底拖網調查資料集
日本緋鯉(秋姑),Upeneus vittatus,,Actinopterygii,23.38,119.77,2003/7/21 00:00:00,2003,7,,1,臺灣周邊底拖網調查資料集
日本緋鯉(秋姑),Upeneus vittatus,,Actinopterygii,25.16,121.76,1954-09-01,1954,9,,1,台灣水產試驗所－近海與外海標本數位典藏
日本緋鯉(秋姑),Upeneus vittatus,,Actinopterygii,23.01,121.19,1978-02-28,1978,2,,1,台灣水產試驗所－近海與外海標本數位典藏
日本緋鯉(秋姑),Upeneus vittatus,,Actinopterygii,23.05,121.24,2006-02-15,2006,2,,1,台灣水產試驗所－近海與外海標本數位典藏
日本緋鯉(秋姑),Upeneus vittatus,,Actinopterygii,23.05,121.22,2008/1/17,2008,1,,1,台灣水產試驗所－近海與外海標本數位典藏
日本緋鯉(秋姑),Upeneus vittatus,多帶緋鯉,Actinopterygii,22.47,120.43,2008-09-18,2008,9,,1,國立海洋生物博物館
日本緋鯉(秋姑),Upeneus vittatus,,Actinopterygii,22.31,120.22,2001-05-16,2001,5,,1,臺灣魚類資料庫
日本緋鯉(秋姑),Upeneus vittatus,,Actinopterygii,22.47,120.43,2004-08-16,2004,8,,1,臺灣魚類資料庫
日本緋鯉(秋姑),Upeneus vittatus,,Actinopterygii,22.28,120.36,2001-03-08,2001,3,,1,臺灣魚類資料庫
日本緋鯉(秋姑),Upeneus vittatus,,Actinopterygii,23.38,119.77,2003-03-25,2003,3,,1,臺灣魚類資料庫
日本緋鯉(秋姑),Upeneus vittatus,,Actinopterygii,23.53,119.67,2003-07-21,2003,7,,1,臺灣魚類資料庫
日本緋鯉(秋姑),Upeneus vittatus,,Actinopterygii,23.56,119.67,2003-07-21,2003,7,,1,臺灣魚類資料庫
日本緋鯉(秋姑),Upeneus vittatus,,Actinopterygii,23.38,119.77,2003-07-21,2003,7,,1,臺灣魚類資料庫
日本緋鯉(秋姑),Upeneus vittatus,,Actinopterygii,22.58,120.29,1980-06-29,1980,6,,1,臺灣魚類資料庫
日本緋鯉(秋姑),Upeneus vittatus,,Actinopterygii,24.49,120.68,1992-09-24,1992,9,,1,臺灣魚類資料庫
日本緋鯉(秋姑),Upeneus vittatus,,Actinopterygii,24.48,120.66,1989-08-01,1989,8,,1,國立海洋科技博物館
日本緋鯉(秋姑),"Upeneus vittatus (Forsskål, 1775)",,,22.8381,121.1894,2020-09-09,2020,9,,1,GBIF
正鰹,Katsuwonus pelamis,,Actinopterygii,23.05,121.23,2005-07-25,2005,7,,1,台灣水產試驗所－近海與外海標本數位典藏
正鰹,Katsuwonus pelamis,,Actinopterygii,22.58,121.2,2007-05-03,2007,5,,1,台灣水產試驗所－近海與外海標本數位典藏
正鰹,Katsuwonus pelamis,,Actinopterygii,23.07,121.32,2008/5/22,2008,5,,1,台灣水產試驗所－近海與外海標本數位典藏
正鰹,Katsuwonus pelamis,,Actinopterygii,24.58,121.86,1969-12-23,1969,12,,1,臺灣魚類資料庫
正鰹,Katsuwonus pelamis,,Actinopterygii,25.07,121.92,1985-08-15,1985,8,,1,臺灣魚類資料庫
正鰹,"Katsuwonus pelamis (Linnaeus, 1758)",,,21.971,120.7158,2026-02-10T12:38,2026,2,,1,GBIF
正鰹,"Katsuwonus pelamis (Linnaeus, 1758)",,,20.8633,121.9783,2026-02-27T01:23,2026,2,,1,GBIF
正鰹,"Katsuwonus pelamis (Linnaeus, 1758)",,,22.7917,121.1934,2025-10-10T08:13:17,2025,10,,1,GBIF
正鰹,"Katsuwonus pelamis (Linnaeus, 1758)",,,22.2021,120.0831,2025-11-15T08:07:39,2025,11,,1,GBIF
正鰹,"Katsuwonus pelamis (Linnaeus, 1758)",,,23.0988,121.3804,2023-12-29T13:54:18,2023,12,,1,GBIF
正鰹,"Katsuwonus pelamis (Linnaeus, 1758)",,,22.9782,121.5389,2022-05-20T11:05,2022,5,,1,GBIF
正鰹,"Katsuwonus pelamis (Linnaeus, 1758)",,,23.0828,121.3912,2022-05-20T09:27,2022,5,,1,GBIF
狗母魚,BOLD:AAC4163,,,25.5,119.76,2018-01-06,2018,1,,1,GBIF
狗母魚,BOLD:AAC4163,,,25.2,118.89,2017-05-18,2017,5,,1,GBIF
狗母魚,BOLD:AAC4163,,,24.9,118.89,2017-07-20,2017,7,,1,GBIF
狗母魚,BOLD:AAC4163,,,24.48,118.1,2017-09-06,2017,9,,1,GBIF
狗母魚,Saurida elongata,,,22.8879,120.123,2016/4/1,2016,4,,1,2016-2019年台江國家公園拖網調查
狗母魚,Saurida elongata,,Actinopterygii,24.14,120.34,2002/6/7 00:00:00,2002,6,,1,臺灣周邊底拖網調查資料集
狗母魚,Saurida elongata,,Actinopterygii,24.82,120.44,2002/6/5 00:00:00,2002,6,,1,臺灣周邊底拖網調查資料集
狗母魚,Saurida elongata,,Actinopterygii,24.83,120.39,2002/6/5 00:00:00,2002,6,,1,臺灣周邊底拖網調查資料集
狗母魚,Saurida elongata,,Actinopterygii,24.76,120.35,2002/6/5 00:00:00,2002,6,,1,臺灣周邊底拖網調查資料集
狗母魚,Saurida elongata,,Actinopterygii,24.47,120.6,2002/12/3 00:00:00,2002,12,,1,臺灣周邊底拖網調查資料集
狗母魚,Saurida elongata,,Actinopterygii,24.47,120.55,2002/12/3 00:00:00,2002,12,,1,臺灣周邊底拖網調查資料集
狗母魚,Saurida elongata,,Actinopterygii,24.42,120.49,2002/12/3 00:00:00,2002,12,,1,臺灣周邊底拖網調查資料集
狗母魚,Saurida elongata,,Actinopterygii,22.28,120.36,2001/3/8 00:00:00,2001,3,,1,臺灣周邊底拖網調查資料集
狗母魚,Saurida elongata,,Actinopterygii,22.32,120.2,2001/6/8 00:00:00,2001,6,,1,臺灣周邊底拖網調查資料集
狗母魚,Saurida elongata,,Actinopterygii,22.32,120.2,2001/11/8 00:00:00,2001,11,,1,臺灣周邊底拖網調查資料集
狗母魚,Saurida elongata,,Actinopterygii,22.32,120.2,2001/12/8 00:00:00,2001,12,,1,臺灣周邊底拖網調查資料集
狗母魚,Saurida elongata,,Actinopterygii,23.46,119.57,2003/3/25 00:00:00,2003,3,,1,臺灣周邊底拖網調查資料集
狗母魚,Saurida elongata,,Actinopterygii,23.45,119.55,2003/3/25 00:00:00,2003,3,,1,臺灣周邊底拖網調查資料集
狗母魚,Saurida elongata,,Actinopterygii,23.42,119.7,2003/3/25 00:00:00,2003,3,,1,臺灣周邊底拖網調查資料集
狗母魚,Saurida elongata,,Actinopterygii,23.32,119.73,2003/3/25 00:00:00,2003,3,,1,臺灣周邊底拖網調查資料集
狗母魚,Saurida elongata,,Actinopterygii,23.33,119.72,2003/3/25 00:00:00,2003,3,,1,臺灣周邊底拖網調查資料集
狗母魚,Saurida elongata,,Actinopterygii,23.53,119.67,2003/7/21 00:00:00,2003,7,,1,臺灣周邊底拖網調查資料集
狗母魚,Saurida elongata,,Actinopterygii,23.38,119.77,2003/7/21 00:00:00,2003,7,,1,臺灣周邊底拖網調查資料集
狗母魚,Saurida elongata,,Actinopterygii,25.19,122.03,2000/3/27 00:00:00,2000,3,,1,臺灣周邊底拖網調查資料集
狗母魚,Saurida elongata,,Actinopterygii,25.18,121.93,2000/11/15 00:00:00,2000,11,,1,臺灣周邊底拖網調查資料集
狗母魚,Saurida elongata,,Actinopterygii,25.41,121.58,2001/2/26 00:00:00,2001,2,,1,臺灣周邊底拖網調查資料集
狗母魚,Saurida elongata,,Actinopterygii,24.91,121.87,2000/2/17 00:00:00,2000,2,,1,臺灣周邊底拖網調查資料集
狗母魚,Saurida elongata,,Actinopterygii,22.87,120.15,2001/3/1 00:00:00,2001,3,,1,臺灣周邊底拖網調查資料集
狗母魚,Saurida elongata,長體蛇鯔,Actinopterygii,24.58,121.86,2009-12-01,2009,12,,1,國立海洋生物博物館
狗母魚,Saurida elongata,,Actinopterygii,24.21,120.38,2002-09-27,2002,9,,1,臺灣魚類資料庫
狗母魚,Saurida elongata,,Actinopterygii,24.59,121.86,2001-04-20,2001,4,,1,臺灣魚類資料庫
狗母魚,Saurida elongata,,Actinopterygii,24.94,121.9,2005-03-07,2005,3,,1,臺灣魚類資料庫
狗母魚,Saurida elongata,,Actinopterygii,24.42,120.52,2002-09-03,2002,9,,1,臺灣魚類資料庫
狗母魚,Saurida elongata,,Actinopterygii,24.14,120.34,2002-06-07,2002,6,,1,臺灣魚類資料庫
狗母魚,Saurida elongata,,Actinopterygii,24.82,120.44,2002-06-05,2002,6,,1,臺灣魚類資料庫
狗母魚,Saurida elongata,,Actinopterygii,24.83,120.39,2002-06-05,2002,6,,1,臺灣魚類資料庫
狗母魚,Saurida elongata,,Actinopterygii,24.76,120.35,2002-06-05,2002,6,,1,臺灣魚類資料庫
狗母魚,Saurida elongata,,Actinopterygii,24.47,120.6,2002-12-03,2002,12,,1,臺灣魚類資料庫
狗母魚,Saurida elongata,,Actinopterygii,24.47,120.55,2002-12-03,2002,12,,1,臺灣魚類資料庫
狗母魚,Saurida elongata,,Actinopterygii,24.42,120.49,2002-12-03,2002,12,,1,臺灣魚類資料庫
狗母魚,Saurida elongata,,Actinopterygii,22.28,120.36,2001-03-08,2001,3,,1,臺灣魚類資料庫
狗母魚,Saurida elongata,,Actinopterygii,22.32,120.2,2001-06-08,2001,6,,1,臺灣魚類資料庫
狗母魚,Saurida elongata,,Actinopterygii,22.32,120.2,2001-11-08,2001,11,,1,臺灣魚類資料庫
狗母魚,Saurida elongata,,Actinopterygii,22.32,120.2,2001-12-08,2001,12,,1,臺灣魚類資料庫
狗母魚,Saurida elongata,,Actinopterygii,23.46,119.57,2003-03-25,2003,3,,1,臺灣魚類資料庫
狗母魚,Saurida elongata,,Actinopterygii,23.45,119.55,2003-03-25,2003,3,,1,臺灣魚類資料庫
狗母魚,Saurida elongata,,Actinopterygii,23.42,119.7,2003-03-25,2003,3,,1,臺灣魚類資料庫
狗母魚,Saurida elongata,,Actinopterygii,23.32,119.73,2003-03-25,2003,3,,1,臺灣魚類資料庫
狗母魚,Saurida elongata,,Actinopterygii,23.33,119.72,2003-03-25,2003,3,,1,臺灣魚類資料庫
狗母魚,Saurida elongata,,Actinopterygii,23.53,119.67,2003-07-21,2003,7,,1,臺灣魚類資料庫
狗母魚,Saurida elongata,,Actinopterygii,23.38,119.77,2003-07-21,2003,7,,1,臺灣魚類資料庫
狗母魚,Saurida elongata,,Actinopterygii,25.19,122.03,2000-03-27,2000,3,,1,臺灣魚類資料庫
狗母魚,Saurida elongata,,Actinopterygii,25.18,121.93,2000-11-15,2000,11,,1,臺灣魚類資料庫
狗母魚,Saurida elongata,,Actinopterygii,25.41,121.58,2001-02-26,2001,2,,1,臺灣魚類資料庫
狗母魚,Saurida elongata,,Actinopterygii,24.91,121.87,2000-02-17,2000,2,,1,臺灣魚類資料庫
狗母魚,Saurida elongata,,Actinopterygii,22.87,120.15,2001-03-01,2001,3,,1,臺灣魚類資料庫
狗母魚,"Saurida elongata (Temminck & Schlegel, 1846)",,,24.2378,120.413,2023-07-12,2023,7,,1,GBIF
狗母魚,"Saurida elongata (Temminck & Schlegel, 1846)",,,24.1916,119.9219,2022-03-01,2022,3,,1,GBIF
狗母魚,"Saurida elongata (Temminck & Schlegel, 1846)",,,24.1982,119.7601,2022-03-01,2022,3,,1,GBIF
狗母魚,"Saurida elongata (Temminck & Schlegel, 1846)",,,25.2179,121.3606,2022-04-08,2022,4,,1,GBIF
狗母魚,"Saurida elongata (Temminck & Schlegel, 1846)",,,24.1916,119.9219,2021-02-01,2021,2,,1,GBIF
狗母魚,"Saurida elongata (Temminck & Schlegel, 1846)",,,24.6807,120.7801,2021-03-05,2021,3,,1,GBIF
狗母魚,"Saurida elongata (Temminck & Schlegel, 1846)",,,24.6394,120.6888,2021-03-05,2021,3,,1,GBIF
狗母魚,"Saurida elongata (Temminck & Schlegel, 1846)",,,24.7403,120.6964,2021-03-29,2021,3,,1,GBIF
狗母魚,"Saurida elongata (Temminck & Schlegel, 1846)",,,24.0752,120.0299,2021-04-12,2021,4,,1,GBIF
狗母魚,"Saurida elongata (Temminck & Schlegel, 1846)",,,24.0505,120.2817,2021-05-04,2021,5,,1,GBIF
狗母魚,"Saurida elongata (Temminck & Schlegel, 1846)",,,24.0568,120.2914,2021-09-02,2021,9,,1,GBIF
狗母魚,"Saurida elongata (Temminck & Schlegel, 1846)",,,23.1346,120.0717,2021-12-02,2021,12,,1,GBIF
狗母魚,"Saurida elongata (Temminck & Schlegel, 1846)",,,24.1504,119.7388,2020-01-22,2020,1,,1,GBIF
狗母魚,"Saurida elongata (Temminck & Schlegel, 1846)",,,24.1982,119.7601,2020-03-12,2020,3,,1,GBIF
狗母魚,"Saurida elongata (Temminck & Schlegel, 1846)",,,24.1937,119.8732,2020-03-12,2020,3,,1,GBIF
狗母魚,"Saurida elongata (Temminck & Schlegel, 1846)",,,24.7464,120.8576,2020-05-15,2020,5,,1,GBIF
狗母魚,"Saurida elongata (Temminck & Schlegel, 1846)",,,24.7771,120.8387,2020-05-15,2020,5,,1,GBIF
狗母魚,"Saurida elongata (Temminck & Schlegel, 1846)",,,24.7884,120.8092,2020-05-15,2020,5,,1,GBIF
狗母魚,"Saurida elongata (Temminck & Schlegel, 1846)",,,24.0617,120.2861,2020-07-24,2020,7,,1,GBIF
狗母魚,"Saurida elongata (Temminck & Schlegel, 1846)",,,24.1319,120.0055,2020-07-24,2020,7,,1,GBIF
狗母魚,"Saurida elongata (Temminck & Schlegel, 1846)",,,24.3203,119.7572,2020-07-18,2020,7,,1,GBIF
狗母魚,"Saurida elongata (Temminck & Schlegel, 1846)",,,22.3395,120.5315,2020-07-20,2020,7,,1,GBIF
狗母魚,"Saurida elongata (Temminck & Schlegel, 1846)",,,23.6428,120.0268,2020-07-19,2020,7,,1,GBIF
狗母魚,"Saurida elongata (Temminck & Schlegel, 1846)",,,24.0465,120.2812,2020-09-15,2020,9,,1,GBIF
狗母魚,"Saurida elongata (Temminck & Schlegel, 1846)",,,23.108,120.0434,2019-01-11,2019,1,,1,GBIF
狗母魚,"Saurida elongata (Temminck & Schlegel, 1846)",,,25.5,119.76,2018-01-06,2018,1,,1,GBIF
狗母魚,"Saurida elongata (Temminck & Schlegel, 1846)",,,23.108,120.0434,2018-03-23,2018,3,,1,GBIF
狗母魚,"Saurida elongata (Temminck & Schlegel, 1846)",,,24.0323,120.2811,2018-06-27,2018,6,,1,GBIF
狗母魚,"Saurida elongata (Temminck & Schlegel, 1846)",,,23.108,120.0434,2018-07-19,2018,7,,1,GBIF
狗母魚,"Saurida elongata (Temminck & Schlegel, 1846)",,,24.0445,120.2783,2018-12-20,2018,12,,1,GBIF
狗母魚,"Saurida elongata (Temminck & Schlegel, 1846)",,,24.0993,119.9964,2018-12-20,2018,12,,1,GBIF
狗母魚,"Saurida elongata (Temminck & Schlegel, 1846)",,,25.0503,121.0162,2017-04-19,2017,4,,1,GBIF
狗母魚,"Saurida elongata (Temminck & Schlegel, 1846)",,,25.2,118.89,2017-05-18,2017,5,,1,GBIF
狗母魚,"Saurida elongata (Temminck & Schlegel, 1846)",,,24.9,118.89,2017-07-20,2017,7,,1,GBIF
狗母魚,"Saurida elongata (Temminck & Schlegel, 1846)",,,24.48,118.1,2017-09-06,2017,9,,1,GBIF
狗母魚,"Saurida elongata (Temminck & Schlegel, 1846)",,,24.1141,120.0007,2017-09-12,2017,9,,1,GBIF
狗母魚,"Saurida elongata (Temminck & Schlegel, 1846)",,,24.0447,120.2713,2017-09-12,2017,9,,1,GBIF
狗母魚,"Saurida elongata (Temminck & Schlegel, 1846)",,,22.8879,120.123,2016-04-01,2016,4,,1,GBIF
狗母魚,Saurida filamentosa,,Actinopterygii,24.76,120.35,2002/6/5 00:00:00,2002,6,,1,臺灣周邊底拖網調查資料集
狗母魚,Saurida filamentosa,,Actinopterygii,25.13,121.96,2000/3/27 00:00:00,2000,3,,1,臺灣周邊底拖網調查資料集
狗母魚,Saurida filamentosa,,Actinopterygii,25.19,122.03,2000/3/27 00:00:00,2000,3,,1,臺灣周邊底拖網調查資料集
狗母魚,Saurida filamentosa,,Actinopterygii,25.18,121.93,2000/6/8 00:00:00,2000,6,,1,臺灣周邊底拖網調查資料集
狗母魚,Saurida filamentosa,,Actinopterygii,24.91,121.87,2000/12/27 00:00:00,2000,12,,1,臺灣周邊底拖網調查資料集
狗母魚,Saurida filamentosa,,Actinopterygii,25.41,121.58,2001/2/26 00:00:00,2001,2,,1,臺灣周邊底拖網調查資料集
狗母魚,Saurida filamentosa,,Actinopterygii,24.91,121.87,2000/2/17 00:00:00,2000,2,,1,臺灣周邊底拖網調查資料集
狗母魚,Saurida filamentosa,,Actinopterygii,24.8,120.4,2002-06-05,2002,6,,1,臺灣魚類資料庫
狗母魚,Saurida filamentosa,,Actinopterygii,24.76,120.35,2002-06-05,2002,6,,1,臺灣魚類資料庫
狗母魚,Saurida filamentosa,,Actinopterygii,25.13,121.96,2000-03-27,2000,3,,1,臺灣魚類資料庫
狗母魚,Saurida filamentosa,,Actinopterygii,25.19,122.03,2000-03-27,2000,3,,1,臺灣魚類資料庫
狗母魚,Saurida filamentosa,,Actinopterygii,25.18,121.93,2000-06-08,2000,6,,1,臺灣魚類資料庫
狗母魚,Saurida filamentosa,,Actinopterygii,24.91,121.87,2000-12-27,2000,12,,1,臺灣魚類資料庫
狗母魚,Saurida filamentosa,,Actinopterygii,25.41,121.58,2001-02-26,2001,2,,1,臺灣魚類資料庫
狗母魚,Saurida filamentosa,,Actinopterygii,24.91,121.87,2000-02-17,2000,2,,1,臺灣魚類資料庫
狗母魚,Saurida filamentosa,,Actinopterygii,25.21,121.69,1980-03-28,1980,3,,1,臺灣魚類資料庫
狗母魚,Saurida gracilis,,Actinopterygii,23.05,121.23,1993-11-20,1993,11,,1,台灣水產試驗所－近海與外海標本數位典藏
狗母魚,Saurida gracilis,,Actinopterygii,23.05,121.23,2005-07-28,2005,7,,1,台灣水產試驗所－近海與外海標本數位典藏
狗母魚,Saurida gracilis,,Actinopterygii,22.58,121.2,2006-06-30,2006,6,,1,台灣水產試驗所－近海與外海標本數位典藏
狗母魚,Saurida gracilis,,Actinopterygii,22.48,120.46,1985-08-23,1985,8,,1,國立臺灣博物館
狗母魚,Saurida gracilis,,Actinopterygii,22.36,120.37,1987-11-25,1987,11,,1,國立臺灣博物館
狗母魚,Saurida gracilis,細蛇鯔,Actinopterygii,24.58,121.86,2010-11-20,2010,11,,1,國立海洋生物博物館
狗母魚,Saurida gracilis,,Actinopterygii,24.58,121.86,2005-08-02,2005,8,,1,臺灣魚類資料庫
狗母魚,Saurida gracilis,,Actinopterygii,21.93,120.73,1968-08-23,1968,8,,1,臺灣魚類資料庫
狗母魚,Saurida gracilis,,Actinopterygii,22.03,120.72,1978-02-19,1978,2,,1,臺灣魚類資料庫
狗母魚,Saurida gracilis,,Actinopterygii,22.03,120.72,1985-03-18,1985,3,,1,臺灣魚類資料庫
狗母魚,Saurida gracilis,,Actinopterygii,21.95,120.77,1978-02-21,1978,2,,1,臺灣魚類資料庫
狗母魚,Saurida gracilis,,Actinopterygii,22.47,120.43,1991-01-01,1991,1,,1,臺灣魚類資料庫
狗母魚,"Saurida gracilis (Quoy & Gaimard, 1824)",,,22.3395,120.3612,2026-02-28T09:01:36,2026,2,,1,GBIF
狗母魚,"Saurida gracilis (Quoy & Gaimard, 1824)",,,24.5939,122.9217,2025-03-25T18:00,2025,3,,1,GBIF
狗母魚,"Saurida gracilis (Quoy & Gaimard, 1824)",,,25.0243,121.9453,2025-11-09T15:40,2025,11,,1,GBIF
狗母魚,"Saurida gracilis (Quoy & Gaimard, 1824)",,,21.9325,120.7466,2020-08-16T13:24,2020,8,,1,GBIF
狗母魚,Saurida isarankurai,,Actinopterygii,22.24,120.24,2001-11-08,2001,11,,1,臺灣魚類資料庫
狗母魚,Saurida isarankurai,,Actinopterygii,23.13,120.2,2003-11-01,2003,11,,1,臺灣魚類資料庫
狗母魚,Saurida macrolepis,,Actinopterygii,22.85,120.05,2001-11-01,2001,11,,1,臺灣魚類資料庫
狗母魚,Saurida macrolepis,,Actinopterygii,24.06,120.43,2002-07-06,2002,7,,1,臺灣魚類資料庫
狗母魚,Saurida macrolepis,,Actinopterygii,24.94,121.88,2000-12-01,2000,12,,1,臺灣魚類資料庫
狗母魚,"Saurida macrolepis Tanaka, 1917",,,24.5041,120.6443,2019-10-01,2019,10,,1,GBIF
狗母魚,"Saurida macrolepis Tanaka, 1917",,,25.5,119.76,2018-01-06,2018,1,,1,GBIF
狗母魚,"Saurida macrolepis Tanaka, 1917",,,25.2,118.89,2017-05-18,2017,5,,1,GBIF
狗母魚,"Saurida macrolepis Tanaka, 1917",,,24.9,118.89,2017-07-20,2017,7,,1,GBIF
狗母魚,Saurida micropectoralis,,Actinopterygii,24.52,120.64,2002-03-20,2002,3,,1,臺灣魚類資料庫
狗母魚,Saurida micropectoralis,,Actinopterygii,24.42,120.52,2002-09-03,2002,9,,1,臺灣魚類資料庫
狗母魚,Saurida micropectoralis,,Actinopterygii,25.11,121.36,1998-08-27,1998,8,,1,臺灣魚類資料庫
狗母魚,Saurida nebulosa,,Actinopterygii,22.89,120.08,2001/3/1 00:00:00,2001,3,,1,臺灣周邊底拖網調查資料集
狗母魚,Saurida nebulosa,,Actinopterygii,24.58,121.86,2005-10-05,2005,10,,1,臺灣魚類資料庫
狗母魚,Saurida nebulosa,,Actinopterygii,22.47,120.43,2000-05-12,2000,5,,1,臺灣魚類資料庫
狗母魚,Saurida nebulosa,,Actinopterygii,22.89,120.08,2001-03-01,2001,3,,1,臺灣魚類資料庫
狗母魚,Saurida nebulosa,,Actinopterygii,21.93,120.73,1975-09-01,1975,9,,1,臺灣魚類資料庫
狗母魚,Saurida nebulosa,,Actinopterygii,21.93,120.73,1975-11-01,1975,11,,1,臺灣魚類資料庫
狗母魚,Saurida sp.,,Actinopterygii,21.94,120.78,2001-11-15,2001,11,,1,臺灣魚類資料庫
狗母魚,Saurida sp.,,Actinopterygii,24.85,120.48,2002-09-02,2002,9,,1,臺灣魚類資料庫
狗母魚,Saurida sp.,,Actinopterygii,24.52,120.64,2002-03-20,2002,3,,1,臺灣魚類資料庫
狗母魚,Saurida sp.,,Actinopterygii,21.95,120.79,2004-04-10,2004,4,,1,臺灣魚類資料庫
狗母魚,Saurida sp.,,Actinopterygii,25.05,121.92,2002-08-07,2002,8,,1,臺灣魚類資料庫
狗母魚,Saurida sp.,,Actinopterygii,24.94,121.9,2005-08-18,2005,8,,1,臺灣魚類資料庫
狗母魚,Saurida sp.,,Actinopterygii,24.94,121.9,2000-01-21,2000,1,,1,臺灣魚類資料庫
狗母魚,Saurida sp.,,Actinopterygii,24.52,120.64,2002-02-04,2002,2,,1,國立海洋科技博物館
狗母魚,Saurida sp1,,Actinopterygii,24.82,120.44,2002/9/2 00:00:00,2002,9,,1,臺灣周邊底拖網調查資料集
狗母魚,Saurida sp1,,Actinopterygii,24.76,120.35,2002/9/2 00:00:00,2002,9,,1,臺灣周邊底拖網調查資料集
狗母魚,Saurida sp1,,Actinopterygii,23.48,119.63,2003/11/20 00:00:00,2003,11,,1,臺灣周邊底拖網調查資料集
狗母魚,Saurida sp1,,Actinopterygii,23.44,119.59,2003/11/20 00:00:00,2003,11,,1,臺灣周邊底拖網調查資料集
狗母魚,Saurida sp1,,Actinopterygii,23.42,119.59,2003/11/20 00:00:00,2003,11,,1,臺灣周邊底拖網調查資料集
狗母魚,Saurida sp1,,Actinopterygii,23.45,119.62,2003/11/20 00:00:00,2003,11,,1,臺灣周邊底拖網調查資料集
狗母魚,Saurida sp1,,Actinopterygii,23.38,119.77,2003/11/20 00:00:00,2003,11,,1,臺灣周邊底拖網調查資料集
狗母魚,Saurida sp1,,Actinopterygii,24.82,120.44,2002-09-02,2002,9,,1,臺灣魚類資料庫
狗母魚,Saurida sp1,,Actinopterygii,24.76,120.35,2002-09-02,2002,9,,1,臺灣魚類資料庫
狗母魚,Saurida sp1,,Actinopterygii,23.48,119.63,2003-11-20,2003,11,,1,臺灣魚類資料庫
狗母魚,Saurida sp1,,Actinopterygii,23.44,119.59,2003-11-20,2003,11,,1,臺灣魚類資料庫
狗母魚,Saurida sp1,,Actinopterygii,23.42,119.59,2003-11-20,2003,11,,1,臺灣魚類資料庫
狗母魚,Saurida sp1,,Actinopterygii,23.45,119.62,2003-11-20,2003,11,,1,臺灣魚類資料庫
狗母魚,Saurida sp1,,Actinopterygii,23.38,119.77,2003-11-20,2003,11,,1,臺灣魚類資料庫
狗母魚,Saurida sp2,,Actinopterygii,24.14,120.35,2002/12/18 00:00:00,2002,12,,1,臺灣周邊底拖網調查資料集
狗母魚,Saurida sp2,,Actinopterygii,24.14,120.34,2002/12/18 00:00:00,2002,12,,1,臺灣周邊底拖網調查資料集
狗母魚,Saurida sp2,,Actinopterygii,24.18,120.33,2002/12/18 00:00:00,2002,12,,1,臺灣周邊底拖網調查資料集
狗母魚,Saurida sp2,,Actinopterygii,24.82,120.44,2002/9/2 00:00:00,2002,9,,1,臺灣周邊底拖網調查資料集
狗母魚,Saurida sp2,,Actinopterygii,24.83,120.39,2002/9/2 00:00:00,2002,9,,1,臺灣周邊底拖網調查資料集
狗母魚,Saurida sp2,,Actinopterygii,24.76,120.35,2002/9/2 00:00:00,2002,9,,1,臺灣周邊底拖網調查資料集
狗母魚,Saurida sp2,,Actinopterygii,24.47,120.6,2002/12/3 00:00:00,2002,12,,1,臺灣周邊底拖網調查資料集
狗母魚,Saurida sp2,,Actinopterygii,24.14,120.35,2002-12-18,2002,12,,1,臺灣魚類資料庫
狗母魚,Saurida sp2,,Actinopterygii,24.14,120.34,2002-12-18,2002,12,,1,臺灣魚類資料庫
狗母魚,Saurida sp2,,Actinopterygii,24.18,120.33,2002-12-18,2002,12,,1,臺灣魚類資料庫
狗母魚,Saurida sp2,,Actinopterygii,24.82,120.44,2002-09-02,2002,9,,1,臺灣魚類資料庫
狗母魚,Saurida sp2,,Actinopterygii,24.83,120.39,2002-09-02,2002,9,,1,臺灣魚類資料庫
狗母魚,Saurida sp2,,Actinopterygii,24.76,120.35,2002-09-02,2002,9,,1,臺灣魚類資料庫
狗母魚,Saurida sp2,,Actinopterygii,24.47,120.6,2002-12-03,2002,12,,1,臺灣魚類資料庫
狗母魚,Saurida tumbil,,Actinopterygii,23.05,121.23,2005-08-18,2005,8,,1,台灣水產試驗所－近海與外海標本數位典藏
狗母魚,Saurida tumbil,多齒蛇鯔,Actinopterygii,22.47,120.43,2010-02-26,2010,2,,1,國立海洋生物博物館
狗母魚,Saurida tumbil,,Actinopterygii,25.06,121.43,1991-01-25,1991,1,,1,國立海洋科技博物館
狗母魚,"Saurida tumbil (Bloch, 1795)",,,24.5804,120.0344,2023-07-12,2023,7,,1,GBIF
狗母魚,"Saurida tumbil (Bloch, 1795)",,,23.8258,120.064,2022-09-05,2022,9,,1,GBIF
狗母魚,"Saurida tumbil (Bloch, 1795)",,,24.6044,120.5578,2021-06-24,2021,6,,1,GBIF
狗母魚,"Saurida tumbil (Bloch, 1795)",,,24.1982,119.7601,2020-01-22,2020,1,,1,GBIF
狗母魚,"Saurida tumbil (Bloch, 1795)",,,22.3406,120.5346,2020-05-21,2020,5,,1,GBIF
狗母魚,"Saurida tumbil (Bloch, 1795)",,,22.4395,120.3483,2020-05-21,2020,5,,1,GBIF
狗母魚,"Saurida tumbil (Bloch, 1795)",,,24.604,120.4668,2020-08-05,2020,8,,1,GBIF
狗母魚,"Saurida tumbil (Bloch, 1795)",,,25.0503,121.0162,2019-02-26,2019,2,,1,GBIF
狗母魚,"Saurida tumbil (Bloch, 1795)",,,24.0457,120.2786,2017-07-05,2017,7,,1,GBIF
狗母魚,Saurida umeyoshii,,Actinopterygii,22.22,120.38,2001-11-08,2001,11,,1,臺灣魚類資料庫
狗母魚,"Saurida umeyoshii Inoue & Nakabo, 2006",,,22.8518,120.1098,2023-06-03,2023,6,,1,GBIF
狗母魚,"Saurida umeyoshii Inoue & Nakabo, 2006",,,23.0107,120.017,2022-11-10,2022,11,,1,GBIF
狗母魚,"Saurida umeyoshii Inoue & Nakabo, 2006",,,22.8989,120.1517,2022-11-11,2022,11,,1,GBIF
狗母魚,"Saurida umeyoshii Inoue & Nakabo, 2006",,,24.3203,119.7572,2020-07-18,2020,7,,1,GBIF
狗母魚,"Saurida umeyoshii Inoue & Nakabo, 2006",,,22.3085,120.6062,2020-07-20,2020,7,,1,GBIF
狗母魚,"Saurida umeyoshii Inoue & Nakabo, 2006",,,24.9333,121.9,2017-02-23,2017,2,,1,GBIF
狗母魚,Saurida undosquamis,,Actinopterygii,24.47,120.6,2002/12/3 00:00:00,2002,12,,1,臺灣周邊底拖網調查資料集
狗母魚,Saurida undosquamis,,Actinopterygii,24.42,120.49,2002/12/3 00:00:00,2002,12,,1,臺灣周邊底拖網調查資料集
狗母魚,Saurida undosquamis,,Actinopterygii,22.28,120.36,2001/3/8 00:00:00,2001,3,,1,臺灣周邊底拖網調查資料集
狗母魚,Saurida undosquamis,,Actinopterygii,22.28,120.36,2001/6/8 00:00:00,2001,6,,1,臺灣周邊底拖網調查資料集
狗母魚,Saurida undosquamis,,Actinopterygii,22.86,120.04,2001/6/1 00:00:00,2001,6,,1,臺灣周邊底拖網調查資料集
狗母魚,Saurida undosquamis,,Actinopterygii,22.32,120.2,2001/6/8 00:00:00,2001,6,,1,臺灣周邊底拖網調查資料集
狗母魚,Saurida undosquamis,,Actinopterygii,22.28,120.36,2001/9/8 00:00:00,2001,9,,1,臺灣周邊底拖網調查資料集
狗母魚,Saurida undosquamis,,Actinopterygii,22.42,120.26,2001/9/10 00:00:00,2001,9,,1,臺灣周邊底拖網調查資料集
狗母魚,Saurida undosquamis,,Actinopterygii,22.86,120.04,2001/11/1 00:00:00,2001,11,,1,臺灣周邊底拖網調查資料集
狗母魚,Saurida undosquamis,,Actinopterygii,22.9,120.06,2001/11/1 00:00:00,2001,11,,1,臺灣周邊底拖網調查資料集
狗母魚,Saurida undosquamis,,Actinopterygii,22.28,120.36,2001/11/8 00:00:00,2001,11,,1,臺灣周邊底拖網調查資料集
狗母魚,Saurida undosquamis,,Actinopterygii,22.25,120.37,2001/11/8 00:00:00,2001,11,,1,臺灣周邊底拖網調查資料集
狗母魚,Saurida undosquamis,,Actinopterygii,22.86,120.04,2001/12/1 00:00:00,2001,12,,1,臺灣周邊底拖網調查資料集
狗母魚,Saurida undosquamis,,Actinopterygii,22.9,120.06,2001/12/1 00:00:00,2001,12,,1,臺灣周邊底拖網調查資料集
狗母魚,Saurida undosquamis,,Actinopterygii,22.32,120.2,2001/12/8 00:00:00,2001,12,,1,臺灣周邊底拖網調查資料集
狗母魚,Saurida undosquamis,,Actinopterygii,23.46,119.57,2003/3/25 00:00:00,2003,3,,1,臺灣周邊底拖網調查資料集
狗母魚,Saurida undosquamis,,Actinopterygii,23.45,119.55,2003/3/25 00:00:00,2003,3,,1,臺灣周邊底拖網調查資料集
狗母魚,Saurida undosquamis,,Actinopterygii,23.38,119.77,2003/3/25 00:00:00,2003,3,,1,臺灣周邊底拖網調查資料集
狗母魚,Saurida undosquamis,,Actinopterygii,23.51,119.76,2003/7/21 00:00:00,2003,7,,1,臺灣周邊底拖網調查資料集
狗母魚,Saurida undosquamis,,Actinopterygii,23.53,119.67,2003/7/21 00:00:00,2003,7,,1,臺灣周邊底拖網調查資料集
狗母魚,Saurida undosquamis,,Actinopterygii,23.56,119.67,2003/7/21 00:00:00,2003,7,,1,臺灣周邊底拖網調查資料集
狗母魚,Saurida undosquamis,,Actinopterygii,23.44,119.68,2003/7/21 00:00:00,2003,7,,1,臺灣周邊底拖網調查資料集
狗母魚,Saurida undosquamis,,Actinopterygii,23.42,119.7,2003/7/21 00:00:00,2003,7,,1,臺灣周邊底拖網調查資料集
狗母魚,Saurida undosquamis,,Actinopterygii,23.38,119.77,2003/7/21 00:00:00,2003,7,,1,臺灣周邊底拖網調查資料集
狗母魚,Saurida undosquamis,,Actinopterygii,23.48,119.63,2003/11/20 00:00:00,2003,11,,1,臺灣周邊底拖網調查資料集
狗母魚,Saurida undosquamis,,Actinopterygii,23.44,119.59,2003/11/20 00:00:00,2003,11,,1,臺灣周邊底拖網調查資料集
狗母魚,Saurida undosquamis,,Actinopterygii,23.42,119.59,2003/11/20 00:00:00,2003,11,,1,臺灣周邊底拖網調查資料集
狗母魚,Saurida undosquamis,,Actinopterygii,23.45,119.62,2003/11/20 00:00:00,2003,11,,1,臺灣周邊底拖網調查資料集
狗母魚,Saurida undosquamis,,Actinopterygii,23.39,119.66,2003/11/20 00:00:00,2003,11,,1,臺灣周邊底拖網調查資料集
狗母魚,Saurida undosquamis,,Actinopterygii,24.91,121.87,2001/4/10 00:00:00,2001,4,,1,臺灣周邊底拖網調查資料集
狗母魚,Saurida undosquamis,,Actinopterygii,24.91,121.87,2000/7/13 00:00:00,2000,7,,1,臺灣周邊底拖網調查資料集
狗母魚,Saurida undosquamis,,Actinopterygii,24.91,121.87,2000/12/27 00:00:00,2000,12,,1,臺灣周邊底拖網調查資料集
狗母魚,Saurida undosquamis,,Actinopterygii,22.87,120.15,2001/3/1 00:00:00,2001,3,,1,臺灣周邊底拖網調查資料集
狗母魚,Saurida undosquamis,,Actinopterygii,22.32,120.2,2001/3/8 00:00:00,2001,3,,1,臺灣周邊底拖網調查資料集
狗母魚,Saurida undosquamis,,Actinopterygii,25.16,121.76,1978-06-22,1978,6,,1,台灣水產試驗所－近海與外海標本數位典藏
狗母魚,Saurida undosquamis,,Actinopterygii,22.58,120.29,1978-06-26,1978,6,,1,台灣水產試驗所－近海與外海標本數位典藏
狗母魚,Saurida undosquamis,,Actinopterygii,24.94,121.9,1997-09-09,1997,9,,1,台灣水產試驗所－近海與外海標本數位典藏
狗母魚,Saurida undosquamis,,Actinopterygii,23.05,121.23,1978-02-28,1978,2,,1,台灣水產試驗所－近海與外海標本數位典藏
狗母魚,Saurida undosquamis,,Actinopterygii,23.57,119.56,1946-08-01,1946,8,,1,國立臺灣博物館
狗母魚,Saurida undosquamis,,Actinopterygii,22.31,120.22,2001-03-01,2001,3,,1,臺灣魚類資料庫
狗母魚,Saurida undosquamis,,Actinopterygii,22.0,120.7,2001-03-18,2001,3,,1,臺灣魚類資料庫
狗母魚,Saurida undosquamis,,Actinopterygii,24.92,121.95,2005-11-04,2005,11,,1,臺灣魚類資料庫
狗母魚,Saurida undosquamis,,Actinopterygii,24.94,121.88,2000-12-01,2000,12,,1,臺灣魚類資料庫
狗母魚,Saurida undosquamis,,Actinopterygii,24.47,120.6,2002-12-03,2002,12,,1,臺灣魚類資料庫
狗母魚,Saurida undosquamis,,Actinopterygii,24.42,120.49,2002-12-03,2002,12,,1,臺灣魚類資料庫
狗母魚,Saurida undosquamis,,Actinopterygii,22.28,120.36,2001-03-08,2001,3,,1,臺灣魚類資料庫
狗母魚,Saurida undosquamis,,Actinopterygii,22.28,120.36,2001-06-08,2001,6,,1,臺灣魚類資料庫
狗母魚,Saurida undosquamis,,Actinopterygii,22.86,120.04,2001-06-01,2001,6,,1,臺灣魚類資料庫
狗母魚,Saurida undosquamis,,Actinopterygii,22.32,120.2,2001-06-08,2001,6,,1,臺灣魚類資料庫
狗母魚,Saurida undosquamis,,Actinopterygii,22.28,120.36,2001-09-08,2001,9,,1,臺灣魚類資料庫
狗母魚,Saurida undosquamis,,Actinopterygii,22.42,120.26,2001-09-10,2001,9,,1,臺灣魚類資料庫
狗母魚,Saurida undosquamis,,Actinopterygii,22.86,120.04,2001-11-01,2001,11,,1,臺灣魚類資料庫
狗母魚,Saurida undosquamis,,Actinopterygii,22.9,120.06,2001-11-01,2001,11,,1,臺灣魚類資料庫
狗母魚,Saurida undosquamis,,Actinopterygii,22.28,120.36,2001-11-08,2001,11,,1,臺灣魚類資料庫
狗母魚,Saurida undosquamis,,Actinopterygii,22.25,120.37,2001-11-08,2001,11,,1,臺灣魚類資料庫
狗母魚,Saurida undosquamis,,Actinopterygii,22.86,120.04,2001-12-01,2001,12,,1,臺灣魚類資料庫
狗母魚,Saurida undosquamis,,Actinopterygii,22.9,120.06,2001-12-01,2001,12,,1,臺灣魚類資料庫
狗母魚,Saurida undosquamis,,Actinopterygii,22.32,120.2,2001-12-08,2001,12,,1,臺灣魚類資料庫
狗母魚,Saurida undosquamis,,Actinopterygii,23.46,119.57,2003-03-25,2003,3,,1,臺灣魚類資料庫
狗母魚,Saurida undosquamis,,Actinopterygii,23.45,119.55,2003-03-25,2003,3,,1,臺灣魚類資料庫
狗母魚,Saurida undosquamis,,Actinopterygii,23.38,119.77,2003-03-25,2003,3,,1,臺灣魚類資料庫
狗母魚,Saurida undosquamis,,Actinopterygii,23.51,119.76,2003-07-21,2003,7,,1,臺灣魚類資料庫
狗母魚,Saurida undosquamis,,Actinopterygii,23.53,119.67,2003-07-21,2003,7,,1,臺灣魚類資料庫
狗母魚,Saurida undosquamis,,Actinopterygii,23.56,119.67,2003-07-21,2003,7,,1,臺灣魚類資料庫
狗母魚,Saurida undosquamis,,Actinopterygii,23.44,119.68,2003-07-21,2003,7,,1,臺灣魚類資料庫
狗母魚,Saurida undosquamis,,Actinopterygii,23.42,119.7,2003-07-21,2003,7,,1,臺灣魚類資料庫
狗母魚,Saurida undosquamis,,Actinopterygii,23.38,119.77,2003-07-21,2003,7,,1,臺灣魚類資料庫
狗母魚,Saurida undosquamis,,Actinopterygii,23.48,119.63,2003-11-20,2003,11,,1,臺灣魚類資料庫
狗母魚,Saurida undosquamis,,Actinopterygii,23.44,119.59,2003-11-20,2003,11,,1,臺灣魚類資料庫
狗母魚,Saurida undosquamis,,Actinopterygii,23.42,119.59,2003-11-20,2003,11,,1,臺灣魚類資料庫
狗母魚,Saurida undosquamis,,Actinopterygii,23.45,119.62,2003-11-20,2003,11,,1,臺灣魚類資料庫
狗母魚,Saurida undosquamis,,Actinopterygii,23.39,119.66,2003-11-20,2003,11,,1,臺灣魚類資料庫
狗母魚,Saurida undosquamis,,Actinopterygii,24.91,121.87,2001-04-10,2001,4,,1,臺灣魚類資料庫
狗母魚,Saurida undosquamis,,Actinopterygii,24.91,121.87,2000-07-13,2000,7,,1,臺灣魚類資料庫
狗母魚,Saurida undosquamis,,Actinopterygii,24.91,121.87,2000-12-27,2000,12,,1,臺灣魚類資料庫
狗母魚,Saurida undosquamis,,Actinopterygii,22.87,120.15,2001-03-01,2001,3,,1,臺灣魚類資料庫
狗母魚,Saurida undosquamis,,Actinopterygii,22.32,120.2,2001-03-08,2001,3,,1,臺灣魚類資料庫
狗母魚,Saurida undosquamis,,Actinopterygii,25.16,121.76,1976-05-18,1976,5,,1,臺灣魚類資料庫
狗母魚,"Saurida undosquamis (Richardson, 1848)",,,25.1225,121.8999,2024-06-29T19:28,2024,6,,1,GBIF
狗母魚,"Saurida undosquamis (Richardson, 1848)",,,23.8258,120.064,2022-09-05,2022,9,,1,GBIF
狗母魚,"Saurida undosquamis (Richardson, 1848)",,,24.0568,120.2914,2021-09-02,2021,9,,1,GBIF
狗母魚,"Saurida undosquamis (Richardson, 1848)",,,24.0617,120.2861,2020-07-24,2020,7,,1,GBIF
狗母魚,"Saurida undosquamis (Richardson, 1848)",,,24.1141,120.0007,2017-09-12,2017,9,,1,GBIF
狗母魚,"Saurida undosquamis (Richardson, 1848)",,,24.0447,120.2713,2017-09-12,2017,9,,1,GBIF
狗母魚,Saurida wanieso,,Actinopterygii,24.14,120.35,2002/12/18 00:00:00,2002,12,,1,臺灣周邊底拖網調查資料集
狗母魚,Saurida wanieso,,Actinopterygii,24.14,120.34,2002/12/18 00:00:00,2002,12,,1,臺灣周邊底拖網調查資料集
狗母魚,Saurida wanieso,,Actinopterygii,24.18,120.33,2002/6/7 00:00:00,2002,6,,1,臺灣周邊底拖網調查資料集
狗母魚,Saurida wanieso,,Actinopterygii,24.18,120.33,2002/12/18 00:00:00,2002,12,,1,臺灣周邊底拖網調查資料集
狗母魚,Saurida wanieso,,Actinopterygii,24.82,120.44,2002/3/21 00:00:00,2002,3,,1,臺灣周邊底拖網調查資料集
狗母魚,Saurida wanieso,,Actinopterygii,24.83,120.39,2002/6/5 00:00:00,2002,6,,1,臺灣周邊底拖網調查資料集
狗母魚,Saurida wanieso,,Actinopterygii,24.83,120.39,2002/3/21 00:00:00,2002,3,,1,臺灣周邊底拖網調查資料集
狗母魚,Saurida wanieso,,Actinopterygii,24.76,120.35,2002/6/5 00:00:00,2002,6,,1,臺灣周邊底拖網調查資料集
狗母魚,Saurida wanieso,,Actinopterygii,24.76,120.35,2002/3/21 00:00:00,2002,3,,1,臺灣周邊底拖網調查資料集
狗母魚,Saurida wanieso,,Actinopterygii,24.76,120.35,2002/9/2 00:00:00,2002,9,,1,臺灣周邊底拖網調查資料集
狗母魚,Saurida wanieso,,Actinopterygii,24.47,120.6,2002/6/6 00:00:00,2002,6,,1,臺灣周邊底拖網調查資料集
狗母魚,Saurida wanieso,,Actinopterygii,24.47,120.6,2002/3/20 00:00:00,2002,3,,1,臺灣周邊底拖網調查資料集
狗母魚,Saurida wanieso,,Actinopterygii,24.47,120.55,2002/6/6 00:00:00,2002,6,,1,臺灣周邊底拖網調查資料集
狗母魚,Saurida wanieso,,Actinopterygii,24.47,120.55,2002/3/20 00:00:00,2002,3,,1,臺灣周邊底拖網調查資料集
狗母魚,Saurida wanieso,,Actinopterygii,24.42,120.49,2002/3/20 00:00:00,2002,3,,1,臺灣周邊底拖網調查資料集
狗母魚,Saurida wanieso,,Actinopterygii,23.05,121.22,2008/8/27,2008,8,,1,台灣水產試驗所－近海與外海標本數位典藏
狗母魚,Saurida wanieso,鱷蛇鯔,Actinopterygii,21.94,120.74,2009-12-24,2009,12,,1,國立海洋生物博物館
狗母魚,Saurida wanieso,,Actinopterygii,24.8,120.4,2002-06-07,2002,6,,1,臺灣魚類資料庫
狗母魚,Saurida wanieso,,Actinopterygii,24.75,120.36,2002-09-02,2002,9,,1,臺灣魚類資料庫
狗母魚,Saurida wanieso,,Actinopterygii,24.21,120.38,2002-09-27,2002,9,,1,臺灣魚類資料庫
狗母魚,Saurida wanieso,,Actinopterygii,24.94,121.9,2005-08-18,2005,8,,1,臺灣魚類資料庫
狗母魚,Saurida wanieso,,Actinopterygii,25.22,121.62,2000-07-15,2000,7,,1,臺灣魚類資料庫
狗母魚,Saurida wanieso,,Actinopterygii,24.14,120.35,2002-12-18,2002,12,,1,臺灣魚類資料庫
狗母魚,Saurida wanieso,,Actinopterygii,24.14,120.34,2002-12-18,2002,12,,1,臺灣魚類資料庫
狗母魚,Saurida wanieso,,Actinopterygii,24.18,120.33,2002-06-07,2002,6,,1,臺灣魚類資料庫
狗母魚,Saurida wanieso,,Actinopterygii,24.18,120.33,2002-12-18,2002,12,,1,臺灣魚類資料庫
狗母魚,Saurida wanieso,,Actinopterygii,24.82,120.44,2002-03-21,2002,3,,1,臺灣魚類資料庫
狗母魚,Saurida wanieso,,Actinopterygii,24.83,120.39,2002-06-05,2002,6,,1,臺灣魚類資料庫
狗母魚,Saurida wanieso,,Actinopterygii,24.83,120.39,2002-03-21,2002,3,,1,臺灣魚類資料庫
狗母魚,Saurida wanieso,,Actinopterygii,24.76,120.35,2002-06-05,2002,6,,1,臺灣魚類資料庫
狗母魚,Saurida wanieso,,Actinopterygii,24.76,120.35,2002-03-21,2002,3,,1,臺灣魚類資料庫
狗母魚,Saurida wanieso,,Actinopterygii,24.76,120.35,2002-09-02,2002,9,,1,臺灣魚類資料庫
狗母魚,Saurida wanieso,,Actinopterygii,24.47,120.6,2002-06-06,2002,6,,1,臺灣魚類資料庫
狗母魚,Saurida wanieso,,Actinopterygii,24.47,120.6,2002-03-20,2002,3,,1,臺灣魚類資料庫
狗母魚,Saurida wanieso,,Actinopterygii,24.47,120.55,2002-06-06,2002,6,,1,臺灣魚類資料庫
狗母魚,Saurida wanieso,,Actinopterygii,24.47,120.55,2002-03-20,2002,3,,1,臺灣魚類資料庫
狗母魚,Saurida wanieso,,Actinopterygii,24.42,120.49,2002-03-20,2002,3,,1,臺灣魚類資料庫
狗母魚,Saurida wanieso,,Actinopterygii,24.56,121.57,2000-12-01,2000,12,,1,臺灣魚類資料庫
狗母魚,Saurida wanieso,,Actinopterygii,24.8,120.4,2002-06-05,2002,6,,1,臺灣魚類資料庫
狗母魚,Saurida wanieso,,Actinopterygii,24.94,121.9,1990-09-17,1990,9,,1,國立海洋科技博物館
狗母魚,"Saurida wanieso Shindo & Yamada, 1972",,,22.8518,120.1098,2023-06-03,2023,6,,1,GBIF
狗母魚,"Saurida wanieso Shindo & Yamada, 1972",,,22.8833,120.152,2023-06-02,2023,6,,1,GBIF
狗母魚,"Saurida wanieso Shindo & Yamada, 1972",,,22.4356,120.3545,2023-06-03,2023,6,,1,GBIF
狗母魚,"Saurida wanieso Shindo & Yamada, 1972",,,23.8258,120.064,2022-09-05,2022,9,,1,GBIF
狗母魚,"Saurida wanieso Shindo & Yamada, 1972",,,24.0568,120.2914,2021-09-02,2021,9,,1,GBIF
狗母魚,"Saurida wanieso Shindo & Yamada, 1972",,,23.0164,119.9881,2021-11-14,2021,11,,1,GBIF
狗母魚,"Saurida wanieso Shindo & Yamada, 1972",,,24.0617,120.2861,2020-07-24,2020,7,,1,GBIF
狗母魚,"Saurida wanieso Shindo & Yamada, 1972",,,22.281,120.626,2019-11-18,2019,11,,1,GBIF
狗母魚,"Saurida wanieso Shindo & Yamada, 1972",,,25.1342,121.7435,2018-11-01,2018,11,,1,GBIF
狗母魚,"Saurida wanieso Shindo & Yamada, 1972",,,24.0993,119.9964,2018-12-20,2018,12,,1,GBIF
狗母魚,Trachinocephalus myops,,,23.1218,119.9986,2016/5/6,2016,5,,1,2016-2019年台江國家公園拖網調查
狗母魚,Trachinocephalus myops,,,23.1587,119.9924,2016/5/6,2016,5,,1,2016-2019年台江國家公園拖網調查
狗母魚,Trachinocephalus myops,,,23.1367,119.9956,2016/7/23,2016,7,,1,2016-2019年台江國家公園拖網調查
狗母魚,Trachinocephalus myops,,,23.1737,119.9921,2016/7/23,2016,7,,1,2016-2019年台江國家公園拖網調查
狗母魚,Trachinocephalus myops,,,23.1655,119.9935,2016/9/3,2016,9,,1,2016-2019年台江國家公園拖網調查
狗母魚,Trachinocephalus myops,,,23.2211,120.0016,2016/9/3,2016,9,,1,2016-2019年台江國家公園拖網調查
狗母魚,Trachinocephalus myops,,,22.8793,120.1237,2016/9/3,2016,9,,1,2016-2019年台江國家公園拖網調查
狗母魚,Trachinocephalus myops,,,23.13,119.9988,2017-01-07T15Z,2017,1,,1,2016-2019年台江國家公園拖網調查
狗母魚,Trachinocephalus myops,,,23.13,119.9988,2017-09-08T16Z,2017,9,,1,2016-2019年台江國家公園拖網調查
狗母魚,Trachinocephalus myops,,,23.13,119.9988,2017-04-21T16Z,2017,4,,1,2016-2019年台江國家公園拖網調查
狗母魚,Trachinocephalus myops,,,23.1776,119.9924,2017-12-09T19Z,2017,12,,1,2016-2019年台江國家公園拖網調查
狗母魚,Trachinocephalus myops,,,23.1416,120.0044,2018-07-12T15Z,2018,7,,1,2016-2019年台江國家公園拖網調查
狗母魚,Trachinocephalus myops,,,23.1701,119.993,2018-07-12T17Z,2018,7,,1,2016-2019年台江國家公園拖網調查
狗母魚,Trachinocephalus myops,,,23.1348,119.9983,2018-09-02T08Z,2018,9,,1,2016-2019年台江國家公園拖網調查
狗母魚,Trachinocephalus myops,,,23.1723,119.9858,2018-09-02T06Z,2018,9,,1,2016-2019年台江國家公園拖網調查
狗母魚,Trachinocephalus myops,,Actinopterygii,24.14,120.35,2002/3/19 00:00:00,2002,3,,1,臺灣周邊底拖網調查資料集
狗母魚,Trachinocephalus myops,,Actinopterygii,24.14,120.35,2002/12/18 00:00:00,2002,12,,1,臺灣周邊底拖網調查資料集
狗母魚,Trachinocephalus myops,,Actinopterygii,24.14,120.34,2002/6/7 00:00:00,2002,6,,1,臺灣周邊底拖網調查資料集
狗母魚,Trachinocephalus myops,,Actinopterygii,24.14,120.34,2002/3/19 00:00:00,2002,3,,1,臺灣周邊底拖網調查資料集
狗母魚,Trachinocephalus myops,,Actinopterygii,24.14,120.34,2002/12/18 00:00:00,2002,12,,1,臺灣周邊底拖網調查資料集
狗母魚,Trachinocephalus myops,,Actinopterygii,24.18,120.33,2002/6/7 00:00:00,2002,6,,1,臺灣周邊底拖網調查資料集
狗母魚,Trachinocephalus myops,,Actinopterygii,24.18,120.33,2002/3/19 00:00:00,2002,3,,1,臺灣周邊底拖網調查資料集
狗母魚,Trachinocephalus myops,,Actinopterygii,24.18,120.33,2002/12/18 00:00:00,2002,12,,1,臺灣周邊底拖網調查資料集
狗母魚,Trachinocephalus myops,,Actinopterygii,24.82,120.44,2002/6/5 00:00:00,2002,6,,1,臺灣周邊底拖網調查資料集
狗母魚,Trachinocephalus myops,,Actinopterygii,24.82,120.44,2002/3/21 00:00:00,2002,3,,1,臺灣周邊底拖網調查資料集
狗母魚,Trachinocephalus myops,,Actinopterygii,24.82,120.44,2002/9/2 00:00:00,2002,9,,1,臺灣周邊底拖網調查資料集
狗母魚,Trachinocephalus myops,,Actinopterygii,24.83,120.39,2002/6/5 00:00:00,2002,6,,1,臺灣周邊底拖網調查資料集
狗母魚,Trachinocephalus myops,,Actinopterygii,24.47,120.6,2002/6/6 00:00:00,2002,6,,1,臺灣周邊底拖網調查資料集
狗母魚,Trachinocephalus myops,,Actinopterygii,24.47,120.6,2002/3/20 00:00:00,2002,3,,1,臺灣周邊底拖網調查資料集
狗母魚,Trachinocephalus myops,,Actinopterygii,24.47,120.55,2002/6/6 00:00:00,2002,6,,1,臺灣周邊底拖網調查資料集
狗母魚,Trachinocephalus myops,,Actinopterygii,24.42,120.49,2002/3/20 00:00:00,2002,3,,1,臺灣周邊底拖網調查資料集
狗母魚,Trachinocephalus myops,,Actinopterygii,22.86,120.04,2001/6/1 00:00:00,2001,6,,1,臺灣周邊底拖網調查資料集
狗母魚,Trachinocephalus myops,,Actinopterygii,22.86,120.04,2001/11/1 00:00:00,2001,11,,1,臺灣周邊底拖網調查資料集
狗母魚,Trachinocephalus myops,,Actinopterygii,22.9,120.06,2001/11/1 00:00:00,2001,11,,1,臺灣周邊底拖網調查資料集
狗母魚,Trachinocephalus myops,,Actinopterygii,22.32,120.2,2001/11/8 00:00:00,2001,11,,1,臺灣周邊底拖網調查資料集
狗母魚,Trachinocephalus myops,,Actinopterygii,22.9,120.06,2001/12/1 00:00:00,2001,12,,1,臺灣周邊底拖網調查資料集
狗母魚,Trachinocephalus myops,,Actinopterygii,23.46,119.57,2003/3/25 00:00:00,2003,3,,1,臺灣周邊底拖網調查資料集
狗母魚,Trachinocephalus myops,,Actinopterygii,23.45,119.55,2003/3/25 00:00:00,2003,3,,1,臺灣周邊底拖網調查資料集
狗母魚,Trachinocephalus myops,,Actinopterygii,23.42,119.7,2003/3/25 00:00:00,2003,3,,1,臺灣周邊底拖網調查資料集
狗母魚,Trachinocephalus myops,,Actinopterygii,23.38,119.77,2003/3/25 00:00:00,2003,3,,1,臺灣周邊底拖網調查資料集
狗母魚,Trachinocephalus myops,,Actinopterygii,23.32,119.73,2003/3/25 00:00:00,2003,3,,1,臺灣周邊底拖網調查資料集
狗母魚,Trachinocephalus myops,,Actinopterygii,23.51,119.76,2003/7/21 00:00:00,2003,7,,1,臺灣周邊底拖網調查資料集
狗母魚,Trachinocephalus myops,,Actinopterygii,23.53,119.67,2003/7/21 00:00:00,2003,7,,1,臺灣周邊底拖網調查資料集
狗母魚,Trachinocephalus myops,,Actinopterygii,23.56,119.67,2003/7/21 00:00:00,2003,7,,1,臺灣周邊底拖網調查資料集
狗母魚,Trachinocephalus myops,,Actinopterygii,23.44,119.68,2003/7/21 00:00:00,2003,7,,1,臺灣周邊底拖網調查資料集
狗母魚,Trachinocephalus myops,,Actinopterygii,23.42,119.7,2003/7/21 00:00:00,2003,7,,1,臺灣周邊底拖網調查資料集
狗母魚,Trachinocephalus myops,,Actinopterygii,23.48,119.63,2003/11/20 00:00:00,2003,11,,1,臺灣周邊底拖網調查資料集
狗母魚,Trachinocephalus myops,,Actinopterygii,23.44,119.59,2003/11/20 00:00:00,2003,11,,1,臺灣周邊底拖網調查資料集
狗母魚,Trachinocephalus myops,,Actinopterygii,23.45,119.62,2003/11/20 00:00:00,2003,11,,1,臺灣周邊底拖網調查資料集
狗母魚,Trachinocephalus myops,,Actinopterygii,23.39,119.66,2003/11/20 00:00:00,2003,11,,1,臺灣周邊底拖網調查資料集
狗母魚,Trachinocephalus myops,,Actinopterygii,24.91,121.87,2001/4/10 00:00:00,2001,4,,1,臺灣周邊底拖網調查資料集
狗母魚,Trachinocephalus myops,,Actinopterygii,24.83,121.99,2001/4/10 00:00:00,2001,4,,1,臺灣周邊底拖網調查資料集
狗母魚,Trachinocephalus myops,,Actinopterygii,25.41,121.58,2000/10/23 00:00:00,2000,10,,1,臺灣周邊底拖網調查資料集
狗母魚,Trachinocephalus myops,,Actinopterygii,24.14,120.35,2002/6/7 00:00:00,2002,6,,1,臺灣周邊底拖網調查資料集
狗母魚,Trachinocephalus myops,,Actinopterygii,22.87,120.15,2001/3/1 00:00:00,2001,3,,1,臺灣周邊底拖網調查資料集
狗母魚,Trachinocephalus myops,,Actinopterygii,24.94,121.9,1997-11-20,1997,11,,1,台灣水產試驗所－近海與外海標本數位典藏
狗母魚,Trachinocephalus myops,,Actinopterygii,25.16,121.76,1978-07-17,1978,7,,1,台灣水產試驗所－近海與外海標本數位典藏
狗母魚,Trachinocephalus myops,,Actinopterygii,23.09,121.38,1987-04-30,1987,4,,1,台灣水產試驗所－近海與外海標本數位典藏
狗母魚,Trachinocephalus myops,,Actinopterygii,23.05,121.23,2005-07-26,2005,7,,1,台灣水產試驗所－近海與外海標本數位典藏
狗母魚,Trachinocephalus myops,,Actinopterygii,23.04,121.24,2005-08-19,2005,8,,1,台灣水產試驗所－近海與外海標本數位典藏
狗母魚,Trachinocephalus myops,,Actinopterygii,22.48,120.46,1977-07-01,1977,7,,1,國立臺灣博物館
狗母魚,Trachinocephalus myops,,Actinopterygii,23.57,119.56,1946-08-01,1946,8,,1,國立臺灣博物館
狗母魚,Trachinocephalus myops,大頭花桿狗母,Actinopterygii,23.57,119.56,2010-08-30,2010,8,,1,國立海洋生物博物館
狗母魚,Trachinocephalus myops,,Actinopterygii,22.85,120.17,2001-03-01,2001,3,,1,臺灣魚類資料庫
狗母魚,Trachinocephalus myops,,Actinopterygii,25.21,121.69,2002-06-03,2002,6,,1,臺灣魚類資料庫
狗母魚,Trachinocephalus myops,,Actinopterygii,22.44,120.47,2004-08-15,2004,8,,1,臺灣魚類資料庫
狗母魚,Trachinocephalus myops,,Actinopterygii,24.94,121.9,2004-07-19,2004,7,,1,臺灣魚類資料庫
狗母魚,Trachinocephalus myops,,Actinopterygii,24.25,120.52,2005-03-11,2005,3,,1,臺灣魚類資料庫
狗母魚,Trachinocephalus myops,,Actinopterygii,23.39,120.15,2002-05-05,2002,5,,1,臺灣魚類資料庫
狗母魚,Trachinocephalus myops,,Actinopterygii,24.82,120.41,2002-06-05,2002,6,,1,臺灣魚類資料庫
狗母魚,Trachinocephalus myops,,Actinopterygii,24.58,121.86,2005-03-07,2005,3,,1,臺灣魚類資料庫
狗母魚,Trachinocephalus myops,,Actinopterygii,24.14,120.35,2002-03-19,2002,3,,1,臺灣魚類資料庫
狗母魚,Trachinocephalus myops,,Actinopterygii,24.14,120.35,2002-12-18,2002,12,,1,臺灣魚類資料庫
狗母魚,Trachinocephalus myops,,Actinopterygii,24.14,120.34,2002-06-07,2002,6,,1,臺灣魚類資料庫
狗母魚,Trachinocephalus myops,,Actinopterygii,24.14,120.34,2002-03-19,2002,3,,1,臺灣魚類資料庫
狗母魚,Trachinocephalus myops,,Actinopterygii,24.14,120.34,2002-12-18,2002,12,,1,臺灣魚類資料庫
狗母魚,Trachinocephalus myops,,Actinopterygii,24.18,120.33,2002-06-07,2002,6,,1,臺灣魚類資料庫
狗母魚,Trachinocephalus myops,,Actinopterygii,24.18,120.33,2002-03-19,2002,3,,1,臺灣魚類資料庫
狗母魚,Trachinocephalus myops,,Actinopterygii,24.18,120.33,2002-12-18,2002,12,,1,臺灣魚類資料庫
狗母魚,Trachinocephalus myops,,Actinopterygii,24.82,120.44,2002-06-05,2002,6,,1,臺灣魚類資料庫
狗母魚,Trachinocephalus myops,,Actinopterygii,24.82,120.44,2002-03-21,2002,3,,1,臺灣魚類資料庫
狗母魚,Trachinocephalus myops,,Actinopterygii,24.82,120.44,2002-09-02,2002,9,,1,臺灣魚類資料庫
狗母魚,Trachinocephalus myops,,Actinopterygii,24.83,120.39,2002-06-05,2002,6,,1,臺灣魚類資料庫
狗母魚,Trachinocephalus myops,,Actinopterygii,24.47,120.6,2002-06-06,2002,6,,1,臺灣魚類資料庫
狗母魚,Trachinocephalus myops,,Actinopterygii,24.47,120.6,2002-03-20,2002,3,,1,臺灣魚類資料庫
狗母魚,Trachinocephalus myops,,Actinopterygii,24.47,120.55,2002-06-06,2002,6,,1,臺灣魚類資料庫
狗母魚,Trachinocephalus myops,,Actinopterygii,24.42,120.49,2002-03-20,2002,3,,1,臺灣魚類資料庫
狗母魚,Trachinocephalus myops,,Actinopterygii,22.86,120.04,2001-06-01,2001,6,,1,臺灣魚類資料庫
狗母魚,Trachinocephalus myops,,Actinopterygii,22.86,120.04,2001-11-01,2001,11,,1,臺灣魚類資料庫
狗母魚,Trachinocephalus myops,,Actinopterygii,22.9,120.06,2001-11-01,2001,11,,1,臺灣魚類資料庫
狗母魚,Trachinocephalus myops,,Actinopterygii,22.32,120.2,2001-11-08,2001,11,,1,臺灣魚類資料庫
狗母魚,Trachinocephalus myops,,Actinopterygii,22.9,120.06,2001-12-01,2001,12,,1,臺灣魚類資料庫
狗母魚,Trachinocephalus myops,,Actinopterygii,23.46,119.57,2003-03-25,2003,3,,1,臺灣魚類資料庫
狗母魚,Trachinocephalus myops,,Actinopterygii,23.45,119.55,2003-03-25,2003,3,,1,臺灣魚類資料庫
狗母魚,Trachinocephalus myops,,Actinopterygii,23.42,119.7,2003-03-25,2003,3,,1,臺灣魚類資料庫
狗母魚,Trachinocephalus myops,,Actinopterygii,23.38,119.77,2003-03-25,2003,3,,1,臺灣魚類資料庫
狗母魚,Trachinocephalus myops,,Actinopterygii,23.32,119.73,2003-03-25,2003,3,,1,臺灣魚類資料庫
狗母魚,Trachinocephalus myops,,Actinopterygii,23.51,119.76,2003-07-21,2003,7,,1,臺灣魚類資料庫
狗母魚,Trachinocephalus myops,,Actinopterygii,23.53,119.67,2003-07-21,2003,7,,1,臺灣魚類資料庫
狗母魚,Trachinocephalus myops,,Actinopterygii,23.56,119.67,2003-07-21,2003,7,,1,臺灣魚類資料庫
狗母魚,Trachinocephalus myops,,Actinopterygii,23.44,119.68,2003-07-21,2003,7,,1,臺灣魚類資料庫
狗母魚,Trachinocephalus myops,,Actinopterygii,23.42,119.7,2003-07-21,2003,7,,1,臺灣魚類資料庫
狗母魚,Trachinocephalus myops,,Actinopterygii,23.48,119.63,2003-11-20,2003,11,,1,臺灣魚類資料庫
狗母魚,Trachinocephalus myops,,Actinopterygii,23.44,119.59,2003-11-20,2003,11,,1,臺灣魚類資料庫
狗母魚,Trachinocephalus myops,,Actinopterygii,23.45,119.62,2003-11-20,2003,11,,1,臺灣魚類資料庫
狗母魚,Trachinocephalus myops,,Actinopterygii,23.39,119.66,2003-11-20,2003,11,,1,臺灣魚類資料庫
狗母魚,Trachinocephalus myops,,Actinopterygii,24.91,121.87,2001-04-10,2001,4,,1,臺灣魚類資料庫
狗母魚,Trachinocephalus myops,,Actinopterygii,24.83,121.99,2001-04-10,2001,4,,1,臺灣魚類資料庫
狗母魚,Trachinocephalus myops,,Actinopterygii,25.41,121.58,2000-10-23,2000,10,,1,臺灣魚類資料庫
狗母魚,Trachinocephalus myops,,Actinopterygii,24.14,120.35,2002-06-07,2002,6,,1,臺灣魚類資料庫
狗母魚,Trachinocephalus myops,,Actinopterygii,22.87,120.15,2001-03-01,2001,3,,1,臺灣魚類資料庫
狗母魚,Trachinocephalus myops,,Actinopterygii,24.58,121.86,1969-06-17,1969,6,,1,臺灣魚類資料庫
狗母魚,Trachinocephalus myops,,Actinopterygii,25.16,121.76,1976-05-18,1976,5,,1,臺灣魚類資料庫
狗母魚,Trachinocephalus myops,,Actinopterygii,22.01,120.74,1985-05-24,1985,5,,1,臺灣魚類資料庫
狗母魚,Trachinocephalus myops,,Actinopterygii,25.22,121.62,1980-08-21,1980,8,,1,臺灣魚類資料庫
狗母魚,Trachinocephalus myops,,Actinopterygii,22.08,120.7,1984-12-13,1984,12,,1,臺灣魚類資料庫
狗母魚,Trachinocephalus myops,,Actinopterygii,22.01,120.74,1992-05-17,1992,5,,1,臺灣魚類資料庫
狗母魚,Trachinocephalus myops,,Actinopterygii,25.15,121.42,2001-03-23,2001,3,,1,臺灣魚類資料庫
狗母魚,Trachinocephalus myops,,Actinopterygii,25.15,121.42,2000-10-23,2000,10,,1,臺灣魚類資料庫
狗母魚,Trachinocephalus myops,,Actinopterygii,24.91,121.92,2000-12-01,2000,12,,1,臺灣魚類資料庫
狗母魚,Trachinocephalus myops,,Actinopterygii,24.5,120.6,2002-03-20,2002,3,,1,臺灣魚類資料庫
狗母魚,Trachinocephalus myops,,Actinopterygii,24.48,120.66,1991-10-16,1991,10,,1,國立海洋科技博物館
狗母魚,Trachinocephalus myops,,Actinopterygii,24.52,120.64,2002-02-04,2002,2,,1,國立海洋科技博物館
狗母魚,"Trachinocephalus myops (Forster, 1801)",,,25.3889,121.6647,2023-02-01,2023,2,,1,GBIF
狗母魚,"Trachinocephalus myops (Forster, 1801)",,,22.8518,120.1098,2023-06-03,2023,6,,1,GBIF
狗母魚,"Trachinocephalus myops (Forster, 1801)",,,22.4782,120.3591,2023-07-15,2023,7,,1,GBIF
狗母魚,"Trachinocephalus myops (Forster, 1801)",,,23.1326,120.0169,2023-07-14,2023,7,,1,GBIF
狗母魚,"Trachinocephalus myops (Forster, 1801)",,,24.2293,120.4412,2023-07-12,2023,7,,1,GBIF
狗母魚,"Trachinocephalus myops (Forster, 1801)",,,23.1688,119.989,2023-07-14,2023,7,,1,GBIF
狗母魚,"Trachinocephalus myops (Forster, 1801)",,,23.8282,120.0741,2023-07-13,2023,7,,1,GBIF
狗母魚,"Trachinocephalus myops (Forster, 1801)",,,24.2378,120.413,2023-07-12,2023,7,,1,GBIF
狗母魚,"Trachinocephalus myops (Forster, 1801)",,,24.0428,119.5668,2022-03-17,2022,3,,1,GBIF
狗母魚,"Trachinocephalus myops (Forster, 1801)",,,24.0047,119.528,2022-03-17,2022,3,,1,GBIF
狗母魚,"Trachinocephalus myops (Forster, 1801)",,,24.8586,120.8641,2022-04-29,2022,4,,1,GBIF
狗母魚,"Trachinocephalus myops (Forster, 1801)",,,24.8586,120.8641,2022-06-19,2022,6,,1,GBIF
狗母魚,"Trachinocephalus myops (Forster, 1801)",,,24.6777,120.7176,2022-07-01,2022,7,,1,GBIF
狗母魚,"Trachinocephalus myops (Forster, 1801)",,,24.1138,119.6179,2022-07-27,2022,7,,1,GBIF
狗母魚,"Trachinocephalus myops (Forster, 1801)",,,24.4855,120.2871,2022-08-01,2022,8,,1,GBIF
狗母魚,"Trachinocephalus myops (Forster, 1801)",,,24.8586,120.8641,2022-09-01,2022,9,,1,GBIF
狗母魚,"Trachinocephalus myops (Forster, 1801)",,,22.8541,120.1193,2022-09-04,2022,9,,1,GBIF
狗母魚,"Trachinocephalus myops (Forster, 1801)",,,23.1655,119.9893,2022-09-04,2022,9,,1,GBIF
狗母魚,"Trachinocephalus myops (Forster, 1801)",,,22.8719,120.0838,2022-09-04,2022,9,,1,GBIF
狗母魚,"Trachinocephalus myops (Forster, 1801)",,,24.269,120.4472,2022-09-05,2022,9,,1,GBIF
狗母魚,"Trachinocephalus myops (Forster, 1801)",,,23.1363,119.8263,2022-09-07,2022,9,,1,GBIF
狗母魚,"Trachinocephalus myops (Forster, 1801)",,,23.137,120.0163,2022-09-04,2022,9,,1,GBIF
狗母魚,"Trachinocephalus myops (Forster, 1801)",,,23.8258,120.064,2022-09-05,2022,9,,1,GBIF
狗母魚,"Trachinocephalus myops (Forster, 1801)",,,24.6493,120.7138,2022-10-03,2022,10,,1,GBIF
狗母魚,"Trachinocephalus myops (Forster, 1801)",,,24.4099,120.1453,2022-10-01,2022,10,,1,GBIF
狗母魚,"Trachinocephalus myops (Forster, 1801)",,,22.8989,120.1517,2022-11-11,2022,11,,1,GBIF
狗母魚,"Trachinocephalus myops (Forster, 1801)",,,23.1672,119.9917,2022-11-10,2022,11,,1,GBIF
狗母魚,"Trachinocephalus myops (Forster, 1801)",,,23.15,120.0086,2022-11-10,2022,11,,1,GBIF
狗母魚,"Trachinocephalus myops (Forster, 1801)",,,24.2359,120.4075,2021-01-03,2021,1,,1,GBIF
狗母魚,"Trachinocephalus myops (Forster, 1801)",,,23.1861,119.9965,2021-01-02,2021,1,,1,GBIF
狗母魚,"Trachinocephalus myops (Forster, 1801)",,,24.0613,120.2956,2021-02-25,2021,2,,1,GBIF
狗母魚,"Trachinocephalus myops (Forster, 1801)",,,24.186,120.0324,2021-02-01,2021,2,,1,GBIF
狗母魚,"Trachinocephalus myops (Forster, 1801)",,,24.4505,120.1656,2021-03-19,2021,3,,1,GBIF
狗母魚,"Trachinocephalus myops (Forster, 1801)",,,24.6808,120.6669,2021-03-29,2021,3,,1,GBIF
狗母魚,"Trachinocephalus myops (Forster, 1801)",,,25.3889,121.6647,2021-04-13,2021,4,,1,GBIF
狗母魚,"Trachinocephalus myops (Forster, 1801)",,,24.0448,119.7804,2021-04-12,2021,4,,1,GBIF
狗母魚,"Trachinocephalus myops (Forster, 1801)",,,24.5892,120.3753,2021-04-28,2021,4,,1,GBIF
狗母魚,"Trachinocephalus myops (Forster, 1801)",,,24.8622,120.8909,2021-04-28,2021,4,,1,GBIF
狗母魚,"Trachinocephalus myops (Forster, 1801)",,,24.0505,120.2817,2021-05-04,2021,5,,1,GBIF
狗母魚,"Trachinocephalus myops (Forster, 1801)",,,24.9426,120.7057,2021-05-11,2021,5,,1,GBIF
狗母魚,"Trachinocephalus myops (Forster, 1801)",,,24.4505,120.1656,2021-05-18,2021,5,,1,GBIF
狗母魚,"Trachinocephalus myops (Forster, 1801)",,,24.1396,120.3759,2021-05-21,2021,5,,1,GBIF
狗母魚,"Trachinocephalus myops (Forster, 1801)",,,24.2696,119.9384,2021-05-21,2021,5,,1,GBIF
狗母魚,"Trachinocephalus myops (Forster, 1801)",,,24.2897,120.0953,2021-05-01,2021,5,,1,GBIF
狗母魚,"Trachinocephalus myops (Forster, 1801)",,,24.5743,120.6155,2021-06-24,2021,6,,1,GBIF
狗母魚,"Trachinocephalus myops (Forster, 1801)",,,24.7264,120.6378,2021-06-24,2021,6,,1,GBIF
狗母魚,"Trachinocephalus myops (Forster, 1801)",,,25.2179,121.3606,2021-07-27,2021,7,,1,GBIF
狗母魚,"Trachinocephalus myops (Forster, 1801)",,,24.8586,120.8641,2021-07-15,2021,7,,1,GBIF
狗母魚,"Trachinocephalus myops (Forster, 1801)",,,25.3889,121.6647,2021-07-28,2021,7,,1,GBIF
狗母魚,"Trachinocephalus myops (Forster, 1801)",,,23.5666,120.0524,2021-07-08,2021,7,,1,GBIF
狗母魚,"Trachinocephalus myops (Forster, 1801)",,,24.1359,120.0077,2021-09-02,2021,9,,1,GBIF
狗母魚,"Trachinocephalus myops (Forster, 1801)",,,24.0568,120.2914,2021-09-02,2021,9,,1,GBIF
狗母魚,"Trachinocephalus myops (Forster, 1801)",,,25.2179,121.3606,2021-10-01,2021,10,,1,GBIF
狗母魚,"Trachinocephalus myops (Forster, 1801)",,,24.224,120.4116,2021-11-15,2021,11,,1,GBIF
狗母魚,"Trachinocephalus myops (Forster, 1801)",,,22.832,120.1218,2021-11-14,2021,11,,1,GBIF
狗母魚,"Trachinocephalus myops (Forster, 1801)",,,24.195,119.8185,2020-01-22,2020,1,,1,GBIF
狗母魚,"Trachinocephalus myops (Forster, 1801)",,,24.1257,119.7129,2020-01-22,2020,1,,1,GBIF
狗母魚,"Trachinocephalus myops (Forster, 1801)",,,24.0473,120.2827,2020-03-18,2020,3,,1,GBIF
狗母魚,"Trachinocephalus myops (Forster, 1801)",,,24.1751,119.8181,2020-03-12,2020,3,,1,GBIF
狗母魚,"Trachinocephalus myops (Forster, 1801)",,,24.1437,119.8389,2020-03-12,2020,3,,1,GBIF
狗母魚,"Trachinocephalus myops (Forster, 1801)",,,22.5468,120.162,2020-04-15,2020,4,,1,GBIF
狗母魚,"Trachinocephalus myops (Forster, 1801)",,,23.1502,120.0237,2020-05-17,2020,5,,1,GBIF
狗母魚,"Trachinocephalus myops (Forster, 1801)",,,22.3094,120.6104,2020-05-20,2020,5,,1,GBIF
狗母魚,"Trachinocephalus myops (Forster, 1801)",,,24.2418,119.8582,2020-05-18,2020,5,,1,GBIF
狗母魚,"Trachinocephalus myops (Forster, 1801)",,,23.649,120.0513,2020-05-21,2020,5,,1,GBIF
狗母魚,"Trachinocephalus myops (Forster, 1801)",,,24.2659,120.4544,2020-05-19,2020,5,,1,GBIF
狗母魚,"Trachinocephalus myops (Forster, 1801)",,,24.2397,119.8589,2020-06-11,2020,6,,1,GBIF
狗母魚,"Trachinocephalus myops (Forster, 1801)",,,24.315,119.7561,2020-06-11,2020,6,,1,GBIF
狗母魚,"Trachinocephalus myops (Forster, 1801)",,,24.0617,120.2861,2020-07-24,2020,7,,1,GBIF
狗母魚,"Trachinocephalus myops (Forster, 1801)",,,24.1319,120.0055,2020-07-24,2020,7,,1,GBIF
狗母魚,"Trachinocephalus myops (Forster, 1801)",,,24.758,120.7472,2020-07-01,2020,7,,1,GBIF
狗母魚,"Trachinocephalus myops (Forster, 1801)",,,24.7027,120.7101,2020-07-01,2020,7,,1,GBIF
狗母魚,"Trachinocephalus myops (Forster, 1801)",,,24.2402,119.8495,2020-07-18,2020,7,,1,GBIF
狗母魚,"Trachinocephalus myops (Forster, 1801)",,,23.1364,120.0148,2020-07-16,2020,7,,1,GBIF
狗母魚,"Trachinocephalus myops (Forster, 1801)",,,24.239,120.4476,2020-07-17,2020,7,,1,GBIF
狗母魚,"Trachinocephalus myops (Forster, 1801)",,,24.2424,120.4157,2020-07-17,2020,7,,1,GBIF
狗母魚,"Trachinocephalus myops (Forster, 1801)",,,24.1813,119.9652,2020-07-18,2020,7,,1,GBIF
狗母魚,"Trachinocephalus myops (Forster, 1801)",,,22.8641,120.1077,2020-07-16,2020,7,,1,GBIF
狗母魚,"Trachinocephalus myops (Forster, 1801)",,,23.1667,119.9913,2020-07-16,2020,7,,1,GBIF
狗母魚,"Trachinocephalus myops (Forster, 1801)",,,24.5975,120.4069,2020-08-05,2020,8,,1,GBIF
狗母魚,"Trachinocephalus myops (Forster, 1801)",,,24.8796,120.5165,2020-08-05,2020,8,,1,GBIF
狗母魚,"Trachinocephalus myops (Forster, 1801)",,,24.0465,120.2812,2020-09-15,2020,9,,1,GBIF
狗母魚,"Trachinocephalus myops (Forster, 1801)",,,24.103,119.9998,2020-09-15,2020,9,,1,GBIF
狗母魚,"Trachinocephalus myops (Forster, 1801)",,,24.6493,120.7138,2020-09-29,2020,9,,1,GBIF
狗母魚,"Trachinocephalus myops (Forster, 1801)",,,24.2258,119.8709,2020-11-18,2020,11,,1,GBIF
狗母魚,"Trachinocephalus myops (Forster, 1801)",,,24.2556,119.8144,2020-11-18,2020,11,,1,GBIF
狗母魚,"Trachinocephalus myops (Forster, 1801)",,,25.2179,121.3606,2019-04-18,2019,4,,1,GBIF
狗母魚,"Trachinocephalus myops (Forster, 1801)",,,23.15,120.017,2019-05-25,2019,5,,1,GBIF
狗母魚,"Trachinocephalus myops (Forster, 1801)",,,22.281,120.626,2019-05-27,2019,5,,1,GBIF
狗母魚,"Trachinocephalus myops (Forster, 1801)",,,23.166,119.992,2019-05-25,2019,5,,1,GBIF
狗母魚,"Trachinocephalus myops (Forster, 1801)",,,25.0503,121.0162,2019-05-27,2019,5,,1,GBIF
狗母魚,"Trachinocephalus myops (Forster, 1801)",,,25.0503,121.0162,2019-06-24,2019,6,,1,GBIF
狗母魚,"Trachinocephalus myops (Forster, 1801)",,,25.3889,121.6647,2019-08-06,2019,8,,1,GBIF
狗母魚,"Trachinocephalus myops (Forster, 1801)",,,24.0041,120.2421,2019-08-27,2019,8,,1,GBIF
狗母魚,"Trachinocephalus myops (Forster, 1801)",,,24.5041,120.6443,2019-08-01,2019,8,,1,GBIF
狗母魚,"Trachinocephalus myops (Forster, 1801)",,,25.2179,121.3606,2019-10-08,2019,10,,1,GBIF
狗母魚,"Trachinocephalus myops (Forster, 1801)",,,24.5041,120.6443,2019-10-01,2019,10,,1,GBIF
狗母魚,"Trachinocephalus myops (Forster, 1801)",,,23.15,120.017,2019-11-16,2019,11,,1,GBIF
狗母魚,"Trachinocephalus myops (Forster, 1801)",,,24.273,120.437,2019-11-17,2019,11,,1,GBIF
狗母魚,"Trachinocephalus myops (Forster, 1801)",,,24.277,120.477,2019-11-16,2019,11,,1,GBIF
狗母魚,"Trachinocephalus myops (Forster, 1801)",,,23.166,119.992,2019-11-16,2019,11,,1,GBIF
狗母魚,"Trachinocephalus myops (Forster, 1801)",,,25.1342,121.7435,2018-05-01,2018,5,,1,GBIF
狗母魚,"Trachinocephalus myops (Forster, 1801)",,,24.1306,120.0062,2018-06-27,2018,6,,1,GBIF
狗母魚,"Trachinocephalus myops (Forster, 1801)",,,24.0323,120.2811,2018-06-27,2018,6,,1,GBIF
狗母魚,"Trachinocephalus myops (Forster, 1801)",,,24.0445,120.2783,2018-12-20,2018,12,,1,GBIF
狗母魚,"Trachinocephalus myops (Forster, 1801)",,,24.0457,120.2786,2017-07-05,2017,7,,1,GBIF
狗母魚,"Trachinocephalus myops (Forster, 1801)",,,24.1219,120.0026,2017-07-05,2017,7,,1,GBIF
狗母魚,"Trachinocephalus myops (Forster, 1801)",,,25.0503,121.0162,2017-08-09,2017,8,,1,GBIF
狗母魚,"Trachinocephalus myops (Forster, 1801)",,,24.1141,120.0007,2017-09-12,2017,9,,1,GBIF
狗母魚,"Trachinocephalus myops (Forster, 1801)",,,24.0447,120.2713,2017-09-12,2017,9,,1,GBIF
狗母魚,"Trachinocephalus myops (Forster, 1801)",,,23.1587,119.9924,2016-05-06,2016,5,,1,GBIF
狗母魚,"Trachinocephalus myops (Forster, 1801)",,,23.1218,119.9986,2016-05-06,2016,5,,1,GBIF
狗母魚,"Trachinocephalus myops (Forster, 1801)",,,23.1737,119.9921,2016-07-23,2016,7,,1,GBIF
狗母魚,"Trachinocephalus myops (Forster, 1801)",,,23.1367,119.9956,2016-07-23,2016,7,,1,GBIF
狗母魚,"Trachinocephalus myops (Forster, 1801)",,,23.1655,119.9935,2016-09-03,2016,9,,1,GBIF
狗母魚,"Trachinocephalus myops (Forster, 1801)",,,22.8793,120.1237,2016-09-03,2016,9,,1,GBIF
狗母魚,"Trachinocephalus myops (Forster, 1801)",,,23.2211,120.0016,2016-09-03,2016,9,,1,GBIF
狗母魚,"Trachinocephalus trachinus (Temminck & Schlegel, 1846)",,,22.727,120.2547,2025-09-02T12:42:35,2025,9,,1,GBIF
狗母魚,"Trachinocephalus trachinus (Temminck & Schlegel, 1846)",,,25.1142,121.9196,2024-08-24T21:38,2024,8,,1,GBIF
狗母魚,"Trachinocephalus trachinus (Temminck & Schlegel, 1846)",,,25.1452,121.8061,2023-06-27,2023,6,,1,GBIF
狗母魚,"Trachinocephalus trachinus (Temminck & Schlegel, 1846)",,,22.7377,120.2457,2018-07-30,2018,7,,1,GBIF
白帶魚,Trichiurus auriga,,Actinopterygii,25.2,121.68,1976-03-02,1976,3,,1,臺灣魚類資料庫
白帶魚,Trichiurus japonicus,,Actinopterygii,24.06,120.43,2004-11-05,2004,11,,1,臺灣魚類資料庫
白帶魚,Trichiurus japonicus,,Actinopterygii,25.22,121.62,2006-10-22,2006,10,,1,臺灣魚類資料庫
白帶魚,Trichiurus japonicus,,Actinopterygii,24.51,121.82,2006-11-10,2006,11,,1,臺灣魚類資料庫
白帶魚,Trichiurus japonicus,,Actinopterygii,24.45,118.4,2007-04-16,2007,4,,1,臺灣魚類資料庫
白帶魚,Trichiurus japonicus,,Actinopterygii,25.14,121.79,2007-04-01,2007,4,,1,臺灣魚類資料庫
白帶魚,Trichiurus japonicus,,Actinopterygii,24.94,121.9,2007-04-01,2007,4,,1,臺灣魚類資料庫
白帶魚,Trichiurus japonicus,,Actinopterygii,22.74,120.24,2007-04-02,2007,4,,1,臺灣魚類資料庫
白帶魚,Trichiurus japonicus,,Actinopterygii,22.01,120.74,2008-11-05,2008,11,,1,臺灣魚類資料庫
白帶魚,"Trichiurus japonicus Temminck & Schlegel, 1844",,,24.8628,120.6519,2022-03-10,2022,3,,1,GBIF
白帶魚,"Trichiurus japonicus Temminck & Schlegel, 1844",,,23.9398,119.6565,2022-07-27,2022,7,,1,GBIF
白帶魚,"Trichiurus japonicus Temminck & Schlegel, 1844",,,24.1138,119.6179,2022-07-27,2022,7,,1,GBIF
白帶魚,"Trichiurus japonicus Temminck & Schlegel, 1844",,,24.4792,120.1753,2022-08-01,2022,8,,1,GBIF
白帶魚,"Trichiurus japonicus Temminck & Schlegel, 1844",,,24.3682,120.355,2022-10-01,2022,10,,1,GBIF
白帶魚,"Trichiurus japonicus Temminck & Schlegel, 1844",,,24.3887,120.1376,2022-10-01,2022,10,,1,GBIF
白帶魚,"Trichiurus japonicus Temminck & Schlegel, 1844",,,23.9215,119.8217,2022-11-27,2022,11,,1,GBIF
白帶魚,"Trichiurus japonicus Temminck & Schlegel, 1844",,,24.1138,119.6179,2022-11-27,2022,11,,1,GBIF
白帶魚,"Trichiurus japonicus Temminck & Schlegel, 1844",,,23.9706,119.5795,2022-11-27,2022,11,,1,GBIF
白帶魚,"Trichiurus japonicus Temminck & Schlegel, 1844",,,25.2179,121.3606,2022-11-03,2022,11,,1,GBIF
白帶魚,"Trichiurus japonicus Temminck & Schlegel, 1844",,,24.4295,120.1597,2022-11-01,2022,11,,1,GBIF
白帶魚,"Trichiurus japonicus Temminck & Schlegel, 1844",,,24.132,120.2654,2021-04-12,2021,4,,1,GBIF
白帶魚,"Trichiurus japonicus Temminck & Schlegel, 1844",,,24.0448,119.7804,2021-04-12,2021,4,,1,GBIF
白帶魚,"Trichiurus japonicus Temminck & Schlegel, 1844",,,24.2684,119.8368,2021-08-12,2021,8,,1,GBIF
白帶魚,"Trichiurus japonicus Temminck & Schlegel, 1844",,,24.0079,119.6189,2021-08-30,2021,8,,1,GBIF
白帶魚,"Trichiurus japonicus Temminck & Schlegel, 1844",,,23.9312,119.6506,2021-08-30,2021,8,,1,GBIF
白帶魚,"Trichiurus japonicus Temminck & Schlegel, 1844",,,24.1622,120.368,2021-10-01,2021,10,,1,GBIF
白帶魚,"Trichiurus japonicus Temminck & Schlegel, 1844",,,24.7539,120.8361,2021-11-29,2021,11,,1,GBIF
白帶魚,"Trichiurus japonicus Temminck & Schlegel, 1844",,,24.1659,119.9115,2020-01-22,2020,1,,1,GBIF
白帶魚,"Trichiurus japonicus Temminck & Schlegel, 1844",,,24.1732,119.7756,2020-01-22,2020,1,,1,GBIF
白帶魚,"Trichiurus japonicus Temminck & Schlegel, 1844",,,24.195,119.8185,2020-01-22,2020,1,,1,GBIF
白帶魚,"Trichiurus japonicus Temminck & Schlegel, 1844",,,24.1234,119.7722,2020-01-22,2020,1,,1,GBIF
白帶魚,"Trichiurus japonicus Temminck & Schlegel, 1844",,,24.1077,119.9997,2020-03-18,2020,3,,1,GBIF
白帶魚,"Trichiurus japonicus Temminck & Schlegel, 1844",,,22.8369,121.1894,2020-03-10,2020,3,,1,GBIF
白帶魚,"Trichiurus japonicus Temminck & Schlegel, 1844",,,24.1937,119.8732,2020-03-12,2020,3,,1,GBIF
白帶魚,"Trichiurus japonicus Temminck & Schlegel, 1844",,,24.8002,120.5043,2020-05-15,2020,5,,1,GBIF
白帶魚,"Trichiurus japonicus Temminck & Schlegel, 1844",,,25.3889,121.6647,2020-10-26,2020,10,,1,GBIF
白帶魚,"Trichiurus japonicus Temminck & Schlegel, 1844",,,25.2179,121.3606,2020-11-26,2020,11,,1,GBIF
白帶魚,"Trichiurus japonicus Temminck & Schlegel, 1844",,,24.5041,120.6443,2019-04-08,2019,4,,1,GBIF
白帶魚,"Trichiurus japonicus Temminck & Schlegel, 1844",,,25.2179,121.3606,2019-10-08,2019,10,,1,GBIF
白帶魚,"Trichiurus japonicus Temminck & Schlegel, 1844",,,25.1688,121.7117,2019-11-11,2019,11,,1,GBIF
白帶魚,"Trichiurus japonicus Temminck & Schlegel, 1844",,,24.097,119.9971,2018-03-14,2018,3,,1,GBIF
白帶魚,"Trichiurus japonicus Temminck & Schlegel, 1844",,,23.108,120.0434,2018-03-23,2018,3,,1,GBIF
白帶魚,"Trichiurus japonicus Temminck & Schlegel, 1844",,,24.5661,120.1337,2018-06-29,2018,6,,1,GBIF
白帶魚,"Trichiurus japonicus Temminck & Schlegel, 1844",,,24.541,120.1013,2018-06-29,2018,6,,1,GBIF
白帶魚,"Trichiurus japonicus Temminck & Schlegel, 1844",,,24.0445,120.2783,2018-12-20,2018,12,,1,GBIF
白帶魚,"Trichiurus japonicus Temminck & Schlegel, 1844",,,24.0993,119.9964,2018-12-20,2018,12,,1,GBIF
白帶魚,"Trichiurus japonicus Temminck & Schlegel, 1844",,,24.9333,121.9,2017-02-23,2017,2,,1,GBIF
白帶魚,"Trichiurus japonicus Temminck & Schlegel, 1844",,,25.0503,121.0162,2017-04-11,2017,4,,1,GBIF
白帶魚,Trichiurus lepturus,,Actinopterygii,24.18,120.33,2002/12/18 00:00:00,2002,12,,1,臺灣周邊底拖網調查資料集
白帶魚,Trichiurus lepturus,,Actinopterygii,24.82,120.44,2002/6/5 00:00:00,2002,6,,1,臺灣周邊底拖網調查資料集
白帶魚,Trichiurus lepturus,,Actinopterygii,24.82,120.44,2002/3/21 00:00:00,2002,3,,1,臺灣周邊底拖網調查資料集
白帶魚,Trichiurus lepturus,,Actinopterygii,24.82,120.44,2002/9/2 00:00:00,2002,9,,1,臺灣周邊底拖網調查資料集
白帶魚,Trichiurus lepturus,,Actinopterygii,24.83,120.39,2002/6/5 00:00:00,2002,6,,1,臺灣周邊底拖網調查資料集
白帶魚,Trichiurus lepturus,,Actinopterygii,24.83,120.39,2002/9/2 00:00:00,2002,9,,1,臺灣周邊底拖網調查資料集
白帶魚,Trichiurus lepturus,,Actinopterygii,24.76,120.35,2002/3/21 00:00:00,2002,3,,1,臺灣周邊底拖網調查資料集
白帶魚,Trichiurus lepturus,,Actinopterygii,24.76,120.35,2002/9/2 00:00:00,2002,9,,1,臺灣周邊底拖網調查資料集
白帶魚,Trichiurus lepturus,,Actinopterygii,24.47,120.6,2002/3/20 00:00:00,2002,3,,1,臺灣周邊底拖網調查資料集
白帶魚,Trichiurus lepturus,,Actinopterygii,24.47,120.6,2002/12/3 00:00:00,2002,12,,1,臺灣周邊底拖網調查資料集
白帶魚,Trichiurus lepturus,,Actinopterygii,24.47,120.55,2002/6/6 00:00:00,2002,6,,1,臺灣周邊底拖網調查資料集
白帶魚,Trichiurus lepturus,,Actinopterygii,24.47,120.55,2002/3/20 00:00:00,2002,3,,1,臺灣周邊底拖網調查資料集
白帶魚,Trichiurus lepturus,,Actinopterygii,24.42,120.49,2002/3/20 00:00:00,2002,3,,1,臺灣周邊底拖網調查資料集
白帶魚,Trichiurus lepturus,,Actinopterygii,24.42,120.49,2002/12/3 00:00:00,2002,12,,1,臺灣周邊底拖網調查資料集
白帶魚,Trichiurus lepturus,,Actinopterygii,22.28,120.36,2001/3/8 00:00:00,2001,3,,1,臺灣周邊底拖網調查資料集
白帶魚,Trichiurus lepturus,,Actinopterygii,22.29,120.17,2001/3/8 00:00:00,2001,3,,1,臺灣周邊底拖網調查資料集
白帶魚,Trichiurus lepturus,,Actinopterygii,22.24,120.19,2001/3/8 00:00:00,2001,3,,1,臺灣周邊底拖網調查資料集
白帶魚,Trichiurus lepturus,,Actinopterygii,22.28,120.36,2001/6/8 00:00:00,2001,6,,1,臺灣周邊底拖網調查資料集
白帶魚,Trichiurus lepturus,,Actinopterygii,22.25,120.37,2001/6/8 00:00:00,2001,6,,1,臺灣周邊底拖網調查資料集
白帶魚,Trichiurus lepturus,,Actinopterygii,22.18,120.36,2001/6/8 00:00:00,2001,6,,1,臺灣周邊底拖網調查資料集
白帶魚,Trichiurus lepturus,,Actinopterygii,22.9,120.06,2001/6/1 00:00:00,2001,6,,1,臺灣周邊底拖網調查資料集
白帶魚,Trichiurus lepturus,,Actinopterygii,22.32,120.2,2001/6/8 00:00:00,2001,6,,1,臺灣周邊底拖網調查資料集
白帶魚,Trichiurus lepturus,,Actinopterygii,22.29,120.17,2001/6/8 00:00:00,2001,6,,1,臺灣周邊底拖網調查資料集
白帶魚,Trichiurus lepturus,,Actinopterygii,22.24,120.19,2001/6/8 00:00:00,2001,6,,1,臺灣周邊底拖網調查資料集
白帶魚,Trichiurus lepturus,,Actinopterygii,22.28,120.36,2001/9/8 00:00:00,2001,9,,1,臺灣周邊底拖網調查資料集
白帶魚,Trichiurus lepturus,,Actinopterygii,22.18,120.36,2001/9/8 00:00:00,2001,9,,1,臺灣周邊底拖網調查資料集
白帶魚,Trichiurus lepturus,,Actinopterygii,22.42,120.23,2001/9/10 00:00:00,2001,9,,1,臺灣周邊底拖網調查資料集
白帶魚,Trichiurus lepturus,,Actinopterygii,22.32,120.2,2001/11/8 00:00:00,2001,11,,1,臺灣周邊底拖網調查資料集
白帶魚,Trichiurus lepturus,,Actinopterygii,22.29,120.17,2001/11/8 00:00:00,2001,11,,1,臺灣周邊底拖網調查資料集
白帶魚,Trichiurus lepturus,,Actinopterygii,22.28,120.36,2001/11/8 00:00:00,2001,11,,1,臺灣周邊底拖網調查資料集
白帶魚,Trichiurus lepturus,,Actinopterygii,22.25,120.37,2001/11/8 00:00:00,2001,11,,1,臺灣周邊底拖網調查資料集
白帶魚,Trichiurus lepturus,,Actinopterygii,22.42,120.26,2001/11/10 00:00:00,2001,11,,1,臺灣周邊底拖網調查資料集
白帶魚,Trichiurus lepturus,,Actinopterygii,22.42,120.23,2001/11/10 00:00:00,2001,11,,1,臺灣周邊底拖網調查資料集
白帶魚,Trichiurus lepturus,,Actinopterygii,22.32,120.2,2001/12/8 00:00:00,2001,12,,1,臺灣周邊底拖網調查資料集
白帶魚,Trichiurus lepturus,,Actinopterygii,22.29,120.17,2001/12/8 00:00:00,2001,12,,1,臺灣周邊底拖網調查資料集
白帶魚,Trichiurus lepturus,,Actinopterygii,23.38,119.77,2003/7/21 00:00:00,2003,7,,1,臺灣周邊底拖網調查資料集
白帶魚,Trichiurus lepturus,,Actinopterygii,24.91,121.87,2001/4/10 00:00:00,2001,4,,1,臺灣周邊底拖網調查資料集
白帶魚,Trichiurus lepturus,,Actinopterygii,24.88,121.89,2001/4/10 00:00:00,2001,4,,1,臺灣周邊底拖網調查資料集
白帶魚,Trichiurus lepturus,,Actinopterygii,25.13,121.96,2000/3/27 00:00:00,2000,3,,1,臺灣周邊底拖網調查資料集
白帶魚,Trichiurus lepturus,,Actinopterygii,25.18,121.93,2000/3/27 00:00:00,2000,3,,1,臺灣周邊底拖網調查資料集
白帶魚,Trichiurus lepturus,,Actinopterygii,25.41,121.58,2000/3/31 00:00:00,2000,3,,1,臺灣周邊底拖網調查資料集
白帶魚,Trichiurus lepturus,,Actinopterygii,25.19,122.03,2000/3/27 00:00:00,2000,3,,1,臺灣周邊底拖網調查資料集
白帶魚,Trichiurus lepturus,,Actinopterygii,25.41,121.58,2000/6/23 00:00:00,2000,6,,1,臺灣周邊底拖網調查資料集
白帶魚,Trichiurus lepturus,,Actinopterygii,25.13,121.96,2000/6/8 00:00:00,2000,6,,1,臺灣周邊底拖網調查資料集
白帶魚,Trichiurus lepturus,,Actinopterygii,25.18,121.93,2000/6/8 00:00:00,2000,6,,1,臺灣周邊底拖網調查資料集
白帶魚,Trichiurus lepturus,,Actinopterygii,24.83,121.99,2000/7/13 00:00:00,2000,7,,1,臺灣周邊底拖網調查資料集
白帶魚,Trichiurus lepturus,,Actinopterygii,24.88,121.89,2000/7/13 00:00:00,2000,7,,1,臺灣周邊底拖網調查資料集
白帶魚,Trichiurus lepturus,,Actinopterygii,25.18,121.93,2000/11/15 00:00:00,2000,11,,1,臺灣周邊底拖網調查資料集
白帶魚,Trichiurus lepturus,,Actinopterygii,25.13,121.96,2000/11/15 00:00:00,2000,11,,1,臺灣周邊底拖網調查資料集
白帶魚,Trichiurus lepturus,,Actinopterygii,24.79,121.97,2000/12/27 00:00:00,2000,12,,1,臺灣周邊底拖網調查資料集
白帶魚,Trichiurus lepturus,,Actinopterygii,24.88,121.89,2000/12/27 00:00:00,2000,12,,1,臺灣周邊底拖網調查資料集
白帶魚,Trichiurus lepturus,,Actinopterygii,24.91,121.87,2000/12/27 00:00:00,2000,12,,1,臺灣周邊底拖網調查資料集
白帶魚,Trichiurus lepturus,,Actinopterygii,25.41,121.58,2001/2/26 00:00:00,2001,2,,1,臺灣周邊底拖網調查資料集
白帶魚,Trichiurus lepturus,,Actinopterygii,25.18,121.93,2001/3/6 00:00:00,2001,3,,1,臺灣周邊底拖網調查資料集
白帶魚,Trichiurus lepturus,,Actinopterygii,24.88,121.89,2000/2/17 00:00:00,2000,2,,1,臺灣周邊底拖網調查資料集
白帶魚,Trichiurus lepturus,,Actinopterygii,22.25,120.37,2001/3/8 00:00:00,2001,3,,1,臺灣周邊底拖網調查資料集
白帶魚,Trichiurus lepturus,,Actinopterygii,22.32,120.2,2001/3/8 00:00:00,2001,3,,1,臺灣周邊底拖網調查資料集
白帶魚,Trichiurus lepturus,,Actinopterygii,25.13,121.96,2001/3/6 00:00:00,2001,3,,1,臺灣周邊底拖網調查資料集
白帶魚,Trichiurus lepturus,,Actinopterygii,24.79,121.97,2000/2/17 00:00:00,2000,2,,1,臺灣周邊底拖網調查資料集
白帶魚,Trichiurus lepturus,,Actinopterygii,24.83,121.99,2000/2/17 00:00:00,2000,2,,1,臺灣周邊底拖網調查資料集
白帶魚,Trichiurus lepturus,,Actinopterygii,25.16,121.76,1974-04-05,1974,4,,1,台灣水產試驗所－近海與外海標本數位典藏
白帶魚,Trichiurus lepturus,,Actinopterygii,22.48,120.46,1978-06-22,1978,6,,1,台灣水產試驗所－近海與外海標本數位典藏
白帶魚,Trichiurus lepturus,,Actinopterygii,24.94,121.9,1997-09-09,1997,9,,1,台灣水產試驗所－近海與外海標本數位典藏
白帶魚,Trichiurus lepturus,,Actinopterygii,23.05,121.23,1985-02-10,1985,2,,1,台灣水產試驗所－近海與外海標本數位典藏
白帶魚,Trichiurus lepturus,,Actinopterygii,23.07,121.24,1978-12-01,1978,12,,1,台灣水產試驗所－近海與外海標本數位典藏
白帶魚,Trichiurus lepturus,,Actinopterygii,23.05,121.23,2005-05-20,2005,5,,1,台灣水產試驗所－近海與外海標本數位典藏
白帶魚,Trichiurus lepturus,,Actinopterygii,23.01,121.19,2006-04-27,2006,4,,1,台灣水產試驗所－近海與外海標本數位典藏
白帶魚,Trichiurus lepturus,,Actinopterygii,23.02,121.2,2007-09-11,2007,9,,1,台灣水產試驗所－近海與外海標本數位典藏
白帶魚,Trichiurus lepturus,白帶魚,Actinopterygii,22.47,120.43,2010-06-14,2010,6,,1,國立海洋生物博物館
白帶魚,Trichiurus lepturus,,Actinopterygii,22.31,120.22,2001-11-08,2001,11,,1,臺灣魚類資料庫
白帶魚,Trichiurus lepturus,,Actinopterygii,22.43,120.3,2001-11-10,2001,11,,1,臺灣魚類資料庫
白帶魚,Trichiurus lepturus,,Actinopterygii,21.97,120.7,2003-06-01,2003,6,,1,臺灣魚類資料庫
白帶魚,Trichiurus lepturus,,Actinopterygii,23.1,121.37,2004-11-05,2004,11,,1,臺灣魚類資料庫
白帶魚,Trichiurus lepturus,,Actinopterygii,24.16,120.23,2002-02-05,2002,2,,1,臺灣魚類資料庫
白帶魚,Trichiurus lepturus,,Actinopterygii,23.94,121.61,2004-05-30,2004,5,,1,臺灣魚類資料庫
白帶魚,Trichiurus lepturus,,Actinopterygii,22.47,120.43,2004-04-15,2004,4,,1,臺灣魚類資料庫
白帶魚,Trichiurus lepturus,,Actinopterygii,23.94,121.61,2005-04-26,2005,4,,1,臺灣魚類資料庫
白帶魚,Trichiurus lepturus,,Actinopterygii,23.1,121.37,2007-07-04,2007,7,,1,臺灣魚類資料庫
白帶魚,Trichiurus lepturus,,Actinopterygii,24.18,120.33,2002-12-18,2002,12,,1,臺灣魚類資料庫
白帶魚,Trichiurus lepturus,,Actinopterygii,24.82,120.44,2002-06-05,2002,6,,1,臺灣魚類資料庫
白帶魚,Trichiurus lepturus,,Actinopterygii,24.82,120.44,2002-03-21,2002,3,,1,臺灣魚類資料庫
白帶魚,Trichiurus lepturus,,Actinopterygii,24.82,120.44,2002-09-02,2002,9,,1,臺灣魚類資料庫
白帶魚,Trichiurus lepturus,,Actinopterygii,24.83,120.39,2002-06-05,2002,6,,1,臺灣魚類資料庫
白帶魚,Trichiurus lepturus,,Actinopterygii,24.83,120.39,2002-09-02,2002,9,,1,臺灣魚類資料庫
白帶魚,Trichiurus lepturus,,Actinopterygii,24.76,120.35,2002-03-21,2002,3,,1,臺灣魚類資料庫
白帶魚,Trichiurus lepturus,,Actinopterygii,24.76,120.35,2002-09-02,2002,9,,1,臺灣魚類資料庫
白帶魚,Trichiurus lepturus,,Actinopterygii,24.47,120.6,2002-03-20,2002,3,,1,臺灣魚類資料庫
白帶魚,Trichiurus lepturus,,Actinopterygii,24.47,120.6,2002-12-03,2002,12,,1,臺灣魚類資料庫
白帶魚,Trichiurus lepturus,,Actinopterygii,24.47,120.55,2002-06-06,2002,6,,1,臺灣魚類資料庫
白帶魚,Trichiurus lepturus,,Actinopterygii,24.47,120.55,2002-03-20,2002,3,,1,臺灣魚類資料庫
白帶魚,Trichiurus lepturus,,Actinopterygii,24.42,120.49,2002-03-20,2002,3,,1,臺灣魚類資料庫
白帶魚,Trichiurus lepturus,,Actinopterygii,24.42,120.49,2002-12-03,2002,12,,1,臺灣魚類資料庫
白帶魚,Trichiurus lepturus,,Actinopterygii,22.28,120.36,2001-03-08,2001,3,,1,臺灣魚類資料庫
白帶魚,Trichiurus lepturus,,Actinopterygii,22.29,120.17,2001-03-08,2001,3,,1,臺灣魚類資料庫
白帶魚,Trichiurus lepturus,,Actinopterygii,22.24,120.19,2001-03-08,2001,3,,1,臺灣魚類資料庫
白帶魚,Trichiurus lepturus,,Actinopterygii,22.28,120.36,2001-06-08,2001,6,,1,臺灣魚類資料庫
白帶魚,Trichiurus lepturus,,Actinopterygii,22.25,120.37,2001-06-08,2001,6,,1,臺灣魚類資料庫
白帶魚,Trichiurus lepturus,,Actinopterygii,22.18,120.36,2001-06-08,2001,6,,1,臺灣魚類資料庫
白帶魚,Trichiurus lepturus,,Actinopterygii,22.9,120.06,2001-06-01,2001,6,,1,臺灣魚類資料庫
白帶魚,Trichiurus lepturus,,Actinopterygii,22.32,120.2,2001-06-08,2001,6,,1,臺灣魚類資料庫
白帶魚,Trichiurus lepturus,,Actinopterygii,22.29,120.17,2001-06-08,2001,6,,1,臺灣魚類資料庫
白帶魚,Trichiurus lepturus,,Actinopterygii,22.24,120.19,2001-06-08,2001,6,,1,臺灣魚類資料庫
白帶魚,Trichiurus lepturus,,Actinopterygii,22.28,120.36,2001-09-08,2001,9,,1,臺灣魚類資料庫
白帶魚,Trichiurus lepturus,,Actinopterygii,22.18,120.36,2001-09-08,2001,9,,1,臺灣魚類資料庫
白帶魚,Trichiurus lepturus,,Actinopterygii,22.42,120.23,2001-09-10,2001,9,,1,臺灣魚類資料庫
白帶魚,Trichiurus lepturus,,Actinopterygii,22.32,120.2,2001-11-08,2001,11,,1,臺灣魚類資料庫
白帶魚,Trichiurus lepturus,,Actinopterygii,22.29,120.17,2001-11-08,2001,11,,1,臺灣魚類資料庫
白帶魚,Trichiurus lepturus,,Actinopterygii,22.28,120.36,2001-11-08,2001,11,,1,臺灣魚類資料庫
白帶魚,Trichiurus lepturus,,Actinopterygii,22.25,120.37,2001-11-08,2001,11,,1,臺灣魚類資料庫
白帶魚,Trichiurus lepturus,,Actinopterygii,22.42,120.26,2001-11-10,2001,11,,1,臺灣魚類資料庫
白帶魚,Trichiurus lepturus,,Actinopterygii,22.42,120.23,2001-11-10,2001,11,,1,臺灣魚類資料庫
白帶魚,Trichiurus lepturus,,Actinopterygii,22.32,120.2,2001-12-08,2001,12,,1,臺灣魚類資料庫
白帶魚,Trichiurus lepturus,,Actinopterygii,22.29,120.17,2001-12-08,2001,12,,1,臺灣魚類資料庫
白帶魚,Trichiurus lepturus,,Actinopterygii,23.38,119.77,2003-07-21,2003,7,,1,臺灣魚類資料庫
白帶魚,Trichiurus lepturus,,Actinopterygii,24.91,121.87,2001-04-10,2001,4,,1,臺灣魚類資料庫
白帶魚,Trichiurus lepturus,,Actinopterygii,24.88,121.89,2001-04-10,2001,4,,1,臺灣魚類資料庫
白帶魚,Trichiurus lepturus,,Actinopterygii,25.13,121.96,2000-03-27,2000,3,,1,臺灣魚類資料庫
白帶魚,Trichiurus lepturus,,Actinopterygii,25.18,121.93,2000-03-27,2000,3,,1,臺灣魚類資料庫
白帶魚,Trichiurus lepturus,,Actinopterygii,25.41,121.58,2000-03-31,2000,3,,1,臺灣魚類資料庫
白帶魚,Trichiurus lepturus,,Actinopterygii,25.19,122.03,2000-03-27,2000,3,,1,臺灣魚類資料庫
白帶魚,Trichiurus lepturus,,Actinopterygii,25.41,121.58,2000-06-23,2000,6,,1,臺灣魚類資料庫
白帶魚,Trichiurus lepturus,,Actinopterygii,25.13,121.96,2000-06-08,2000,6,,1,臺灣魚類資料庫
白帶魚,Trichiurus lepturus,,Actinopterygii,25.18,121.93,2000-06-08,2000,6,,1,臺灣魚類資料庫
白帶魚,Trichiurus lepturus,,Actinopterygii,24.83,121.99,2000-07-13,2000,7,,1,臺灣魚類資料庫
白帶魚,Trichiurus lepturus,,Actinopterygii,24.88,121.89,2000-07-13,2000,7,,1,臺灣魚類資料庫
白帶魚,Trichiurus lepturus,,Actinopterygii,25.18,121.93,2000-11-15,2000,11,,1,臺灣魚類資料庫
白帶魚,Trichiurus lepturus,,Actinopterygii,25.13,121.96,2000-11-15,2000,11,,1,臺灣魚類資料庫
白帶魚,Trichiurus lepturus,,Actinopterygii,24.79,121.97,2000-12-27,2000,12,,1,臺灣魚類資料庫
白帶魚,Trichiurus lepturus,,Actinopterygii,24.88,121.89,2000-12-27,2000,12,,1,臺灣魚類資料庫
白帶魚,Trichiurus lepturus,,Actinopterygii,24.91,121.87,2000-12-27,2000,12,,1,臺灣魚類資料庫
白帶魚,Trichiurus lepturus,,Actinopterygii,25.41,121.58,2001-02-26,2001,2,,1,臺灣魚類資料庫
白帶魚,Trichiurus lepturus,,Actinopterygii,25.18,121.93,2001-03-06,2001,3,,1,臺灣魚類資料庫
白帶魚,Trichiurus lepturus,,Actinopterygii,24.88,121.89,2000-02-17,2000,2,,1,臺灣魚類資料庫
白帶魚,Trichiurus lepturus,,Actinopterygii,22.25,120.37,2001-03-08,2001,3,,1,臺灣魚類資料庫
白帶魚,Trichiurus lepturus,,Actinopterygii,22.32,120.2,2001-03-08,2001,3,,1,臺灣魚類資料庫
白帶魚,Trichiurus lepturus,,Actinopterygii,25.13,121.96,2001-03-06,2001,3,,1,臺灣魚類資料庫
白帶魚,Trichiurus lepturus,,Actinopterygii,24.79,121.97,2000-02-17,2000,2,,1,臺灣魚類資料庫
白帶魚,Trichiurus lepturus,,Actinopterygii,24.83,121.99,2000-02-17,2000,2,,1,臺灣魚類資料庫
白帶魚,Trichiurus lepturus,,Actinopterygii,25.3,121.56,1977-06-17,1977,6,,1,臺灣魚類資料庫
白帶魚,Trichiurus lepturus,,Actinopterygii,23.99,121.63,1976-11-01,1976,11,,1,臺灣魚類資料庫
白帶魚,Trichiurus lepturus,,Actinopterygii,25.2,121.68,1976-08-01,1976,8,,1,臺灣魚類資料庫
白帶魚,Trichiurus lepturus,,Actinopterygii,23.13,121.39,1976-02-10,1976,2,,1,臺灣魚類資料庫
白帶魚,Trichiurus lepturus,,Actinopterygii,23.94,121.61,1976-09-15,1976,9,,1,臺灣魚類資料庫
白帶魚,Trichiurus lepturus,,Actinopterygii,24.91,121.92,2000-12-01,2000,12,,1,臺灣魚類資料庫
白帶魚,Trichiurus lepturus,,Actinopterygii,24.95,121.93,2000-12-01,2000,12,,1,臺灣魚類資料庫
白帶魚,Trichiurus lepturus,,Actinopterygii,25.08,122.02,2000-11-15,2000,11,,1,臺灣魚類資料庫
白帶魚,Trichiurus lepturus,,Actinopterygii,25.08,122.02,2000-11-05,2000,11,,1,臺灣魚類資料庫
白帶魚,Trichiurus lepturus,,Actinopterygii,25.18,121.78,1990-04-18,1990,4,,1,國立海洋科技博物館
白帶魚,"Trichiurus lepturus Linnaeus, 1758",,,22.9877,120.1571,2026-01-08T23:26:13,2026,1,,1,GBIF
白帶魚,"Trichiurus lepturus Linnaeus, 1758",,,25.2466,122.1169,2025-11-23T02:41:55,2025,11,,1,GBIF
白帶魚,"Trichiurus lepturus Linnaeus, 1758",,,25.2436,122.1187,2025-11-23T02:50:27,2025,11,,1,GBIF
白帶魚,"Trichiurus lepturus Linnaeus, 1758",,,25.2395,122.1216,2025-11-23T03:04:25,2025,11,,1,GBIF
白帶魚,"Trichiurus lepturus Linnaeus, 1758",,,22.7918,121.1933,2024-03-04T07:54,2024,3,,1,GBIF
白帶魚,"Trichiurus lepturus Linnaeus, 1758",,,25.2179,121.3606,2023-01-11,2023,1,,1,GBIF
白帶魚,"Trichiurus lepturus Linnaeus, 1758",,,22.9184,120.2003,2023-11-25T11:04,2023,11,,1,GBIF
白帶魚,"Trichiurus lepturus Linnaeus, 1758",,,24.4112,120.0178,2022-01-01,2022,1,,1,GBIF
白帶魚,"Trichiurus lepturus Linnaeus, 1758",,,23.1346,120.0717,2022-02-01,2022,2,,1,GBIF
白帶魚,"Trichiurus lepturus Linnaeus, 1758",,,24.6286,120.6123,2022-03-10,2022,3,,1,GBIF
白帶魚,"Trichiurus lepturus Linnaeus, 1758",,,24.4792,120.1753,2022-03-01,2022,3,,1,GBIF
白帶魚,"Trichiurus lepturus Linnaeus, 1758",,,24.8586,120.8641,2022-04-29,2022,4,,1,GBIF
白帶魚,"Trichiurus lepturus Linnaeus, 1758",,,24.4616,120.1189,2022-05-01,2022,5,,1,GBIF
白帶魚,"Trichiurus lepturus Linnaeus, 1758",,,24.5742,120.1783,2022-08-01,2022,8,,1,GBIF
白帶魚,"Trichiurus lepturus Linnaeus, 1758",,,25.2179,121.3606,2022-11-03,2022,11,,1,GBIF
白帶魚,"Trichiurus lepturus Linnaeus, 1758",,,24.9538,120.6141,2021-01-15,2021,1,,1,GBIF
白帶魚,"Trichiurus lepturus Linnaeus, 1758",,,24.8987,120.594,2021-01-15,2021,1,,1,GBIF
白帶魚,"Trichiurus lepturus Linnaeus, 1758",,,25.2179,121.3606,2021-01-14,2021,1,,1,GBIF
白帶魚,"Trichiurus lepturus Linnaeus, 1758",,,23.9828,120.1914,2021-02-25,2021,2,,1,GBIF
白帶魚,"Trichiurus lepturus Linnaeus, 1758",,,24.8622,120.8909,2021-02-03,2021,2,,1,GBIF
白帶魚,"Trichiurus lepturus Linnaeus, 1758",,,25.3889,121.6647,2021-04-13,2021,4,,1,GBIF
白帶魚,"Trichiurus lepturus Linnaeus, 1758",,,23.9885,119.7522,2021-04-12,2021,4,,1,GBIF
白帶魚,"Trichiurus lepturus Linnaeus, 1758",,,25.2179,121.3606,2021-04-20,2021,4,,1,GBIF
白帶魚,"Trichiurus lepturus Linnaeus, 1758",,,24.3986,120.0222,2021-05-01,2021,5,,1,GBIF
白帶魚,"Trichiurus lepturus Linnaeus, 1758",,,24.2696,119.9384,2021-08-12,2021,8,,1,GBIF
白帶魚,"Trichiurus lepturus Linnaeus, 1758",,,23.0164,119.9881,2021-11-14,2021,11,,1,GBIF
白帶魚,"Trichiurus lepturus Linnaeus, 1758",,,23.1346,120.0717,2021-12-02,2021,12,,1,GBIF
白帶魚,"Trichiurus lepturus Linnaeus, 1758",,,25.3889,121.6647,2020-01-07,2020,1,,1,GBIF
白帶魚,"Trichiurus lepturus Linnaeus, 1758",,,22.8381,121.1894,2020-03-10,2020,3,,1,GBIF
白帶魚,"Trichiurus lepturus Linnaeus, 1758",,,25.3889,121.6647,2020-04-15,2020,4,,1,GBIF
白帶魚,"Trichiurus lepturus Linnaeus, 1758",,,24.6237,120.6916,2020-05-16,2020,5,,1,GBIF
白帶魚,"Trichiurus lepturus Linnaeus, 1758",,,25.2179,121.3606,2020-05-20,2020,5,,1,GBIF
白帶魚,"Trichiurus lepturus Linnaeus, 1758",,,22.8375,121.1891,2020-06-04,2020,6,,1,GBIF
白帶魚,"Trichiurus lepturus Linnaeus, 1758",,,22.3395,120.5315,2020-07-20,2020,7,,1,GBIF
白帶魚,"Trichiurus lepturus Linnaeus, 1758",,,24.8114,120.5156,2020-08-05,2020,8,,1,GBIF
白帶魚,"Trichiurus lepturus Linnaeus, 1758",,,24.6619,120.6215,2020-11-18,2020,11,,1,GBIF
白帶魚,"Trichiurus lepturus Linnaeus, 1758",,,24.8622,120.8909,2020-11-19,2020,11,,1,GBIF
白帶魚,"Trichiurus lepturus Linnaeus, 1758",,,23.1897,120.0654,2020-12-23,2020,12,,1,GBIF
白帶魚,"Trichiurus lepturus Linnaeus, 1758",,,24.2001,120.4829,2019-01-10,2019,1,,1,GBIF
白帶魚,"Trichiurus lepturus Linnaeus, 1758",,,25.2179,121.3606,2019-01-03,2019,1,,1,GBIF
白帶魚,"Trichiurus lepturus Linnaeus, 1758",,,22.8381,121.1894,2019-03-22,2019,3,,1,GBIF
白帶魚,"Trichiurus lepturus Linnaeus, 1758",,,25.1688,121.7117,2019-08-21,2019,8,,1,GBIF
白帶魚,"Trichiurus lepturus Linnaeus, 1758",,,24.5041,120.6443,2019-10-01,2019,10,,1,GBIF
白帶魚,"Trichiurus lepturus Linnaeus, 1758",,,25.1688,121.7117,2019-11-11,2019,11,,1,GBIF
白帶魚,"Trichiurus lepturus Linnaeus, 1758",,,25.2179,121.3606,2019-12-31,2019,12,,1,GBIF
白帶魚,"Trichiurus lepturus Linnaeus, 1758",,,24.3939,120.1679,2018-06-29,2018,6,,1,GBIF
白帶魚,"Trichiurus lepturus Linnaeus, 1758",,,24.7151,120.406,2018-06-30,2018,6,,1,GBIF
白帶魚,"Trichiurus lepturus Linnaeus, 1758",,,23.1991,120.051,2018-06-04,2018,6,,1,GBIF
白帶魚,"Trichiurus lepturus Linnaeus, 1758",,,23.1986,120.0239,2018-06-04,2018,6,,1,GBIF
白帶魚,"Trichiurus lepturus Linnaeus, 1758",,,25.1342,121.7435,2018-11-01,2018,11,,1,GBIF
白帶魚,"Trichiurus lepturus Linnaeus, 1758",,,23.1245,120.074,2017-10-26,2017,10,,1,GBIF
白帶魚,"Trichiurus lepturus Linnaeus, 1758",,,23.108,120.0434,2017-12-27,2017,12,,1,GBIF
白帶魚,"Trichiurus lepturus Linnaeus, 1758",,,24.3806,120.1378,2016-08-31,2016,8,,1,GBIF
白帶魚,"Trichiurus lepturus Linnaeus, 1758",,,24.3935,119.9609,2016-08-31,2016,8,,1,GBIF
白帶魚,Trichiurus nanhaiensis,南海帶魚,Actinopterygii,24.06,120.43,,,,,1,國立海洋生物博物館
白帶魚,Trichiurus nanhaiensis,,Actinopterygii,24.25,120.52,2002-05-05,2002,5,,1,臺灣魚類資料庫
白帶魚,Trichiurus nanhaiensis,,Actinopterygii,23.61,120.13,2002-05-05,2002,5,,1,臺灣魚類資料庫
白帶魚,Trichiurus nanhaiensis,,Actinopterygii,22.44,120.47,2004-08-16,2004,8,,1,臺灣魚類資料庫
白帶魚,"Trichiurus nanhaiensis Wang & Xu, 1992",,,23.1273,120.0555,2021-12-10T10:53,2021,12,,1,GBIF
白帶魚,"Trichiurus nanhaiensis Wang & Xu, 1992",,,23.108,120.0434,2021-12-10,2021,12,,1,GBIF
白帶魚,"Trichiurus nanhaiensis Wang & Xu, 1992",,,23.108,120.0434,2017-12-27,2017,12,,1,GBIF
白帶魚,Trichiurus sp.,,Actinopterygii,21.99,120.66,2004-04-10,2004,4,,1,臺灣魚類資料庫
白帶魚,Trichiurus sp.,,Actinopterygii,25.2,121.67,1977-08-15,1977,8,,1,臺灣魚類資料庫
白帶魚,Trichiurus sp.2,,Actinopterygii,23.05,121.22,2008/10/30,2008,10,,1,台灣水產試驗所－近海與外海標本數位典藏
白皮旗魚,Kajikia audax,,Actinopterygii,23.18,121.27,2006-02-23,2006,2,,1,台灣水產試驗所－近海與外海標本數位典藏
白鯧,Pampus argenteus,,Actinopterygii,24.47,120.55,2002/12/3 00:00:00,2002,12,,1,臺灣周邊底拖網調查資料集
白鯧,Pampus argenteus,,Actinopterygii,25.16,121.76,1952-02-01,1952,2,,1,台灣水產試驗所－近海與外海標本數位典藏
白鯧,Pampus argenteus,,Actinopterygii,25.16,121.76,1952-01-01,1952,1,,1,台灣水產試驗所－近海與外海標本數位典藏
白鯧,Pampus argenteus,,Actinopterygii,22.48,120.46,1983-11-02,1983,11,,1,國立臺灣博物館
白鯧,Pampus argenteus,,Actinopterygii,25.05,121.6,1945-10-01,1945,10,,1,國立臺灣博物館
白鯧,Pampus argenteus,,Actinopterygii,22.01,120.74,1985-12-04,1985,12,,1,國立臺灣博物館
白鯧,Pampus argenteus,銀鯧,Actinopterygii,22.09,120.71,2010-07-10,2010,7,,1,國立海洋生物博物館
白鯧,Pampus argenteus,,Actinopterygii,24.06,120.43,2002-09-03,2002,9,,1,臺灣魚類資料庫
白鯧,Pampus argenteus,,Actinopterygii,24.25,120.52,2005-03-11,2005,3,,1,臺灣魚類資料庫
白鯧,Pampus argenteus,,Actinopterygii,24.47,120.55,2002-12-03,2002,12,,1,臺灣魚類資料庫
白鯧,Pampus argenteus,,Actinopterygii,24.48,120.66,1991-08-28,1991,8,,1,國立海洋科技博物館
白鯧,"Pampus argenteus (Euphrasen, 1788)",,,24.4616,120.1189,2022-03-01,2022,3,,1,GBIF
白鯧,"Pampus argenteus (Euphrasen, 1788)",,,24.1014,120.3058,2021-02-25,2021,2,,1,GBIF
白鯧,"Pampus argenteus (Euphrasen, 1788)",,,24.1894,119.9723,2021-02-01,2021,2,,1,GBIF
白鯧,"Pampus argenteus (Euphrasen, 1788)",,,24.0465,120.2812,2020-09-15,2020,9,,1,GBIF
白鯧,"Pampus argenteus (Euphrasen, 1788)",,,23.1896,120.0858,2020-10-10T13:37,2020,10,,1,GBIF
白鯧,"Pampus argenteus (Euphrasen, 1788)",,,23.1897,120.0859,2020-11-11T13:44:40,2020,11,,1,GBIF
白鯧,Pampus chinensis,,Actinopterygii,23.57,119.56,1989-04-08,1989,4,,1,臺灣魚類資料庫
白鯧,Pampus chinensis,,Actinopterygii,22.44,120.47,1995-08-22,1995,8,,1,臺灣魚類資料庫
白鯧,Pampus chinensis,,Actinopterygii,24.49,120.68,1991-09-05,1991,9,,1,臺灣魚類資料庫
白鯧,"Pampus chinensis (Euphrasen, 1788)",,,24.7787,118.7729,2025-09-30T21:21:30,2025,9,,1,GBIF
白鯧,"Pampus chinensis (Euphrasen, 1788)",,,23.9199,120.1978,2021-11-16,2021,11,,1,GBIF
白鯧,Pampus cinereus,,Actinopterygii,23.57,119.56,1989-04-09,1989,4,,1,臺灣魚類資料庫
白鯧,Pampus echinogaster,,Actinopterygii,22.47,120.43,2004-08-15,2004,8,,1,臺灣魚類資料庫
白鯧,"Pampus echinogaster (Basilewsky, 1855)",,,24.5,120.1409,2022-03-01,2022,3,,1,GBIF
白鯧,"Pampus echinogaster (Basilewsky, 1855)",,,23.986,120.262,2019-11-17,2019,11,,1,GBIF
白鯧,"Pampus echinogaster (Basilewsky, 1855)",,,23.953,120.209,2019-11-17,2019,11,,1,GBIF
白鯧,"Pampus echinogaster (Basilewsky, 1855)",,,23.435,118.3967,2016-05-28,2016,5,,1,GBIF
白鯧,Pampus sp.,,Actinopterygii,24.25,120.52,2005-10-08,2005,10,,1,臺灣魚類資料庫
白鯧,Pampus sp.,,Actinopterygii,24.4,120.47,2005-09-27,2005,9,,1,臺灣魚類資料庫
真鯛,Pagrus major,,Actinopterygii,25.41,121.58,2001/2/26 00:00:00,2001,2,,1,臺灣周邊底拖網調查資料集
真鯛,Pagrus major,,Actinopterygii,25.16,121.76,1955-12-20,1955,12,,1,台灣水產試驗所－近海與外海標本數位典藏
真鯛,Pagrus major,,Actinopterygii,25.16,121.76,1952-01-01,1952,1,,1,台灣水產試驗所－近海與外海標本數位典藏
真鯛,Pagrus major,,Actinopterygii,25.16,121.76,1952-02-01,1952,2,,1,台灣水產試驗所－近海與外海標本數位典藏
真鯛,Pagrus major,,Actinopterygii,23.05,121.23,1978-03-01,1978,3,,1,台灣水產試驗所－近海與外海標本數位典藏
真鯛,Pagrus major,,Actinopterygii,21.9,120.76,2001-05-06,2001,5,,1,臺灣魚類資料庫
真鯛,Pagrus major,,Actinopterygii,24.94,121.9,2005-10-04,2005,10,,1,臺灣魚類資料庫
真鯛,Pagrus major,,Actinopterygii,24.47,120.62,2006-09-20,2006,9,,1,臺灣魚類資料庫
真鯛,Pagrus major,,Actinopterygii,24.25,120.52,2002-05-05,2002,5,,1,臺灣魚類資料庫
真鯛,Pagrus major,,Actinopterygii,25.41,121.58,2001-02-26,2001,2,,1,臺灣魚類資料庫
真鯛,Pagrus major,,Actinopterygii,25.3,121.56,1979-02-10,1979,2,,1,臺灣魚類資料庫
真鯛,Pagrus major,,Actinopterygii,25.21,121.69,1979-04-18,1979,4,,1,臺灣魚類資料庫
真鯛,Pagrus major,,Actinopterygii,25.16,121.76,1979-11-07,1979,11,,1,臺灣魚類資料庫
真鯛,Pagrus major,,Actinopterygii,25.06,121.43,1990-03-05,1990,3,,1,國立海洋科技博物館
真鯛,"Pagrus major (Temminck & Schlegel, 1843)",,,24.9776,120.9979,2025-10-13,2025,10,,1,GBIF
真鯛,"Pagrus major (Temminck & Schlegel, 1843)",,,25.0305,121.0034,2025-10-13,2025,10,,1,GBIF
真鯛,"Pagrus major (Temminck & Schlegel, 1843)",,,24.9818,120.991,2025-10-13,2025,10,,1,GBIF
真鯛,"Pagrus major (Temminck & Schlegel, 1843)",,,24.9919,120.9766,2025-10-13,2025,10,,1,GBIF
真鯛,"Pagrus major (Temminck & Schlegel, 1843)",,,25.0406,121.0426,2024-02-20,2024,2,,1,GBIF
真鯛,"Pagrus major (Temminck & Schlegel, 1843)",,,23.5417,119.5749,2024-03-22T10:45,2024,3,,1,GBIF
真鯛,"Pagrus major (Temminck & Schlegel, 1843)",,,24.9919,120.9766,2024-04-16,2024,4,,1,GBIF
真鯛,"Pagrus major (Temminck & Schlegel, 1843)",,,25.0305,121.0034,2024-04-16,2024,4,,1,GBIF
真鯛,"Pagrus major (Temminck & Schlegel, 1843)",,,24.9776,120.9979,2024-04-16,2024,4,,1,GBIF
真鯛,"Pagrus major (Temminck & Schlegel, 1843)",,,25.0512,121.0317,2024-04-16,2024,4,,1,GBIF
真鯛,"Pagrus major (Temminck & Schlegel, 1843)",,,23.5431,119.5854,2024-09-27T15:56:15,2024,9,,1,GBIF
真鯛,"Pagrus major (Temminck & Schlegel, 1843)",,,23.1346,120.0717,2022-09-04,2022,9,,1,GBIF
真鯛,"Pagrus major (Temminck & Schlegel, 1843)",,,24.525,120.558,2021-01-31,2021,1,,1,GBIF
真鯛,"Pagrus major (Temminck & Schlegel, 1843)",,,25.3889,121.6647,2021-02-20,2021,2,,1,GBIF
真鯛,"Pagrus major (Temminck & Schlegel, 1843)",,,25.1342,121.7435,2018-11-01,2018,11,,1,GBIF
眼眶魚,Mene maculata,,Actinopterygii,23.44,119.59,2003/11/20 00:00:00,2003,11,,1,臺灣周邊底拖網調查資料集
眼眶魚,Mene maculata,,Actinopterygii,22.58,120.29,1978-08-19,1978,8,,1,台灣水產試驗所－近海與外海標本數位典藏
眼眶魚,Mene maculata,,Actinopterygii,23.05,121.23,1978-12-15,1978,12,,1,台灣水產試驗所－近海與外海標本數位典藏
眼眶魚,Mene maculata,,Actinopterygii,23.05,121.23,1985-05-15,1985,5,,1,台灣水產試驗所－近海與外海標本數位典藏
眼眶魚,Mene maculata,,Actinopterygii,23.05,121.23,2005-05-11,2005,5,,1,台灣水產試驗所－近海與外海標本數位典藏
眼眶魚,Mene maculata,,Actinopterygii,23.05,121.24,2007-08-21,2007,8,,1,台灣水產試驗所－近海與外海標本數位典藏
眼眶魚,Mene maculata,,Actinopterygii,22.48,120.46,1983-11-12,1983,11,,1,國立臺灣博物館
眼眶魚,Mene maculata,,Actinopterygii,22.58,120.29,1946-08-01,1946,8,,1,國立臺灣博物館
眼眶魚,Mene maculata,,Actinopterygii,24.94,121.9,1985-08-08,1985,8,,1,國立臺灣博物館
眼眶魚,Mene maculata,,Actinopterygii,23.13,120.2,1952-06-01,1952,6,,1,國立臺灣博物館
眼眶魚,Mene maculata,眼眶魚,Actinopterygii,22.47,120.43,2010-08-18,2010,8,,1,國立海洋生物博物館
眼眶魚,Mene maculata,,Actinopterygii,21.91,120.84,2002-07-17,2002,7,,1,臺灣魚類資料庫
眼眶魚,Mene maculata,,Actinopterygii,22.47,120.43,2004-08-15,2004,8,,1,臺灣魚類資料庫
眼眶魚,Mene maculata,,Actinopterygii,23.94,121.61,2005-04-26,2005,4,,1,臺灣魚類資料庫
眼眶魚,Mene maculata,,Actinopterygii,25.3,121.56,2000-08-19,2000,8,,1,臺灣魚類資料庫
眼眶魚,Mene maculata,,Actinopterygii,23.44,119.59,2003-11-20,2003,11,,1,臺灣魚類資料庫
眼眶魚,Mene maculata,,Actinopterygii,24.58,121.86,1969-08-18,1969,8,,1,臺灣魚類資料庫
眼眶魚,Mene maculata,,Actinopterygii,22.46,120.46,1991-01-17,1991,1,,1,國立海洋科技博物館
眼眶魚,"Mene maculata (Bloch & Schneider, 1801)",,,23.653,119.6121,2025-01-19T09:11:21,2025,1,,1,GBIF
眼眶魚,"Mene maculata (Bloch & Schneider, 1801)",,,24.4974,121.8426,2025-12-18T17:25,2025,12,,1,GBIF
眼眶魚,"Mene maculata (Bloch & Schneider, 1801)",,,22.3403,120.3598,2024-05-26T21:41,2024,5,,1,GBIF
眼眶魚,"Mene maculata (Bloch & Schneider, 1801)",,,25.1352,121.8753,2024-07-02T20:01,2024,7,,1,GBIF
眼眶魚,"Mene maculata (Bloch & Schneider, 1801)",,,24.7773,118.774,2024-10-16T18:23:55,2024,10,,1,GBIF
眼眶魚,"Mene maculata (Bloch & Schneider, 1801)",,,24.5491,118.103,2023-12-08T19:57:15,2023,12,,1,GBIF
眼眶魚,"Mene maculata (Bloch & Schneider, 1801)",,,24.1982,119.7601,2022-06-01,2022,6,,1,GBIF
眼眶魚,"Mene maculata (Bloch & Schneider, 1801)",,,24.2454,120.2777,2022-06-01,2022,6,,1,GBIF
眼眶魚,"Mene maculata (Bloch & Schneider, 1801)",,,24.6237,120.6916,2022-07-01,2022,7,,1,GBIF
眼眶魚,"Mene maculata (Bloch & Schneider, 1801)",,,23.6488,120.0539,2022-07-12,2022,7,,1,GBIF
眼眶魚,"Mene maculata (Bloch & Schneider, 1801)",,,24.0741,119.6122,2022-07-27,2022,7,,1,GBIF
眼眶魚,"Mene maculata (Bloch & Schneider, 1801)",,,24.195,119.8185,2022-08-01,2022,8,,1,GBIF
眼眶魚,"Mene maculata (Bloch & Schneider, 1801)",,,24.1982,119.7601,2022-08-01,2022,8,,1,GBIF
眼眶魚,"Mene maculata (Bloch & Schneider, 1801)",,,24.3887,120.1376,2022-10-01,2022,10,,1,GBIF
眼眶魚,"Mene maculata (Bloch & Schneider, 1801)",,,24.4112,120.0178,2022-10-01,2022,10,,1,GBIF
眼眶魚,"Mene maculata (Bloch & Schneider, 1801)",,,24.3372,120.1916,2022-10-01,2022,10,,1,GBIF
眼眶魚,"Mene maculata (Bloch & Schneider, 1801)",,,23.6488,120.0539,2021-05-07,2021,5,,1,GBIF
眼眶魚,"Mene maculata (Bloch & Schneider, 1801)",,,24.2021,120.2825,2021-05-21,2021,5,,1,GBIF
眼眶魚,"Mene maculata (Bloch & Schneider, 1801)",,,24.9411,121.9014,2021-06-26T22:00,2021,6,,1,GBIF
眼眶魚,"Mene maculata (Bloch & Schneider, 1801)",,,22.8375,121.1891,2021-06-09,2021,6,,1,GBIF
眼眶魚,"Mene maculata (Bloch & Schneider, 1801)",,,24.7121,120.784,2021-07-10,2021,7,,1,GBIF
眼眶魚,"Mene maculata (Bloch & Schneider, 1801)",,,23.6488,120.0539,2021-07-08,2021,7,,1,GBIF
眼眶魚,"Mene maculata (Bloch & Schneider, 1801)",,,24.2684,119.8368,2021-08-12,2021,8,,1,GBIF
眼眶魚,"Mene maculata (Bloch & Schneider, 1801)",,,24.1916,119.9219,2021-08-01,2021,8,,1,GBIF
眼眶魚,"Mene maculata (Bloch & Schneider, 1801)",,,24.5269,120.2252,2021-08-22,2021,8,,1,GBIF
眼眶魚,"Mene maculata (Bloch & Schneider, 1801)",,,23.9312,119.6506,2021-08-30,2021,8,,1,GBIF
眼眶魚,"Mene maculata (Bloch & Schneider, 1801)",,,22.8381,121.1894,2021-09-07,2021,9,,1,GBIF
眼眶魚,"Mene maculata (Bloch & Schneider, 1801)",,,23.9274,120.0607,2021-11-15,2021,11,,1,GBIF
眼眶魚,"Mene maculata (Bloch & Schneider, 1801)",,,24.1169,119.9395,2020-03-19,2020,3,,1,GBIF
眼眶魚,"Mene maculata (Bloch & Schneider, 1801)",,,23.6488,120.0539,2020-04-15,2020,4,,1,GBIF
眼眶魚,"Mene maculata (Bloch & Schneider, 1801)",,,25.0503,121.0162,2020-04-24,2020,4,,1,GBIF
眼眶魚,"Mene maculata (Bloch & Schneider, 1801)",,,24.758,120.7472,2020-05-15,2020,5,,1,GBIF
眼眶魚,"Mene maculata (Bloch & Schneider, 1801)",,,24.7608,120.6683,2020-05-15,2020,5,,1,GBIF
眼眶魚,"Mene maculata (Bloch & Schneider, 1801)",,,24.7844,120.8135,2020-05-16,2020,5,,1,GBIF
眼眶魚,"Mene maculata (Bloch & Schneider, 1801)",,,24.73,120.7905,2020-06-11,2020,6,,1,GBIF
眼眶魚,"Mene maculata (Bloch & Schneider, 1801)",,,23.6488,120.0539,2020-06-02,2020,6,,1,GBIF
眼眶魚,"Mene maculata (Bloch & Schneider, 1801)",,,24.7464,120.8576,2020-07-01,2020,7,,1,GBIF
眼眶魚,"Mene maculata (Bloch & Schneider, 1801)",,,24.7608,120.6683,2020-07-01,2020,7,,1,GBIF
眼眶魚,"Mene maculata (Bloch & Schneider, 1801)",,,24.6478,120.5847,2020-07-01,2020,7,,1,GBIF
眼眶魚,"Mene maculata (Bloch & Schneider, 1801)",,,22.5468,120.162,2020-07-02,2020,7,,1,GBIF
眼眶魚,"Mene maculata (Bloch & Schneider, 1801)",,,24.8862,120.7092,2020-08-13,2020,8,,1,GBIF
眼眶魚,"Mene maculata (Bloch & Schneider, 1801)",,,24.2655,119.8509,2020-08-13,2020,8,,1,GBIF
眼眶魚,"Mene maculata (Bloch & Schneider, 1801)",,,24.236,119.8351,2020-08-13,2020,8,,1,GBIF
眼眶魚,"Mene maculata (Bloch & Schneider, 1801)",,,23.1897,120.0859,2019-12-02T13:47,2019,12,,1,GBIF
眼眶魚,"Mene maculata (Bloch & Schneider, 1801)",,,24.472,120.1062,2018-06-29,2018,6,,1,GBIF
眼眶魚,"Mene maculata (Bloch & Schneider, 1801)",,,24.219,120.4362,2018-06-25,2018,6,,1,GBIF
眼眶魚,"Mene maculata (Bloch & Schneider, 1801)",,,24.1666,121.6585,2017-05-27T05:40,2017,5,,1,GBIF
眼眶魚,"Mene maculata (Bloch & Schneider, 1801)",,,24.3516,119.9117,2016-08-31,2016,8,,1,GBIF
石斑,BOLD:AAC2809,,,25.5,119.76,2018-01-06,2018,1,,1,GBIF
石斑,BOLD:AAC2809,,,25.2,118.89,2017-05-18,2017,5,,1,GBIF
石斑,BOLD:AAC2809,,,24.9,118.89,2017-07-20,2017,7,,1,GBIF
石斑,BOLD:AAC2809,,,24.48,118.1,2017-09-06,2017,9,,1,GBIF
石斑,BOLD:AAF0829,,,25.5,119.76,2018-01-06,2018,1,,1,GBIF
石斑,BOLD:AAF0829,,,25.2,118.89,2017-05-18,2017,5,,1,GBIF
石斑,BOLD:AAF0829,,,24.9,118.89,2017-07-20,2017,7,,1,GBIF
石斑,BOLD:AAF0829,,,24.48,118.1,2017-09-06,2017,9,,1,GBIF
石斑,Epinephelus akaara,,Actinopterygii,22.58,120.29,1975-09-16,1975,9,,1,臺灣魚類資料庫
石斑,Epinephelus akaara,,Actinopterygii,25.16,121.76,1981-02-24,1981,2,,1,臺灣魚類資料庫
石斑,Epinephelus akaara,,Actinopterygii,24.26,120.51,1990-03-27,1990,3,,1,國立海洋科技博物館
石斑,"Epinephelus akaara (Temminck & Schlegel, 1842)",,,24.8931,119.4167,2022-05-17T15:17,2022,5,,1,GBIF
石斑,"Epinephelus akaara (Temminck & Schlegel, 1842)",,,23.1029,120.1523,2020-05-15T13:34,2020,5,,1,GBIF
石斑,"Epinephelus akaara (Temminck & Schlegel, 1842)",,,23.0112,120.1112,2020-09-12T13:40,2020,9,,1,GBIF
石斑,Epinephelus amblycephalus,,Actinopterygii,25.16,121.76,1954-09-05,1954,9,,1,台灣水產試驗所－近海與外海標本數位典藏
石斑,Epinephelus amblycephalus,,Actinopterygii,22.57,121.2,2006-08-17,2006,8,,1,台灣水產試驗所－近海與外海標本數位典藏
石斑,Epinephelus amblycephalus,,Actinopterygii,22.48,120.46,1997-01-01,1997,1,,1,國立臺灣博物館
石斑,Epinephelus amblycephalus,鑲點石斑魚,Actinopterygii,24.58,121.86,2010-07-26,2010,7,,1,國立海洋生物博物館
石斑,Epinephelus amblycephalus,,Actinopterygii,22.01,120.74,1987-09-27,1987,9,,1,臺灣魚類資料庫
石斑,Epinephelus amblycephalus,,Actinopterygii,22.47,120.43,1989-11-04,1989,11,,1,臺灣魚類資料庫
石斑,Epinephelus amblycephalus,,Actinopterygii,24.94,121.9,1998-12-30,1998,12,,1,臺灣魚類資料庫
石斑,Epinephelus amblycephalus,,Actinopterygii,23.57,119.56,1980-08-30,1980,8,,1,臺灣魚類資料庫
石斑,Epinephelus amblycephalus,,Actinopterygii,22.46,120.46,1990-08-28,1990,8,,1,國立海洋科技博物館
石斑,Epinephelus anvina,,Actinopterygii,24.06,120.43,1988-11-29,1988,11,,1,臺灣魚類資料庫
石斑,Epinephelus areolatus,,Actinopterygii,24.83,120.39,2002/6/5 00:00:00,2002,6,,1,臺灣周邊底拖網調查資料集
石斑,Epinephelus areolatus,,Actinopterygii,25.16,121.76,1956-07-02,1956,7,,1,台灣水產試驗所－近海與外海標本數位典藏
石斑,Epinephelus areolatus,,Actinopterygii,23.05,121.23,1985-01-17,1985,1,,1,台灣水產試驗所－近海與外海標本數位典藏
石斑,Epinephelus areolatus,,Actinopterygii,23.1,121.22,2006-03-16,2006,3,,1,台灣水產試驗所－近海與外海標本數位典藏
石斑,Epinephelus areolatus,寶石石斑魚,Actinopterygii,21.94,120.74,2008-02-23,2008,2,,1,國立海洋生物博物館
石斑,Epinephelus areolatus,,Actinopterygii,22.47,120.43,2004-08-17,2004,8,,1,臺灣魚類資料庫
石斑,Epinephelus areolatus,,Actinopterygii,23.55,119.56,2006-09-07,2006,9,,1,臺灣魚類資料庫
石斑,Epinephelus areolatus,,Actinopterygii,22.47,120.43,2007-10-03,2007,10,,1,臺灣魚類資料庫
石斑,Epinephelus areolatus,,Actinopterygii,24.83,120.39,2002-06-05,2002,6,,1,臺灣魚類資料庫
石斑,Epinephelus areolatus,,Actinopterygii,23.57,119.56,1975-07-18,1975,7,,1,臺灣魚類資料庫
石斑,Epinephelus areolatus,,Actinopterygii,22.01,120.74,1980-02-26,1980,2,,1,臺灣魚類資料庫
石斑,Epinephelus areolatus,,Actinopterygii,25.2,121.67,2002-02-27,2002,2,,1,臺灣魚類資料庫
石斑,Epinephelus areolatus,,Actinopterygii,22.46,120.46,1991-06-05,1991,6,,1,國立海洋科技博物館
石斑,Epinephelus areolatus,,Actinopterygii,24.52,120.64,2002-02-04,2002,2,,1,國立海洋科技博物館
石斑,"Epinephelus areolatus (Forsskål, 1775)",,,25.1145,121.9187,2024-07-06T17:33,2024,7,,1,GBIF
石斑,"Epinephelus areolatus (Forsskål, 1775)",,,25.1151,121.9198,2024-07-05T17:34,2024,7,,1,GBIF
石斑,"Epinephelus areolatus (Forsskål, 1775)",,,25.122,121.9,2024-08-31T13:24,2024,8,,1,GBIF
石斑,Epinephelus awoara,,,23.1857,119.7549,2018-04-14T22Z,2018,4,,1,2016-2019年台江國家公園拖網調查
石斑,Epinephelus awoara,,Actinopterygii,22.58,120.29,1945-01-01,1945,1,,1,國立臺灣博物館
石斑,Epinephelus awoara,青石斑魚,Actinopterygii,24.06,120.43,,,,,1,國立海洋生物博物館
石斑,Epinephelus awoara,,Actinopterygii,22.47,120.43,2005-03-10,2005,3,,1,臺灣魚類資料庫
石斑,Epinephelus awoara,,Actinopterygii,24.94,121.9,2007-11-13,2007,11,,1,臺灣魚類資料庫
石斑,Epinephelus awoara,,Actinopterygii,22.58,120.29,1976-09-16,1976,9,,1,臺灣魚類資料庫
石斑,Epinephelus awoara,,Actinopterygii,25.21,121.69,1978-03-03,1978,3,,1,臺灣魚類資料庫
石斑,Epinephelus awoara,,Actinopterygii,22.58,120.29,1980-08-08,1980,8,,1,臺灣魚類資料庫
石斑,Epinephelus awoara,,Actinopterygii,25.16,121.76,1981-10-29,1981,10,,1,臺灣魚類資料庫
石斑,Epinephelus awoara,,Actinopterygii,25.05,121.6,1996-09-10,1996,9,,1,臺灣魚類資料庫
石斑,Epinephelus awoara,,Actinopterygii,24.05,120.43,1990-03-27,1990,3,,1,國立海洋科技博物館
石斑,Epinephelus awoara,,Actinopterygii,22.28,120.44,2002-02-04,2002,2,,1,國立海洋科技博物館
石斑,"Epinephelus awoara (Temminck & Schlegel, 1842)",,,23.7852,119.5902,2026-05-22T14:03:59,2026,5,,1,GBIF
石斑,"Epinephelus awoara (Temminck & Schlegel, 1842)",,,26.8824,120.2548,2025-01-18T12:05:52,2025,1,,1,GBIF
石斑,"Epinephelus awoara (Temminck & Schlegel, 1842)",,,24.9119,118.6048,2024-01-24T11:11:55,2024,1,,1,GBIF
石斑,"Epinephelus awoara (Temminck & Schlegel, 1842)",,,24.4845,120.1426,2023-07-12,2023,7,,1,GBIF
石斑,"Epinephelus awoara (Temminck & Schlegel, 1842)",,,25.1701,121.4262,2022-02-11,2022,2,,1,GBIF
石斑,"Epinephelus awoara (Temminck & Schlegel, 1842)",,,25.173,121.4213,2021-04-16,2021,4,,1,GBIF
石斑,"Epinephelus awoara (Temminck & Schlegel, 1842)",,,25.1733,121.4198,2021-08-05,2021,8,,1,GBIF
石斑,"Epinephelus awoara (Temminck & Schlegel, 1842)",,,23.1897,120.0859,2020-05-15T13:35,2020,5,,1,GBIF
石斑,"Epinephelus awoara (Temminck & Schlegel, 1842)",,,24.736,120.8482,2020-08-16T14:20:41,2020,8,,1,GBIF
石斑,"Epinephelus awoara (Temminck & Schlegel, 1842)",,,25.173,121.4213,2020-10-16,2020,10,,1,GBIF
石斑,"Epinephelus awoara (Temminck & Schlegel, 1842)",,,23.1896,120.0858,2020-12-11T13:40,2020,12,,1,GBIF
石斑,"Epinephelus awoara (Temminck & Schlegel, 1842)",,,23.1896,120.0858,2020-12-09T13:37,2020,12,,1,GBIF
石斑,"Epinephelus awoara (Temminck & Schlegel, 1842)",,,24.273,120.437,2019-11-17,2019,11,,1,GBIF
石斑,"Epinephelus awoara (Temminck & Schlegel, 1842)",,,23.1897,120.0859,2019-12-23T13:24,2019,12,,1,GBIF
石斑,"Epinephelus awoara (Temminck & Schlegel, 1842)",,,25.5,119.76,2018-01-06,2018,1,,1,GBIF
石斑,"Epinephelus awoara (Temminck & Schlegel, 1842)",,,25.2,118.89,2017-05-18,2017,5,,1,GBIF
石斑,"Epinephelus awoara (Temminck & Schlegel, 1842)",,,24.9,118.89,2017-07-20,2017,7,,1,GBIF
石斑,"Epinephelus awoara (Temminck & Schlegel, 1842)",,,24.48,118.1,2017-09-06,2017,9,,1,GBIF
石斑,"Epinephelus awoara (Temminck & Schlegel, 1842)",,,24.4798,118.0894,2016-01-02,2016,1,,1,GBIF
石斑,Epinephelus bleekeri,,Actinopterygii,24.76,120.35,2002/9/2 00:00:00,2002,9,,1,臺灣周邊底拖網調查資料集
石斑,Epinephelus bleekeri,布氏石斑魚,Actinopterygii,25.16,121.76,2009-12-02,2009,12,,1,國立海洋生物博物館
石斑,Epinephelus bleekeri,,Actinopterygii,24.75,120.36,2002-09-02,2002,9,,1,臺灣魚類資料庫
石斑,Epinephelus bleekeri,,Actinopterygii,22.47,120.43,2007-10-03,2007,10,,1,臺灣魚類資料庫
石斑,Epinephelus bleekeri,,Actinopterygii,24.76,120.35,2002-09-02,2002,9,,1,臺灣魚類資料庫
石斑,Epinephelus bleekeri,,Actinopterygii,23.57,119.56,1975-07-18,1975,7,,1,臺灣魚類資料庫
石斑,Epinephelus bleekeri,,Actinopterygii,25.16,121.76,1988-02-05,1988,2,,1,臺灣魚類資料庫
石斑,"Epinephelus bleekeri (Vaillant, 1878)",,,25.1211,121.4269,2021-04-16,2021,4,,1,GBIF
石斑,Epinephelus bontoides,,Actinopterygii,22.47,120.43,2007-10-03,2007,10,,1,臺灣魚類資料庫
石斑,"Epinephelus bontoides (Bleeker, 1855)",,,22.0555,120.7012,2025-11-09T08:13:28,2025,11,,1,GBIF
石斑,"Epinephelus bontoides (Bleeker, 1855)",,,23.4995,121.5631,2023-11-06T14:54,2023,11,,1,GBIF
石斑,"Epinephelus bontoides (Bleeker, 1855)",,,22.5132,120.3088,2020-12-01,2020,12,,1,GBIF
石斑,"Epinephelus bontoides (Bleeker, 1855)",,,25.0503,121.0162,2017-08-09,2017,8,,1,GBIF
石斑,Epinephelus bruneus,,Actinopterygii,22.57,121.19,2007-02-27,2007,2,,1,台灣水產試驗所－近海與外海標本數位典藏
石斑,Epinephelus bruneus,,Actinopterygii,22.01,120.74,1984-06-10,1984,6,,1,國立臺灣博物館
石斑,Epinephelus bruneus,,Actinopterygii,25.2,121.67,1978-10-04,1978,10,,1,臺灣魚類資料庫
石斑,Epinephelus bruneus,,Actinopterygii,22.01,120.74,1982-05-16,1982,5,,1,臺灣魚類資料庫
石斑,Epinephelus caeruleopunctatus,,Actinopterygii,25.16,121.76,1953-05-01,1953,5,,1,台灣水產試驗所－近海與外海標本數位典藏
石斑,Epinephelus caeruleopunctatus,,Actinopterygii,22.01,120.74,1975-05-24,1975,5,,1,臺灣魚類資料庫
石斑,Epinephelus caeruleopunctatus,,Actinopterygii,22.01,120.74,1978-02-18,1978,2,,1,臺灣魚類資料庫
石斑,Epinephelus caeruleopunctatus,,Actinopterygii,22.1,121.6,1978-08-18,1978,8,,1,臺灣魚類資料庫
石斑,Epinephelus caeruleopunctatus,,Actinopterygii,25.2,121.67,1977-07-15,1977,7,,1,臺灣魚類資料庫
石斑,Epinephelus caeruleopunctatus,,Actinopterygii,25.2,121.67,1977-08-11,1977,8,,1,臺灣魚類資料庫
石斑,Epinephelus caeruleopunctatus,,Actinopterygii,22.51,120.68,1990-03-14,1990,3,,1,國立海洋科技博物館
石斑,Epinephelus chlorostigma,,Actinopterygii,22.06,121.51,1979-01-15,1979,1,,1,台灣水產試驗所－近海與外海標本數位典藏
石斑,Epinephelus chlorostigma,,Actinopterygii,23.01,121.23,2007-01-02,2007,1,,1,台灣水產試驗所－近海與外海標本數位典藏
石斑,Epinephelus chlorostigma,,Actinopterygii,23.05,121.24,2006-08-16,2006,8,,1,台灣水產試驗所－近海與外海標本數位典藏
石斑,Epinephelus chlorostigma,,Actinopterygii,25.16,121.76,1951-11-16,1951,11,,1,國立臺灣博物館
石斑,Epinephelus chlorostigma,,Actinopterygii,21.94,120.73,2004-04-22,2004,4,,1,臺灣魚類資料庫
石斑,Epinephelus chlorostigma,,Actinopterygii,22.58,120.29,1977-03-31,1977,3,,1,臺灣魚類資料庫
石斑,Epinephelus chlorostigma,,Actinopterygii,23.57,119.56,1979-05-01,1979,5,,1,臺灣魚類資料庫
石斑,Epinephelus coeruleopunctatus,,Actinopterygii,23.05,121.23,1987-06-15,1987,6,,1,台灣水產試驗所－近海與外海標本數位典藏
石斑,Epinephelus coeruleopunctatus,,Actinopterygii,23.19,121.18,2006-01-12,2006,1,,1,台灣水產試驗所－近海與外海標本數位典藏
石斑,Epinephelus coeruleopunctatus,,Actinopterygii,23.05,121.24,2007-09-05,2007,9,,1,台灣水產試驗所－近海與外海標本數位典藏
石斑,Epinephelus coeruleopunctatus,,Actinopterygii,23.05,121.22,2008/3/25,2008,3,,1,台灣水產試驗所－近海與外海標本數位典藏
石斑,Epinephelus coeruleopunctatus,,Actinopterygii,23.1,121.25,2009/1/19,2009,1,,1,台灣水產試驗所－近海與外海標本數位典藏
石斑,Epinephelus coeruleopunctatus,藍點石斑魚,Actinopterygii,21.94,120.74,2008-04-26,2008,4,,1,國立海洋生物博物館
石斑,"Epinephelus coeruleopunctatus (Bloch, 1790)",,,22.0077,121.5945,2025-08-25T18:07,2025,8,,1,GBIF
石斑,"Epinephelus coeruleopunctatus (Bloch, 1790)",,,25.2973,121.5687,2024-07-07T14:43,2024,7,,1,GBIF
石斑,"Epinephelus coeruleopunctatus (Bloch, 1790)",,,23.6537,119.6146,2023-08-03T17:56,2023,8,,1,GBIF
石斑,"Epinephelus coeruleopunctatus (Bloch, 1790)",,,25.1472,121.7943,2023-09-09T13:23,2023,9,,1,GBIF
石斑,Epinephelus coioides,,Actinopterygii,23.38,119.77,2003/7/21 00:00:00,2003,7,,1,臺灣周邊底拖網調查資料集
石斑,Epinephelus coioides,,Actinopterygii,22.48,120.46,1985-12-16,1985,12,,1,國立臺灣博物館
石斑,Epinephelus coioides,點帶石斑魚,Actinopterygii,21.94,120.74,2009-11-21,2009,11,,1,國立海洋生物博物館
石斑,Epinephelus coioides,,Actinopterygii,25.16,121.76,2004-11-03,2004,11,,1,臺灣魚類資料庫
石斑,Epinephelus coioides,,Actinopterygii,23.55,119.56,2006-09-06,2006,9,,1,臺灣魚類資料庫
石斑,Epinephelus coioides,,Actinopterygii,24.47,120.62,2006-09-20,2006,9,,1,臺灣魚類資料庫
石斑,Epinephelus coioides,,Actinopterygii,23.38,119.77,2003-07-21,2003,7,,1,臺灣魚類資料庫
石斑,Epinephelus coioides,,Actinopterygii,22.58,120.29,1980-08-07,1980,8,,1,臺灣魚類資料庫
石斑,Epinephelus coioides,,Actinopterygii,22.58,120.29,1987-10-23,1987,10,,1,臺灣魚類資料庫
石斑,Epinephelus coioides,,Actinopterygii,22.58,120.29,1987-12-16,1987,12,,1,臺灣魚類資料庫
石斑,"Epinephelus coioides (Hamilton, 1822)",,,22.4684,120.4412,2026-02-22T10:57:23,2026,2,,1,GBIF
石斑,"Epinephelus coioides (Hamilton, 1822)",,,22.4699,120.436,2026-03-29T19:41,2026,3,,1,GBIF
石斑,"Epinephelus coioides (Hamilton, 1822)",,,22.4688,120.4454,2026-04-15T21:53:51,2026,4,,1,GBIF
石斑,"Epinephelus coioides (Hamilton, 1822)",,,22.4554,120.4737,2026-04-25T15:59:15,2026,4,,1,GBIF
石斑,"Epinephelus coioides (Hamilton, 1822)",,,23.2433,120.0928,2025-05-12T15:37:54,2025,5,,1,GBIF
石斑,"Epinephelus coioides (Hamilton, 1822)",,,23.3282,120.1594,2025-06-12T09:27:39,2025,6,,1,GBIF
石斑,"Epinephelus coioides (Hamilton, 1822)",,,25.1108,121.4649,2025-06-14T17:23:23,2025,6,,1,GBIF
石斑,"Epinephelus coioides (Hamilton, 1822)",,,24.0356,119.6096,2025-07-15T00:00,2025,7,,1,GBIF
石斑,"Epinephelus coioides (Hamilton, 1822)",,,25.1105,121.4651,2025-08-25T13:03:42,2025,8,,1,GBIF
石斑,"Epinephelus coioides (Hamilton, 1822)",,,25.1174,121.4584,2025-08-25T16:20:03,2025,8,,1,GBIF
石斑,"Epinephelus coioides (Hamilton, 1822)",,,25.1164,121.4588,2025-08-25T17:59:30,2025,8,,1,GBIF
石斑,"Epinephelus coioides (Hamilton, 1822)",,,22.4873,120.4991,2025-08-22T11:12,2025,8,,1,GBIF
石斑,"Epinephelus coioides (Hamilton, 1822)",,,22.4545,120.4778,2025-09-27T17:58:26,2025,9,,1,GBIF
石斑,"Epinephelus coioides (Hamilton, 1822)",,,22.4517,120.4796,2025-10-05T11:27:59,2025,10,,1,GBIF
石斑,"Epinephelus coioides (Hamilton, 1822)",,,23.4041,120.1532,2025-10-02T13:43:55,2025,10,,1,GBIF
石斑,"Epinephelus coioides (Hamilton, 1822)",,,24.7779,118.7738,2025-11-01T20:05:41,2025,11,,1,GBIF
石斑,"Epinephelus coioides (Hamilton, 1822)",,,22.4532,120.4796,2025-11-01T21:28:53,2025,11,,1,GBIF
石斑,"Epinephelus coioides (Hamilton, 1822)",,,22.4518,120.4796,2025-11-06T20:35:42,2025,11,,1,GBIF
石斑,"Epinephelus coioides (Hamilton, 1822)",,,22.0552,120.7021,2025-11-09T09:00:14,2025,11,,1,GBIF
石斑,"Epinephelus coioides (Hamilton, 1822)",,,22.6935,120.2356,2024-03-23T23:26:34,2024,3,,1,GBIF
石斑,"Epinephelus coioides (Hamilton, 1822)",,,22.788,120.2946,2024-03-23T23:34:17,2024,3,,1,GBIF
石斑,"Epinephelus coioides (Hamilton, 1822)",,,22.6266,120.384,2024-03-23T23:34:22,2024,3,,1,GBIF
石斑,"Epinephelus coioides (Hamilton, 1822)",,,22.651,120.33,2024-03-16T02:56:30,2024,3,,1,GBIF
石斑,"Epinephelus coioides (Hamilton, 1822)",,,25.146,121.8061,2024-04-22T10:13:22,2024,4,,1,GBIF
石斑,"Epinephelus coioides (Hamilton, 1822)",,,23.0011,120.1398,2024-06-30T14:47:47,2024,6,,1,GBIF
石斑,"Epinephelus coioides (Hamilton, 1822)",,,23.4391,120.1467,2024-07-21T11:31:01,2024,7,,1,GBIF
石斑,"Epinephelus coioides (Hamilton, 1822)",,,23.3996,119.3221,2024-08-24T10:46:19,2024,8,,1,GBIF
石斑,"Epinephelus coioides (Hamilton, 1822)",,,24.2919,120.5125,2024-08-25T06:45:18,2024,8,,1,GBIF
石斑,"Epinephelus coioides (Hamilton, 1822)",,,25.1444,121.8057,2023-06-23T17:53,2023,6,,1,GBIF
石斑,"Epinephelus coioides (Hamilton, 1822)",,,23.1013,120.0447,2023-09-21T16:12:36,2023,9,,1,GBIF
石斑,"Epinephelus coioides (Hamilton, 1822)",,,21.9292,120.7457,2023-10-30T09:58:10,2023,10,,1,GBIF
石斑,"Epinephelus coioides (Hamilton, 1822)",,,21.943,120.7534,2023-10-20T15:53,2023,10,,1,GBIF
石斑,"Epinephelus coioides (Hamilton, 1822)",,,23.1346,120.0717,2022-01-12,2022,1,,1,GBIF
石斑,"Epinephelus coioides (Hamilton, 1822)",,,25.1481,121.3873,2022-02-18,2022,2,,1,GBIF
石斑,"Epinephelus coioides (Hamilton, 1822)",,,23.1346,120.0717,2022-02-01,2022,2,,1,GBIF
石斑,"Epinephelus coioides (Hamilton, 1822)",,,23.1346,120.0717,2022-03-08,2022,3,,1,GBIF
石斑,"Epinephelus coioides (Hamilton, 1822)",,,23.1346,120.0717,2022-04-30,2022,4,,1,GBIF
石斑,"Epinephelus coioides (Hamilton, 1822)",,,23.1346,120.0717,2022-04-03,2022,4,,1,GBIF
石斑,"Epinephelus coioides (Hamilton, 1822)",,,23.1346,120.0717,2022-06-09,2022,6,,1,GBIF
石斑,"Epinephelus coioides (Hamilton, 1822)",,,23.1346,120.0717,2022-08-24,2022,8,,1,GBIF
石斑,"Epinephelus coioides (Hamilton, 1822)",,,23.1346,120.0717,2022-08-14,2022,8,,1,GBIF
石斑,"Epinephelus coioides (Hamilton, 1822)",,,23.1346,120.0717,2022-09-04,2022,9,,1,GBIF
石斑,"Epinephelus coioides (Hamilton, 1822)",,,23.0814,120.0633,2022-10-16T13:34:52,2022,10,,1,GBIF
石斑,"Epinephelus coioides (Hamilton, 1822)",,,23.1435,120.0765,2022-10-17T11:54,2022,10,,1,GBIF
石斑,"Epinephelus coioides (Hamilton, 1822)",,,23.1346,120.0717,2022-10-11,2022,10,,1,GBIF
石斑,"Epinephelus coioides (Hamilton, 1822)",,,22.6163,120.2863,2022-11-02T23:28:43,2022,11,,1,GBIF
石斑,"Epinephelus coioides (Hamilton, 1822)",,,23.0576,120.0779,2022-11-09,2022,11,,1,GBIF
石斑,"Epinephelus coioides (Hamilton, 1822)",,,23.1346,120.0717,2022-11-28,2022,11,,1,GBIF
石斑,"Epinephelus coioides (Hamilton, 1822)",,,23.1346,120.0717,2022-11-11,2022,11,,1,GBIF
石斑,"Epinephelus coioides (Hamilton, 1822)",,,23.1346,120.0717,2022-12-13,2022,12,,1,GBIF
石斑,"Epinephelus coioides (Hamilton, 1822)",,,23.0816,120.063,2021-02-19T15:12,2021,2,,1,GBIF
石斑,"Epinephelus coioides (Hamilton, 1822)",,,24.6697,120.8219,2021-03-27T17:38:41,2021,3,,1,GBIF
石斑,"Epinephelus coioides (Hamilton, 1822)",,,25.1735,121.4199,2021-04-16T08:01Z,2021,4,,1,GBIF
石斑,"Epinephelus coioides (Hamilton, 1822)",,,25.1419,121.8113,2021-05-15T18:25:50,2021,5,,1,GBIF
石斑,"Epinephelus coioides (Hamilton, 1822)",,,24.6044,120.5578,2021-06-24,2021,6,,1,GBIF
石斑,"Epinephelus coioides (Hamilton, 1822)",,,23.1245,120.074,2021-08-12,2021,8,,1,GBIF
石斑,"Epinephelus coioides (Hamilton, 1822)",,,23.6488,120.0539,2021-09-30,2021,9,,1,GBIF
石斑,"Epinephelus coioides (Hamilton, 1822)",,,23.1346,120.0717,2021-09-15,2021,9,,1,GBIF
石斑,"Epinephelus coioides (Hamilton, 1822)",,,23.1346,120.0717,2021-10-15,2021,10,,1,GBIF
石斑,"Epinephelus coioides (Hamilton, 1822)",,,23.1346,120.0717,2021-11-16,2021,11,,1,GBIF
石斑,"Epinephelus coioides (Hamilton, 1822)",,,23.1346,120.0717,2021-11-10,2021,11,,1,GBIF
石斑,"Epinephelus coioides (Hamilton, 1822)",,,23.1346,120.0717,2021-12-02,2021,12,,1,GBIF
石斑,"Epinephelus coioides (Hamilton, 1822)",,,23.1346,120.0717,2021-12-27,2021,12,,1,GBIF
石斑,"Epinephelus coioides (Hamilton, 1822)",,,23.5326,120.0211,2020-04-15,2020,4,,1,GBIF
石斑,"Epinephelus coioides (Hamilton, 1822)",,,23.6031,120.0334,2020-04-15,2020,4,,1,GBIF
石斑,"Epinephelus coioides (Hamilton, 1822)",,,21.9915,120.7055,2020-05-15T09:18,2020,5,,1,GBIF
石斑,"Epinephelus coioides (Hamilton, 1822)",,,24.7608,120.6683,2020-07-17,2020,7,,1,GBIF
石斑,"Epinephelus coioides (Hamilton, 1822)",,,23.1897,120.0859,2020-09-09T13:40,2020,9,,1,GBIF
石斑,"Epinephelus coioides (Hamilton, 1822)",,,23.1896,120.0858,2020-11-26T13:36,2020,11,,1,GBIF
石斑,"Epinephelus coioides (Hamilton, 1822)",,,23.0786,120.0417,2019-04-27T10:56,2019,4,,1,GBIF
石斑,"Epinephelus coioides (Hamilton, 1822)",,,25.2179,121.3606,2019-04-18,2019,4,,1,GBIF
石斑,"Epinephelus coioides (Hamilton, 1822)",,,23.1245,120.074,2019-07-09,2019,7,,1,GBIF
石斑,"Epinephelus coioides (Hamilton, 1822)",,,23.1897,120.0859,2019-12-09T13:36,2019,12,,1,GBIF
石斑,"Epinephelus coioides (Hamilton, 1822)",,,23.1245,120.074,2018-03-22,2018,3,,1,GBIF
石斑,"Epinephelus coioides (Hamilton, 1822)",,,23.1438,120.0763,2018-05-21,2018,5,,1,GBIF
石斑,"Epinephelus coioides (Hamilton, 1822)",,,25.1444,121.8057,2018-08-16T10:06,2018,8,,1,GBIF
石斑,"Epinephelus coioides (Hamilton, 1822)",,,23.1184,120.0886,2017-01-05,2017,1,,1,GBIF
石斑,"Epinephelus coioides (Hamilton, 1822)",,,25.0503,121.0162,2017-04-11,2017,4,,1,GBIF
石斑,"Epinephelus coioides (Hamilton, 1822)",,,23.1245,120.074,2017-04-17,2017,4,,1,GBIF
石斑,"Epinephelus coioides (Hamilton, 1822)",,,23.1438,120.0763,2017-04-18,2017,4,,1,GBIF
石斑,"Epinephelus coioides (Hamilton, 1822)",,,23.1184,120.0886,2017-04-17,2017,4,,1,GBIF
石斑,"Epinephelus coioides (Hamilton, 1822)",,,23.1184,120.0886,2017-06-29,2017,6,,1,GBIF
石斑,"Epinephelus coioides (Hamilton, 1822)",,,22.9909,120.1506,2017-08-05T18:33Z,2017,8,,1,GBIF
石斑,"Epinephelus coioides (Hamilton, 1822)",,,23.1438,120.0763,2017-10-25,2017,10,,1,GBIF
石斑,"Epinephelus coioides (Hamilton, 1822)",,,23.1184,120.0886,2016-10-04,2016,10,,1,GBIF
石斑,Epinephelus corallicola,,Actinopterygii,23.55,119.56,2006-09-06,2006,9,,1,臺灣魚類資料庫
石斑,Epinephelus corallicola,,Actinopterygii,25.16,121.76,1975-11-01,1975,11,,1,臺灣魚類資料庫
石斑,Epinephelus corallicola,,Actinopterygii,25.21,121.69,1975-05-20,1975,5,,1,臺灣魚類資料庫
石斑,Epinephelus corallicola,,Actinopterygii,25.16,121.76,1977-10-24,1977,10,,1,臺灣魚類資料庫
石斑,"Epinephelus corallicola (Valenciennes, 1828)",,,22.4698,120.4358,2026-03-31T05:15:54,2026,3,,1,GBIF
石斑,"Epinephelus corallicola (Valenciennes, 1828)",,,23.5421,119.5405,2025-08-01T23:33:02,2025,8,,1,GBIF
石斑,"Epinephelus corallicola (Valenciennes, 1828)",,,25.016,122.0004,2024-05-16T14:36,2024,5,,1,GBIF
石斑,"Epinephelus corallicola (Valenciennes, 1828)",,,25.146,121.8068,2023-09-15T10:32:53,2023,9,,1,GBIF
石斑,"Epinephelus corallicola (Valenciennes, 1828)",,,25.2317,121.4443,2022-07-01T16:54:11,2022,7,,1,GBIF
石斑,Epinephelus cyanopodus,,Actinopterygii,23.15,121.24,2006-04-27,2006,4,,1,台灣水產試驗所－近海與外海標本數位典藏
石斑,Epinephelus cyanopodus,,Actinopterygii,21.98,120.71,2003-11-27,2003,11,,1,臺灣魚類資料庫
石斑,Epinephelus epistictus,,Actinopterygii,25.16,121.76,1956-12-10,1956,12,,1,台灣水產試驗所－近海與外海標本數位典藏
石斑,Epinephelus epistictus,,Actinopterygii,25.16,121.76,1976-08-02,1976,8,,1,台灣水產試驗所－近海與外海標本數位典藏
石斑,Epinephelus epistictus,,Actinopterygii,23.01,121.2,2007-02-05,2007,2,,1,台灣水產試驗所－近海與外海標本數位典藏
石斑,Epinephelus epistictus,,Actinopterygii,24.94,121.9,1985-07-16,1985,7,,1,國立臺灣博物館
石斑,Epinephelus epistictus,,Actinopterygii,24.58,121.86,2005-08-02,2005,8,,1,臺灣魚類資料庫
石斑,Epinephelus epistictus,,Actinopterygii,24.41,120.52,2006-09-20,2006,9,,1,臺灣魚類資料庫
石斑,Epinephelus epistictus,,Actinopterygii,24.94,121.9,2007-11-13,2007,11,,1,臺灣魚類資料庫
石斑,Epinephelus fasciatomaculosus,,Actinopterygii,25.16,121.76,1952-02-01,1952,2,,1,台灣水產試驗所－近海與外海標本數位典藏
石斑,Epinephelus fasciatomaculosus,,Actinopterygii,22.57,121.0,1985-01-17,1985,1,,1,台灣水產試驗所－近海與外海標本數位典藏
石斑,Epinephelus fasciatomaculosus,,Actinopterygii,22.48,120.46,1985-10-16,1985,10,,1,國立臺灣博物館
石斑,Epinephelus fasciatomaculosus,,Actinopterygii,23.57,119.56,1946-08-01,1946,8,,1,國立臺灣博物館
石斑,Epinephelus fasciatomaculosus,,Actinopterygii,23.55,119.56,2006-09-07,2006,9,,1,臺灣魚類資料庫
石斑,Epinephelus fasciatomaculosus,,Actinopterygii,23.55,119.62,1992-09-19,1992,9,,1,臺灣魚類資料庫
石斑,Epinephelus fasciatomaculosus,,Actinopterygii,25.16,121.76,1987-05-26,1987,5,,1,臺灣魚類資料庫
石斑,"Epinephelus fasciatomaculosus (Peters, 1865)",,,23.5939,119.5416,2025-06-11T18:01:56,2025,6,,1,GBIF
石斑,"Epinephelus fasciatomaculosus (Peters, 1865)",,,23.5723,119.4932,2025-06-15T01:28,2025,6,,1,GBIF
石斑,"Epinephelus fasciatomaculosus (Peters, 1865)",,,25.122,121.9,2024-08-31T13:37,2024,8,,1,GBIF
石斑,"Epinephelus fasciatomaculosus (Peters, 1865)",,,23.1346,120.0717,2022-07-30,2022,7,,1,GBIF
石斑,"Epinephelus fasciatomaculosus (Peters, 1865)",,,24.269,120.4472,2022-09-05,2022,9,,1,GBIF
石斑,"Epinephelus fasciatomaculosus (Peters, 1865)",,,23.0107,120.017,2022-11-10,2022,11,,1,GBIF
石斑,"Epinephelus fasciatomaculosus (Peters, 1865)",,,23.1672,119.9917,2022-11-10,2022,11,,1,GBIF
石斑,"Epinephelus fasciatomaculosus (Peters, 1865)",,,22.5468,120.162,2020-04-15,2020,4,,1,GBIF
石斑,"Epinephelus fasciatomaculosus (Peters, 1865)",,,25.3889,121.6647,2020-04-15,2020,4,,1,GBIF
石斑,"Epinephelus fasciatomaculosus (Peters, 1865)",,,24.7844,120.8135,2020-05-16,2020,5,,1,GBIF
石斑,"Epinephelus fasciatomaculosus (Peters, 1865)",,,25.0503,121.0162,2019-04-12,2019,4,,1,GBIF
石斑,"Epinephelus fasciatomaculosus (Peters, 1865)",,,25.0503,121.0162,2017-04-11,2017,4,,1,GBIF
石斑,Epinephelus fasciatus,,Actinopterygii,25.16,121.76,1954-06-13,1954,6,,1,台灣水產試驗所－近海與外海標本數位典藏
石斑,Epinephelus fasciatus,,Actinopterygii,23.05,121.23,1976-04-04,1976,4,,1,台灣水產試驗所－近海與外海標本數位典藏
石斑,Epinephelus fasciatus,,Actinopterygii,23.05,121.23,1978-09-21,1978,9,,1,台灣水產試驗所－近海與外海標本數位典藏
石斑,Epinephelus fasciatus,,Actinopterygii,23.05,121.23,1985-02-10,1985,2,,1,台灣水產試驗所－近海與外海標本數位典藏
石斑,Epinephelus fasciatus,,Actinopterygii,23.12,121.42,1976-04-04,1976,4,,1,台灣水產試驗所－近海與外海標本數位典藏
石斑,Epinephelus fasciatus,,Actinopterygii,22.06,121.51,2005-10-25,2005,10,,1,台灣水產試驗所－近海與外海標本數位典藏
石斑,Epinephelus fasciatus,,Actinopterygii,23.05,121.24,2006-01-10,2006,1,,1,台灣水產試驗所－近海與外海標本數位典藏
石斑,Epinephelus fasciatus,,Actinopterygii,23.05,121.23,2009/8/20,2009,8,,1,台灣水產試驗所－近海與外海標本數位典藏
石斑,Epinephelus fasciatus,,Actinopterygii,22.48,120.46,1985-10-16,1985,10,,1,國立臺灣博物館
石斑,Epinephelus fasciatus,,Actinopterygii,23.57,119.56,1977-06-20,1977,6,,1,國立臺灣博物館
石斑,Epinephelus fasciatus,,Actinopterygii,24.58,121.86,1984-12-15,1984,12,,1,國立臺灣博物館
石斑,Epinephelus fasciatus,,Actinopterygii,22.47,120.43,2004-08-14,2004,8,,1,臺灣魚類資料庫
石斑,Epinephelus fasciatus,,Actinopterygii,22.82,121.2,2005-03-10,2005,3,,1,臺灣魚類資料庫
石斑,Epinephelus fasciatus,,Actinopterygii,22.47,120.43,2007-10-03,2007,10,,1,臺灣魚類資料庫
石斑,Epinephelus fasciatus,,Actinopterygii,23.94,121.61,1977-04-01,1977,4,,1,臺灣魚類資料庫
石斑,Epinephelus fasciatus,,Actinopterygii,22.1,121.6,1979-08-22,1979,8,,1,臺灣魚類資料庫
石斑,Epinephelus fasciatus,,Actinopterygii,22.1,121.6,1980-04-01,1980,4,,1,臺灣魚類資料庫
石斑,Epinephelus fasciatus,,Actinopterygii,22.01,120.74,1981-02-19,1981,2,,1,臺灣魚類資料庫
石斑,Epinephelus fasciatus,,Actinopterygii,22.01,120.74,1992-01-25,1992,1,,1,臺灣魚類資料庫
石斑,Epinephelus fasciatus,,Actinopterygii,22.01,120.74,1985-01-08,1985,1,,1,臺灣魚類資料庫
石斑,Epinephelus fasciatus,,Actinopterygii,25.2,121.68,1979-05-26,1979,5,,1,臺灣魚類資料庫
石斑,Epinephelus fasciatus,,Actinopterygii,25.11,121.36,1985-05-10,1985,5,,1,臺灣魚類資料庫
石斑,Epinephelus fasciatus,,Actinopterygii,22.0,120.75,1990-03-14,1990,3,,1,國立海洋科技博物館
石斑,"Epinephelus fasciatus (Forsskål, 1775)",,,22.3395,120.3612,2026-02-27T08:31:20,2026,2,,1,GBIF
石斑,"Epinephelus fasciatus (Forsskål, 1775)",,,22.678,121.4815,2025-08-08T08:10,2025,8,,1,GBIF
石斑,"Epinephelus fasciatus (Forsskål, 1775)",,,23.5431,121.6094,2024-02-01T17:47,2024,2,,1,GBIF
石斑,"Epinephelus fasciatus (Forsskål, 1775)",,,25.1134,121.9201,2024-09-08T14:31,2024,9,,1,GBIF
石斑,"Epinephelus fasciatus (Forsskål, 1775)",,,22.3389,120.3717,2024-10-12T14:22,2024,10,,1,GBIF
石斑,"Epinephelus fasciatus (Forsskål, 1775)",,,25.146,121.8066,2024-10-15T14:09:14,2024,10,,1,GBIF
石斑,"Epinephelus fasciatus (Forsskål, 1775)",,,22.329,120.3709,2023-02-27T09:27:38,2023,2,,1,GBIF
石斑,"Epinephelus fasciatus (Forsskål, 1775)",,,24.9817,121.9634,2023-09-23T10:40:53,2023,9,,1,GBIF
石斑,"Epinephelus fasciatus (Forsskål, 1775)",,,22.0216,121.5567,2022-05-14T09:09:14,2022,5,,1,GBIF
石斑,"Epinephelus fasciatus (Forsskål, 1775)",,,22.0881,121.5171,2022-05-13T16:20:04,2022,5,,1,GBIF
石斑,"Epinephelus fasciatus (Forsskål, 1775)",,,22.6536,121.4702,2021-10-16T15:27,2021,10,,1,GBIF
石斑,"Epinephelus fasciatus (Forsskål, 1775)",,,22.0861,121.5732,2021-10-21T14:12,2021,10,,1,GBIF
石斑,"Epinephelus fasciatus (Forsskål, 1775)",,,22.3465,120.3917,2020-12-14T15:43,2020,12,,1,GBIF
石斑,"Epinephelus fasciatus (Forsskål, 1775)",,,24.4656,122.9511,2016-07-04,2016,7,,1,GBIF
石斑,Epinephelus fuscoguttatus,,Actinopterygii,22.06,121.51,2008/1/17,2008,1,,1,台灣水產試驗所－近海與外海標本數位典藏
石斑,Epinephelus hexagonatus,,Actinopterygii,23.15,121.24,2005-05-03,2005,5,,1,台灣水產試驗所－近海與外海標本數位典藏
石斑,Epinephelus hexagonatus,,Actinopterygii,23.05,121.24,2005-10-07,2005,10,,1,台灣水產試驗所－近海與外海標本數位典藏
石斑,Epinephelus hexagonatus,,Actinopterygii,23.18,121.31,2006-03-08,2006,3,,1,台灣水產試驗所－近海與外海標本數位典藏
石斑,Epinephelus hexagonatus,,Actinopterygii,23.1,121.22,2006-03-16,2006,3,,1,台灣水產試驗所－近海與外海標本數位典藏
石斑,Epinephelus hexagonatus,,Actinopterygii,23.07,121.32,2009/1/9,2009,1,,1,台灣水產試驗所－近海與外海標本數位典藏
石斑,Epinephelus hexagonatus,六角石斑魚,Actinopterygii,21.94,120.74,2008-06-14,2008,6,,1,國立海洋生物博物館
石斑,Epinephelus hexagonatus,,Actinopterygii,22.82,121.2,2005-03-10,2005,3,,1,臺灣魚類資料庫
石斑,Epinephelus hexagonatus,,Actinopterygii,22.33,120.37,2007-10-05,2007,10,,1,臺灣魚類資料庫
石斑,Epinephelus hexagonatus,,Actinopterygii,23.1,121.37,1978-05-28,1978,5,,1,臺灣魚類資料庫
石斑,Epinephelus hexagonatus,,Actinopterygii,22.1,121.6,1978-04-17,1978,4,,1,臺灣魚類資料庫
石斑,Epinephelus hexagonatus,,Actinopterygii,22.1,121.6,1980-04-01,1980,4,,1,臺灣魚類資料庫
石斑,Epinephelus hexagonatus,,Actinopterygii,22.75,121.55,1993-10-24,1993,10,,1,臺灣魚類資料庫
石斑,Epinephelus hexagonatus,,Actinopterygii,21.93,120.73,1975-07-01,1975,7,,1,臺灣魚類資料庫
石斑,Epinephelus hexagonatus,,Actinopterygii,25.14,121.79,2001-07-02,2001,7,,1,臺灣魚類資料庫
石斑,"Epinephelus hexagonatus (Forster, 1801)",,,21.9371,120.7651,2026-02-16T16:14,2026,2,,1,GBIF
石斑,"Epinephelus hexagonatus (Forster, 1801)",,,22.0255,121.543,2026-03-21T14:27:21,2026,3,,1,GBIF
石斑,"Epinephelus hexagonatus (Forster, 1801)",,,22.018,121.5621,2024-03-06T16:30:38,2024,3,,1,GBIF
石斑,"Epinephelus hexagonatus (Forster, 1801)",,,22.0778,121.5031,2024-05-02T16:30,2024,5,,1,GBIF
石斑,"Epinephelus hexagonatus (Forster, 1801)",,,23.4729,121.5085,2024-08-14T08:00,2024,8,,1,GBIF
石斑,"Epinephelus hexagonatus (Forster, 1801)",,,23.472,121.5081,2024-08-14T15:43,2024,8,,1,GBIF
石斑,"Epinephelus hexagonatus (Forster, 1801)",,,22.0262,121.5467,2023-03-24T17:53:58,2023,3,,1,GBIF
石斑,"Epinephelus hexagonatus (Forster, 1801)",,,21.9552,120.7112,2022-04-24T15:19,2022,4,,1,GBIF
石斑,"Epinephelus hexagonatus (Forster, 1801)",,,22.346,120.3893,2021-02-14T07:32:36,2021,2,,1,GBIF
石斑,"Epinephelus hexagonatus (Forster, 1801)",,,23.2558,119.5105,2021-04-11T12:17:33,2021,4,,1,GBIF
石斑,"Epinephelus hexagonatus (Forster, 1801)",,,21.9336,120.747,2020-07-11T19:49,2020,7,,1,GBIF
石斑,"Epinephelus hexagonatus (Forster, 1801)",,,22.0115,121.5594,2020-08-08T14:30,2020,8,,1,GBIF
石斑,"Epinephelus hexagonatus (Forster, 1801)",,,22.0749,121.5686,2020-08-12T13:53,2020,8,,1,GBIF
石斑,"Epinephelus hexagonatus (Forster, 1801)",,,22.6385,121.4913,2020-12-11T14:23,2020,12,,1,GBIF
石斑,"Epinephelus hexagonatus (Forster, 1801)",,,22.3455,120.3892,2020-12-12T15:43,2020,12,,1,GBIF
石斑,"Epinephelus hexagonatus (Forster, 1801)",,,22.0018,121.5898,2019-12-10T12:33:04,2019,12,,1,GBIF
石斑,Epinephelus lanceolatus,,Actinopterygii,23.02,120.11,1995-04-25,1995,4,,1,臺灣魚類資料庫
石斑,"Epinephelus lanceolatus (Bloch, 1790)",,,23.1184,120.0886,2019-03-12,2019,3,,1,GBIF
石斑,"Epinephelus lanceolatus (Bloch, 1790)",,,25.1413,121.8031,2017-09-19T10:23,2017,9,,1,GBIF
石斑,Epinephelus latifasciatus,,Actinopterygii,25.16,121.76,1952-02-01,1952,2,,1,台灣水產試驗所－近海與外海標本數位典藏
石斑,Epinephelus latifasciatus,,Actinopterygii,22.57,121.0,1985-01-17,1985,1,,1,台灣水產試驗所－近海與外海標本數位典藏
石斑,Epinephelus latifasciatus,,Actinopterygii,24.94,121.9,2006-03-30,2006,3,,1,臺灣魚類資料庫
石斑,Epinephelus latifasciatus,,Actinopterygii,23.55,119.56,2006-09-07,2006,9,,1,臺灣魚類資料庫
石斑,Epinephelus latifasciatus,,Actinopterygii,22.47,120.43,2007-10-03,2007,10,,1,臺灣魚類資料庫
石斑,Epinephelus latifasciatus,,Actinopterygii,22.58,120.29,1983-02-24,1983,2,,1,臺灣魚類資料庫
石斑,Epinephelus latifasciatus,,Actinopterygii,22.58,120.29,1987-11-10,1987,11,,1,臺灣魚類資料庫
石斑,Epinephelus latifasciatus,,Actinopterygii,22.04,120.69,1990-03-14,1990,3,,1,臺灣魚類資料庫
石斑,Epinephelus latifasciatus,,Actinopterygii,23.57,119.56,1975-09-08,1975,9,,1,臺灣魚類資料庫
石斑,Epinephelus latifasciatus,,Actinopterygii,22.47,120.43,2001-10-18,2001,10,,1,臺灣魚類資料庫
石斑,Epinephelus latifasciatus,,Actinopterygii,23.56,119.56,1985-09-20,1985,9,,1,國立海洋科技博物館
石斑,"Epinephelus latifasciatus (Temminck & Schlegel, 1842)",,,24.7795,118.7727,2025-12-21T19:41:36,2025,12,,1,GBIF
石斑,"Epinephelus latifasciatus (Temminck & Schlegel, 1842)",,,24.5398,118.1036,2024-01-20T15:36,2024,1,,1,GBIF
石斑,Epinephelus macrospilos,,Actinopterygii,23.12,121.42,2007-03-15,2007,3,,1,台灣水產試驗所－近海與外海標本數位典藏
石斑,Epinephelus macrospilos,,Actinopterygii,23.05,121.24,2009/2/23,2009,2,,1,台灣水產試驗所－近海與外海標本數位典藏
石斑,Epinephelus macrospilos,,Actinopterygii,23.05,121.22,2009/8/24,2009,8,,1,台灣水產試驗所－近海與外海標本數位典藏
石斑,Epinephelus maculatus,,Actinopterygii,23.05,121.22,2009/8/27,2009,8,,1,台灣水產試驗所－近海與外海標本數位典藏
石斑,Epinephelus maculatus,,Actinopterygii,22.01,120.74,1990-01-15,1990,1,,1,臺灣魚類資料庫
石斑,Epinephelus maculatus,,Actinopterygii,25.2,121.67,1975-09-01,1975,9,,1,臺灣魚類資料庫
石斑,Epinephelus maculatus,,Actinopterygii,25.2,121.67,1977-05-13,1977,5,,1,臺灣魚類資料庫
石斑,Epinephelus maculatus,,Actinopterygii,25.2,121.67,1977-04-15,1977,4,,1,臺灣魚類資料庫
石斑,Epinephelus maculatus,,Actinopterygii,25.2,121.67,1975-10-15,1975,10,,1,臺灣魚類資料庫
石斑,Epinephelus maculatus,,Actinopterygii,21.98,120.7,1977-10-01,1977,10,,1,國立海洋科技博物館
石斑,"Epinephelus maculatus (Bloch, 1790)",,,22.3392,120.3608,2025-02-23T14:10,2025,2,,1,GBIF
石斑,"Epinephelus maculatus (Bloch, 1790)",,,22.6349,121.4829,2024-03-09T15:27:32,2024,3,,1,GBIF
石斑,"Epinephelus maculatus (Bloch, 1790)",,,22.3403,120.3598,2024-05-26T11:11,2024,5,,1,GBIF
石斑,"Epinephelus maculatus (Bloch, 1790)",,,25.114,121.9196,2024-09-15T12:23,2024,9,,1,GBIF
石斑,"Epinephelus maculatus (Bloch, 1790)",,,25.1141,121.9198,2024-09-21T21:56,2024,9,,1,GBIF
石斑,"Epinephelus maculatus (Bloch, 1790)",,,25.115,121.9172,2023-08-18T11:12:21,2023,8,,1,GBIF
石斑,"Epinephelus maculatus (Bloch, 1790)",,,25.0184,121.9993,2023-08-19T13:16,2023,8,,1,GBIF
石斑,Epinephelus malabaricus,,Actinopterygii,25.16,121.76,1955-06-13,1955,6,,1,台灣水產試驗所－近海與外海標本數位典藏
石斑,Epinephelus malabaricus,,Actinopterygii,25.16,121.76,1956-12-10,1956,12,,1,台灣水產試驗所－近海與外海標本數位典藏
石斑,Epinephelus malabaricus,,Actinopterygii,23.05,121.23,2005-06-10,2005,6,,1,台灣水產試驗所－近海與外海標本數位典藏
石斑,Epinephelus malabaricus,,Actinopterygii,23.19,121.18,2007-10-05,2007,10,,1,台灣水產試驗所－近海與外海標本數位典藏
石斑,Epinephelus malabaricus,瑪拉巴石斑魚,Actinopterygii,22.04,120.69,2010-08-11,2010,8,,1,國立海洋生物博物館
石斑,Epinephelus malabaricus,,Actinopterygii,22.82,121.2,2005-10-07,2005,10,,1,臺灣魚類資料庫
石斑,Epinephelus malabaricus,,Actinopterygii,23.55,119.56,2006-09-06,2006,9,,1,臺灣魚類資料庫
石斑,Epinephelus malabaricus,,Actinopterygii,25.2,121.67,1977-09-15,1977,9,,1,臺灣魚類資料庫
石斑,Epinephelus malabaricus,,Actinopterygii,22.46,120.46,1991-06-05,1991,6,,1,國立海洋科技博物館
石斑,"Epinephelus malabaricus (Bloch & Schneider, 1801)",,,24.5488,118.1024,2024-01-26T19:58:12,2024,1,,1,GBIF
石斑,"Epinephelus malabaricus (Bloch & Schneider, 1801)",,,22.7776,120.239,2024-03-23T21:31:11,2024,3,,1,GBIF
石斑,"Epinephelus malabaricus (Bloch & Schneider, 1801)",,,25.1871,121.7865,2024-07-13T14:06,2024,7,,1,GBIF
石斑,"Epinephelus malabaricus (Bloch & Schneider, 1801)",,,25.1444,121.8057,2023-03-11T12:33,2023,3,,1,GBIF
石斑,"Epinephelus malabaricus (Bloch & Schneider, 1801)",,,25.1444,121.8057,2023-04-02T11:47,2023,4,,1,GBIF
石斑,"Epinephelus malabaricus (Bloch & Schneider, 1801)",,,23.5645,119.5691,2022-02-11T22:34,2022,2,,1,GBIF
石斑,"Epinephelus malabaricus (Bloch & Schneider, 1801)",,,23.1184,120.0886,2021-06-03T09:30:51,2021,6,,1,GBIF
石斑,"Epinephelus malabaricus (Bloch & Schneider, 1801)",,,23.6488,120.0539,2020-06-02,2020,6,,1,GBIF
石斑,"Epinephelus malabaricus (Bloch & Schneider, 1801)",,,23.1897,120.0859,2019-12-09T13:36,2019,12,,1,GBIF
石斑,Epinephelus melanostigma,,Actinopterygii,23.07,121.32,2008/1/14,2008,1,,1,台灣水產試驗所－近海與外海標本數位典藏
石斑,Epinephelus melanostigma,,Actinopterygii,23.07,121.32,2008/6/23,2008,6,,1,台灣水產試驗所－近海與外海標本數位典藏
石斑,Epinephelus melanostigma,,Actinopterygii,22.1,121.6,1979-01-24,1979,1,,1,臺灣魚類資料庫
石斑,Epinephelus melanostigma,,Actinopterygii,22.1,121.6,1993-07-07,1993,7,,1,臺灣魚類資料庫
石斑,Epinephelus melanostigma,,Actinopterygii,22.06,121.53,1988-11-28,1988,11,,1,國立海洋科技博物館
石斑,"Epinephelus melanostigma Schultz, 1953",,,22.0202,121.5597,2026-05-15T06:50,2026,5,,1,GBIF
石斑,"Epinephelus melanostigma Schultz, 1953",,,23.6287,121.7185,2023-11-03T12:40,2023,11,,1,GBIF
石斑,Epinephelus merra,,Actinopterygii,23.59,121.38,2008/4/8,2008,4,,1,台灣水產試驗所－近海與外海標本數位典藏
石斑,Epinephelus merra,網紋石斑魚,Actinopterygii,21.94,120.74,2008-01-30,2008,1,,1,國立海洋生物博物館
石斑,Epinephelus merra,,Actinopterygii,22.82,121.2,2005-10-07,2005,10,,1,臺灣魚類資料庫
石斑,Epinephelus merra,,Actinopterygii,21.93,120.73,1975-09-01,1975,9,,1,臺灣魚類資料庫
石斑,Epinephelus merra,,Actinopterygii,22.01,120.74,1975-01-14,1975,1,,1,臺灣魚類資料庫
石斑,Epinephelus merra,,Actinopterygii,25.21,121.69,1975-03-21,1975,3,,1,臺灣魚類資料庫
石斑,"Epinephelus merra Bloch, 1793",,,22.0238,121.5549,2026-05-13T21:46:33,2026,5,,1,GBIF
石斑,"Epinephelus merra Bloch, 1793",,,22.6621,121.4901,2025-02-27T15:48,2025,2,,1,GBIF
石斑,"Epinephelus merra Bloch, 1793",,,24.5007,122.8594,2025-07-01T17:54,2025,7,,1,GBIF
石斑,"Epinephelus merra Bloch, 1793",,,25.487,122.1037,2025-08-19,2025,8,,1,GBIF
石斑,"Epinephelus merra Bloch, 1793",,,22.3445,120.3904,2024-03-09T12:45,2024,3,,1,GBIF
石斑,"Epinephelus merra Bloch, 1793",,,22.3338,120.3841,2024-10-13T23:56:12,2024,10,,1,GBIF
石斑,"Epinephelus merra Bloch, 1793",,,21.9369,120.7459,2023-04-20T10:28,2023,4,,1,GBIF
石斑,"Epinephelus merra Bloch, 1793",,,21.9369,120.7469,2023-08-19T12:43,2023,8,,1,GBIF
石斑,"Epinephelus merra Bloch, 1793",,,21.9388,120.7457,2023-08-07T11:21:17,2023,8,,1,GBIF
石斑,"Epinephelus merra Bloch, 1793",,,21.9312,120.7448,2023-08-19T12:05,2023,8,,1,GBIF
石斑,"Epinephelus merra Bloch, 1793",,,22.6511,121.4729,2021-03-31T15:47:47,2021,3,,1,GBIF
石斑,"Epinephelus merra Bloch, 1793",,,21.9304,120.796,2021-12-11T11:03:56,2021,12,,1,GBIF
石斑,"Epinephelus merra Bloch, 1793",,,21.9298,120.799,2021-12-12T01:45,2021,12,,1,GBIF
石斑,"Epinephelus merra Bloch, 1793",,,22.0814,121.5226,2020-08-11T11:00,2020,8,,1,GBIF
石斑,"Epinephelus merra Bloch, 1793",,,22.6562,121.4736,2019-09-13,2019,9,,1,GBIF
石斑,Epinephelus morrhua,,Actinopterygii,23.19,121.18,1988-07-03,1988,7,,1,台灣水產試驗所－近海與外海標本數位典藏
石斑,Epinephelus morrhua,,Actinopterygii,23.19,121.18,1985-05-23,1985,5,,1,台灣水產試驗所－近海與外海標本數位典藏
石斑,Epinephelus morrhua,,Actinopterygii,23.55,119.56,2006-09-07,2006,9,,1,臺灣魚類資料庫
石斑,Epinephelus morrhua,,Actinopterygii,22.47,120.43,1988-04-07,1988,4,,1,臺灣魚類資料庫
石斑,Epinephelus morrhua,,Actinopterygii,22.47,120.43,2001-10-18,2001,10,,1,臺灣魚類資料庫
石斑,Epinephelus octofasciatus,,Actinopterygii,23.05,121.23,2005-08-18,2005,8,,1,台灣水產試驗所－近海與外海標本數位典藏
石斑,Epinephelus octofasciatus,,Actinopterygii,24.94,121.9,2006-03-30,2006,3,,1,臺灣魚類資料庫
石斑,Epinephelus octofasciatus,,Actinopterygii,24.94,121.9,2007-11-13,2007,11,,1,臺灣魚類資料庫
石斑,Epinephelus octofasciatus,,Actinopterygii,24.94,121.9,1993-11-09,1993,11,,1,臺灣魚類資料庫
石斑,Epinephelus ongus,,Actinopterygii,23.05,121.23,2005-07-26,2005,7,,1,台灣水產試驗所－近海與外海標本數位典藏
石斑,Epinephelus poecilonotus,,Actinopterygii,25.18,121.43,1990-05-24,1990,5,,1,臺灣魚類資料庫
石斑,"Epinephelus quoyans (Valenciennes, 1830)",,,25.5,119.76,2018-01-06,2018,1,,1,GBIF
石斑,"Epinephelus quoyans (Valenciennes, 1830)",,,25.2,118.89,2017-05-18,2017,5,,1,GBIF
石斑,"Epinephelus quoyans (Valenciennes, 1830)",,,24.9,118.89,2017-07-20,2017,7,,1,GBIF
石斑,"Epinephelus quoyans (Valenciennes, 1830)",,,24.48,118.1,2017-09-06,2017,9,,1,GBIF
石斑,Epinephelus quoyanus,,Actinopterygii,25.16,121.76,1956-12-02,1956,12,,1,台灣水產試驗所－近海與外海標本數位典藏
石斑,Epinephelus quoyanus,,Actinopterygii,23.05,121.23,1979-01-15,1979,1,,1,台灣水產試驗所－近海與外海標本數位典藏
石斑,Epinephelus quoyanus,,Actinopterygii,23.05,121.23,2005-07-25,2005,7,,1,台灣水產試驗所－近海與外海標本數位典藏
石斑,Epinephelus quoyanus,,Actinopterygii,22.58,120.29,1983-11-02,1983,11,,1,國立臺灣博物館
石斑,Epinephelus quoyanus,,Actinopterygii,23.57,119.56,1946-08-01,1946,8,,1,國立臺灣博物館
石斑,Epinephelus quoyanus,玳瑁石斑魚,Actinopterygii,23.57,119.56,2010-08-30,2010,8,,1,國立海洋生物博物館
石斑,Epinephelus quoyanus,,Actinopterygii,24.51,120.54,2004-09-01,2004,9,,1,臺灣魚類資料庫
石斑,Epinephelus quoyanus,,Actinopterygii,22.47,120.43,2005-03-10,2005,3,,1,臺灣魚類資料庫
石斑,Epinephelus quoyanus,,Actinopterygii,23.55,119.56,2006-09-09,2006,9,,1,臺灣魚類資料庫
石斑,Epinephelus quoyanus,,Actinopterygii,23.55,119.56,2006-09-10,2006,9,,1,臺灣魚類資料庫
石斑,Epinephelus quoyanus,,Actinopterygii,23.55,119.56,2006-09-07,2006,9,,1,臺灣魚類資料庫
石斑,Epinephelus quoyanus,,Actinopterygii,25.2,121.67,1976-01-01,1976,1,,1,臺灣魚類資料庫
石斑,Epinephelus quoyanus,,Actinopterygii,25.21,121.69,1975-06-16,1975,6,,1,臺灣魚類資料庫
石斑,Epinephelus quoyanus,,Actinopterygii,22.58,120.29,1988-01-09,1988,1,,1,臺灣魚類資料庫
石斑,Epinephelus quoyanus,,Actinopterygii,24.49,120.68,1992-09-24,1992,9,,1,臺灣魚類資料庫
石斑,Epinephelus quoyanus,,Actinopterygii,25.2,121.67,1977-08-11,1977,8,,1,臺灣魚類資料庫
石斑,Epinephelus quoyanus,,Actinopterygii,25.2,121.67,1977-03-16,1977,3,,1,臺灣魚類資料庫
石斑,Epinephelus quoyanus,,Actinopterygii,25.16,121.76,1977-11-21,1977,11,,1,臺灣魚類資料庫
石斑,Epinephelus quoyanus,,Actinopterygii,25.21,121.69,1975-05-20,1975,5,,1,臺灣魚類資料庫
石斑,Epinephelus quoyanus,,Actinopterygii,25.14,121.79,2001-07-02,2001,7,,1,臺灣魚類資料庫
石斑,Epinephelus quoyanus,,Actinopterygii,24.26,120.51,1990-03-27,1990,3,,1,國立海洋科技博物館
石斑,"Epinephelus quoyanus (Valenciennes, 1830)",,,23.5761,119.4994,2026-05-18T12:58:39,2026,5,,1,GBIF
石斑,"Epinephelus quoyanus (Valenciennes, 1830)",,,24.2994,120.4874,2025-05-16T07:57:14,2025,5,,1,GBIF
石斑,"Epinephelus quoyanus (Valenciennes, 1830)",,,25.2031,121.6938,2025-05-01T17:55:08,2025,5,,1,GBIF
石斑,"Epinephelus quoyanus (Valenciennes, 1830)",,,25.1273,121.8315,2025-06-21T19:09,2025,6,,1,GBIF
石斑,"Epinephelus quoyanus (Valenciennes, 1830)",,,25.2966,121.5673,2025-08-03T17:20:14,2025,8,,1,GBIF
石斑,"Epinephelus quoyanus (Valenciennes, 1830)",,,25.1473,121.7945,2025-09-28T13:11,2025,9,,1,GBIF
石斑,"Epinephelus quoyanus (Valenciennes, 1830)",,,24.2961,120.4949,2025-10-31T09:01,2025,10,,1,GBIF
石斑,"Epinephelus quoyanus (Valenciennes, 1830)",,,25.1398,121.8048,2025-11-29T05:46,2025,11,,1,GBIF
石斑,"Epinephelus quoyanus (Valenciennes, 1830)",,,25.1398,121.8048,2025-11-26T08:14:15,2025,11,,1,GBIF
石斑,"Epinephelus quoyanus (Valenciennes, 1830)",,,25.1461,121.8068,2024-02-01T13:54:25,2024,2,,1,GBIF
石斑,"Epinephelus quoyanus (Valenciennes, 1830)",,,25.1458,121.8063,2024-02-29T10:51:46,2024,2,,1,GBIF
石斑,"Epinephelus quoyanus (Valenciennes, 1830)",,,25.1445,121.8046,2024-05-27T10:54:38,2024,5,,1,GBIF
石斑,"Epinephelus quoyanus (Valenciennes, 1830)",,,25.1441,121.8048,2024-05-27T12:42,2024,5,,1,GBIF
石斑,"Epinephelus quoyanus (Valenciennes, 1830)",,,23.3822,119.5078,2024-05-25T10:04:36,2024,5,,1,GBIF
石斑,"Epinephelus quoyanus (Valenciennes, 1830)",,,25.1135,121.9176,2024-06-22T19:47,2024,6,,1,GBIF
石斑,"Epinephelus quoyanus (Valenciennes, 1830)",,,25.1235,121.8994,2024-06-01T14:39,2024,6,,1,GBIF
石斑,"Epinephelus quoyanus (Valenciennes, 1830)",,,23.4391,120.1465,2024-07-14T08:14:27,2024,7,,1,GBIF
石斑,"Epinephelus quoyanus (Valenciennes, 1830)",,,25.1273,121.8315,2024-07-21T12:24,2024,7,,1,GBIF
石斑,"Epinephelus quoyanus (Valenciennes, 1830)",,,25.1141,121.915,2024-08-28T12:09,2024,8,,1,GBIF
石斑,"Epinephelus quoyanus (Valenciennes, 1830)",,,25.1443,121.8145,2024-08-24T10:06:46,2024,8,,1,GBIF
石斑,"Epinephelus quoyanus (Valenciennes, 1830)",,,25.121,121.9004,2024-08-25T08:22,2024,8,,1,GBIF
石斑,"Epinephelus quoyanus (Valenciennes, 1830)",,,25.1135,121.9199,2024-08-31T11:42,2024,8,,1,GBIF
石斑,"Epinephelus quoyanus (Valenciennes, 1830)",,,25.146,121.8065,2024-09-27T12:20:38,2024,9,,1,GBIF
石斑,"Epinephelus quoyanus (Valenciennes, 1830)",,,25.146,121.8065,2024-09-27T12:24:44,2024,9,,1,GBIF
石斑,"Epinephelus quoyanus (Valenciennes, 1830)",,,25.114,121.9195,2024-09-06T23:45,2024,9,,1,GBIF
石斑,"Epinephelus quoyanus (Valenciennes, 1830)",,,25.146,121.8064,2024-10-16T12:12:01,2024,10,,1,GBIF
石斑,"Epinephelus quoyanus (Valenciennes, 1830)",,,25.1461,121.8063,2024-10-17T09:40:52,2024,10,,1,GBIF
石斑,"Epinephelus quoyanus (Valenciennes, 1830)",,,25.1462,121.8065,2024-10-15T14:09:14,2024,10,,1,GBIF
石斑,"Epinephelus quoyanus (Valenciennes, 1830)",,,25.1437,121.8058,2023-04-15T09:54:45,2023,4,,1,GBIF
石斑,"Epinephelus quoyanus (Valenciennes, 1830)",,,23.6492,119.6116,2023-04-04T14:51,2023,4,,1,GBIF
石斑,"Epinephelus quoyanus (Valenciennes, 1830)",,,25.1449,121.8062,2023-05-20T09:22,2023,5,,1,GBIF
石斑,"Epinephelus quoyanus (Valenciennes, 1830)",,,25.1444,121.8057,2023-06-23T20:23,2023,6,,1,GBIF
石斑,"Epinephelus quoyanus (Valenciennes, 1830)",,,25.1447,121.8054,2023-06-25T13:23,2023,6,,1,GBIF
石斑,"Epinephelus quoyanus (Valenciennes, 1830)",,,25.4874,122.1028,2023-07-11,2023,7,,1,GBIF
石斑,"Epinephelus quoyanus (Valenciennes, 1830)",,,23.6538,119.6141,2023-08-03T17:26,2023,8,,1,GBIF
石斑,"Epinephelus quoyanus (Valenciennes, 1830)",,,25.1152,121.9175,2023-08-18T12:51:43,2023,8,,1,GBIF
石斑,"Epinephelus quoyanus (Valenciennes, 1830)",,,25.1447,121.8053,2023-08-21T10:56,2023,8,,1,GBIF
石斑,"Epinephelus quoyanus (Valenciennes, 1830)",,,25.146,121.807,2023-09-15T12:46:01,2023,9,,1,GBIF
石斑,"Epinephelus quoyanus (Valenciennes, 1830)",,,25.231,121.4445,2022-07-01T17:39:41,2022,7,,1,GBIF
石斑,"Epinephelus quoyanus (Valenciennes, 1830)",,,25.1443,121.8067,2021-08-29T10:50,2021,8,,1,GBIF
石斑,"Epinephelus quoyanus (Valenciennes, 1830)",,,23.9977,121.6385,2020-05-30T17:49:13,2020,5,,1,GBIF
石斑,"Epinephelus quoyanus (Valenciennes, 1830)",,,24.7844,120.8135,2020-05-16,2020,5,,1,GBIF
石斑,"Epinephelus quoyanus (Valenciennes, 1830)",,,24.8737,120.8717,2020-05-15,2020,5,,1,GBIF
石斑,"Epinephelus quoyanus (Valenciennes, 1830)",,,24.649,120.7435,2020-05-19,2020,5,,1,GBIF
石斑,"Epinephelus quoyanus (Valenciennes, 1830)",,,25.1354,121.822,2020-05-16T13:48Z,2020,5,,1,GBIF
石斑,"Epinephelus quoyanus (Valenciennes, 1830)",,,25.1433,121.8039,2020-06-28T08:20,2020,6,,1,GBIF
石斑,"Epinephelus quoyanus (Valenciennes, 1830)",,,25.1348,121.8239,2020-07-18T02:03,2020,7,,1,GBIF
石斑,"Epinephelus quoyanus (Valenciennes, 1830)",,,24.7237,120.8456,2020-08-16T14:20:08,2020,8,,1,GBIF
石斑,"Epinephelus quoyanus (Valenciennes, 1830)",,,23.1897,120.0859,2019-12-02T13:24,2019,12,,1,GBIF
石斑,"Epinephelus quoyanus (Valenciennes, 1830)",,,25.1409,121.8033,2018-04-05T10:45,2018,4,,1,GBIF
石斑,"Epinephelus quoyanus (Valenciennes, 1830)",,,25.1437,121.8051,2017-07-22,2017,7,,1,GBIF
石斑,Epinephelus radiatus,,Actinopterygii,25.16,121.76,1954-09-01,1954,9,,1,台灣水產試驗所－近海與外海標本數位典藏
石斑,Epinephelus radiatus,,Actinopterygii,22.57,121.2,2006-08-17,2006,8,,1,台灣水產試驗所－近海與外海標本數位典藏
石斑,Epinephelus radiatus,,Actinopterygii,23.01,121.23,2009/4/15,2009,4,,1,台灣水產試驗所－近海與外海標本數位典藏
石斑,Epinephelus radiatus,雲紋石斑魚,Actinopterygii,21.94,120.74,2010-01-25,2010,1,,1,國立海洋生物博物館
石斑,Epinephelus radiatus,,Actinopterygii,22.58,120.29,1975-09-16,1975,9,,1,臺灣魚類資料庫
石斑,Epinephelus retouti,,Actinopterygii,22.06,121.51,2006-01-11,2006,1,,1,台灣水產試驗所－近海與外海標本數位典藏
石斑,Epinephelus retouti,雷拖氏石斑魚,Actinopterygii,21.94,120.74,2010-05-26,2010,5,,1,國立海洋生物博物館
石斑,Epinephelus retouti,,Actinopterygii,21.94,120.73,1986-02-18,1986,2,,1,臺灣魚類資料庫
石斑,Epinephelus retouti,,Actinopterygii,22.01,120.74,1986-09-11,1986,9,,1,臺灣魚類資料庫
石斑,Epinephelus retouti,,Actinopterygii,22.01,120.74,1987-05-08,1987,5,,1,臺灣魚類資料庫
石斑,Epinephelus retouti,,Actinopterygii,22.47,120.43,2001-10-18,2001,10,,1,臺灣魚類資料庫
石斑,Epinephelus retouti,,Actinopterygii,22.46,120.46,1991-05-05,1991,5,,1,國立海洋科技博物館
石斑,Epinephelus rivulatus,,Actinopterygii,25.16,121.76,1978-06-10,1978,6,,1,台灣水產試驗所－近海與外海標本數位典藏
石斑,Epinephelus rivulatus,,Actinopterygii,22.58,121.21,2008/1/17,2008,1,,1,台灣水產試驗所－近海與外海標本數位典藏
石斑,Epinephelus rivulatus,霜點石斑魚,Actinopterygii,22.01,120.74,2010-10-13,2010,10,,1,國立海洋生物博物館
石斑,Epinephelus rivulatus,,Actinopterygii,22.58,120.29,1975-09-16,1975,9,,1,臺灣魚類資料庫
石斑,Epinephelus rivulatus,,Actinopterygii,22.01,120.74,1981-02-20,1981,2,,1,臺灣魚類資料庫
石斑,Epinephelus sp.,,Actinopterygii,23.57,119.56,1946-08-15,1946,8,,1,國立臺灣博物館
石斑,Epinephelus sp.,,Actinopterygii,21.9,120.76,2003-06-04,2003,6,,1,臺灣魚類資料庫
石斑,Epinephelus sp.,,Actinopterygii,21.99,120.66,2004-04-11,2004,4,,1,臺灣魚類資料庫
石斑,Epinephelus sp.,,Actinopterygii,24.58,121.86,2005-08-02,2005,8,,1,臺灣魚類資料庫
石斑,Epinephelus sp.,,Actinopterygii,25.16,121.76,1981-02-24,1981,2,,1,臺灣魚類資料庫
石斑,Epinephelus spilotoceps,,Actinopterygii,23.05,121.22,2009/8/24,2009,8,,1,台灣水產試驗所－近海與外海標本數位典藏
石斑,Epinephelus tauvina,,Actinopterygii,25.16,121.76,1954-06-13,1954,6,,1,台灣水產試驗所－近海與外海標本數位典藏
石斑,Epinephelus tauvina,,Actinopterygii,22.42,121.2,2005-05-09,2005,5,,1,台灣水產試驗所－近海與外海標本數位典藏
石斑,Epinephelus tauvina,,Actinopterygii,23.05,121.24,2006-05-02,2006,5,,1,台灣水產試驗所－近海與外海標本數位典藏
石斑,Epinephelus tauvina,,Actinopterygii,22.48,120.46,1997-01-01,1997,1,,1,國立臺灣博物館
石斑,Epinephelus tauvina,,Actinopterygii,22.58,120.29,1948-02-25,1948,2,,1,國立臺灣博物館
石斑,Epinephelus tauvina,,Actinopterygii,22.01,120.74,1989-11-12,1989,11,,1,臺灣魚類資料庫
石斑,Epinephelus tauvina,,Actinopterygii,22.1,121.6,1978-08-18,1978,8,,1,臺灣魚類資料庫
石斑,Epinephelus tauvina,,Actinopterygii,22.1,121.6,1979-04-26,1979,4,,1,臺灣魚類資料庫
石斑,Epinephelus tauvina,,Actinopterygii,24.05,120.43,1988-03-25,1988,3,,1,國立海洋科技博物館
石斑,"Epinephelus tauvina (Forsskål, 1775)",,,22.0046,121.579,2026-04-12T16:10:09,2026,4,,1,GBIF
石斑,Epinephelus trimaculatus,,Actinopterygii,25.16,121.76,1959-05-17,1959,5,,1,台灣水產試驗所－近海與外海標本數位典藏
石斑,Epinephelus trimaculatus,,Actinopterygii,25.05,121.92,1985-01-24,1985,1,,1,國立臺灣博物館
石斑,Epinephelus trimaculatus,,Actinopterygii,23.57,119.56,1977-06-20,1977,6,,1,國立臺灣博物館
石斑,Epinephelus trimaculatus,,Actinopterygii,23.57,119.56,1946-08-15,1946,8,,1,國立臺灣博物館
石斑,Epinephelus trimaculatus,,Actinopterygii,25.22,121.62,1975-10-02,1975,10,,1,臺灣魚類資料庫
石斑,Epinephelus trimaculatus,,Actinopterygii,25.16,121.76,1977-06-01,1977,6,,1,臺灣魚類資料庫
石斑,Epinephelus trimaculatus,,Actinopterygii,25.16,121.76,1977-11-21,1977,11,,1,臺灣魚類資料庫
石斑,Epinephelus trimaculatus,,Actinopterygii,25.27,121.62,1977-04-21,1977,4,,1,臺灣魚類資料庫
石斑,Epinephelus trimaculatus,,Actinopterygii,25.27,121.62,1976-08-03,1976,8,,1,臺灣魚類資料庫
石斑,Epinephelus trimaculatus,,Actinopterygii,25.29,121.57,1976-07-14,1976,7,,1,臺灣魚類資料庫
石斑,Epinephelus trimaculatus,,Actinopterygii,23.56,119.56,1991-05-30,1991,5,,1,國立海洋科技博物館
石斑,"Epinephelus trimaculatus (Valenciennes, 1828)",,,25.0503,121.0162,2017-06-23,2017,6,,1,GBIF
石斑,Epinephelus tukula,,Actinopterygii,23.55,119.56,2006-09-10,2006,9,,1,臺灣魚類資料庫
石斑,Epinephelus tukula,,Actinopterygii,23.57,119.56,1988-02-01,1988,2,,1,臺灣魚類資料庫
石斑,Epinephelus tukula,,Actinopterygii,22.47,120.43,2001-10-18,2001,10,,1,臺灣魚類資料庫
石斑,Epinephelus undulosus,波紋石斑魚,Actinopterygii,25.16,121.76,2009-12-02,2009,12,,1,國立海洋生物博物館
石斑,Epinephelus undulosus,,Actinopterygii,22.01,120.74,1980-02-26,1980,2,,1,臺灣魚類資料庫
石斑,Epinephelus undulosus,,Actinopterygii,22.47,120.43,2001-10-18,2001,10,,1,臺灣魚類資料庫
秋刀魚,Cololabis saira,,Actinopterygii,24.25,120.52,2002-05-05,2002,5,,1,臺灣魚類資料庫
竹筴魚,Trachurus japonicus,,Actinopterygii,24.14,120.35,2002/3/19 00:00:00,2002,3,,1,臺灣周邊底拖網調查資料集
竹筴魚,Trachurus japonicus,,Actinopterygii,24.14,120.34,2002/3/19 00:00:00,2002,3,,1,臺灣周邊底拖網調查資料集
竹筴魚,Trachurus japonicus,,Actinopterygii,24.82,120.44,2002/3/21 00:00:00,2002,3,,1,臺灣周邊底拖網調查資料集
竹筴魚,Trachurus japonicus,,Actinopterygii,24.83,120.39,2002/6/5 00:00:00,2002,6,,1,臺灣周邊底拖網調查資料集
竹筴魚,Trachurus japonicus,,Actinopterygii,24.83,120.39,2002/3/21 00:00:00,2002,3,,1,臺灣周邊底拖網調查資料集
竹筴魚,Trachurus japonicus,,Actinopterygii,24.83,120.39,2002/9/2 00:00:00,2002,9,,1,臺灣周邊底拖網調查資料集
竹筴魚,Trachurus japonicus,,Actinopterygii,24.76,120.35,2002/6/5 00:00:00,2002,6,,1,臺灣周邊底拖網調查資料集
竹筴魚,Trachurus japonicus,,Actinopterygii,24.76,120.35,2002/3/21 00:00:00,2002,3,,1,臺灣周邊底拖網調查資料集
竹筴魚,Trachurus japonicus,,Actinopterygii,24.76,120.35,2002/9/2 00:00:00,2002,9,,1,臺灣周邊底拖網調查資料集
竹筴魚,Trachurus japonicus,,Actinopterygii,24.42,120.49,2002/3/20 00:00:00,2002,3,,1,臺灣周邊底拖網調查資料集
竹筴魚,Trachurus japonicus,,Actinopterygii,22.28,120.36,2001/3/8 00:00:00,2001,3,,1,臺灣周邊底拖網調查資料集
竹筴魚,Trachurus japonicus,,Actinopterygii,22.28,120.36,2001/9/8 00:00:00,2001,9,,1,臺灣周邊底拖網調查資料集
竹筴魚,Trachurus japonicus,,Actinopterygii,22.42,120.26,2001/9/10 00:00:00,2001,9,,1,臺灣周邊底拖網調查資料集
竹筴魚,Trachurus japonicus,,Actinopterygii,22.32,120.2,2001/11/8 00:00:00,2001,11,,1,臺灣周邊底拖網調查資料集
竹筴魚,Trachurus japonicus,,Actinopterygii,22.28,120.36,2001/11/8 00:00:00,2001,11,,1,臺灣周邊底拖網調查資料集
竹筴魚,Trachurus japonicus,,Actinopterygii,22.25,120.37,2001/11/8 00:00:00,2001,11,,1,臺灣周邊底拖網調查資料集
竹筴魚,Trachurus japonicus,,Actinopterygii,22.42,120.26,2001/11/10 00:00:00,2001,11,,1,臺灣周邊底拖網調查資料集
竹筴魚,Trachurus japonicus,,Actinopterygii,22.42,120.23,2001/11/10 00:00:00,2001,11,,1,臺灣周邊底拖網調查資料集
竹筴魚,Trachurus japonicus,,Actinopterygii,22.32,120.2,2001/12/8 00:00:00,2001,12,,1,臺灣周邊底拖網調查資料集
竹筴魚,Trachurus japonicus,,Actinopterygii,23.38,119.77,2003/3/25 00:00:00,2003,3,,1,臺灣周邊底拖網調查資料集
竹筴魚,Trachurus japonicus,,Actinopterygii,24.88,121.89,2001/4/10 00:00:00,2001,4,,1,臺灣周邊底拖網調查資料集
竹筴魚,Trachurus japonicus,,Actinopterygii,24.83,121.99,2001/4/10 00:00:00,2001,4,,1,臺灣周邊底拖網調查資料集
竹筴魚,Trachurus japonicus,,Actinopterygii,25.13,121.96,2000/3/27 00:00:00,2000,3,,1,臺灣周邊底拖網調查資料集
竹筴魚,Trachurus japonicus,,Actinopterygii,25.18,121.93,2000/3/27 00:00:00,2000,3,,1,臺灣周邊底拖網調查資料集
竹筴魚,Trachurus japonicus,,Actinopterygii,25.41,121.58,2000/3/31 00:00:00,2000,3,,1,臺灣周邊底拖網調查資料集
竹筴魚,Trachurus japonicus,,Actinopterygii,25.19,122.03,2000/3/27 00:00:00,2000,3,,1,臺灣周邊底拖網調查資料集
竹筴魚,Trachurus japonicus,,Actinopterygii,25.41,121.58,2000/6/23 00:00:00,2000,6,,1,臺灣周邊底拖網調查資料集
竹筴魚,Trachurus japonicus,,Actinopterygii,25.13,121.96,2000/6/8 00:00:00,2000,6,,1,臺灣周邊底拖網調查資料集
竹筴魚,Trachurus japonicus,,Actinopterygii,25.18,121.93,2000/6/8 00:00:00,2000,6,,1,臺灣周邊底拖網調查資料集
竹筴魚,Trachurus japonicus,,Actinopterygii,24.79,121.97,2000/7/13 00:00:00,2000,7,,1,臺灣周邊底拖網調查資料集
竹筴魚,Trachurus japonicus,,Actinopterygii,24.83,121.99,2000/7/13 00:00:00,2000,7,,1,臺灣周邊底拖網調查資料集
竹筴魚,Trachurus japonicus,,Actinopterygii,24.88,121.89,2000/7/13 00:00:00,2000,7,,1,臺灣周邊底拖網調查資料集
竹筴魚,Trachurus japonicus,,Actinopterygii,24.91,121.87,2000/7/13 00:00:00,2000,7,,1,臺灣周邊底拖網調查資料集
竹筴魚,Trachurus japonicus,,Actinopterygii,25.41,121.58,2000/10/23 00:00:00,2000,10,,1,臺灣周邊底拖網調查資料集
竹筴魚,Trachurus japonicus,,Actinopterygii,25.18,121.93,2000/11/15 00:00:00,2000,11,,1,臺灣周邊底拖網調查資料集
竹筴魚,Trachurus japonicus,,Actinopterygii,25.13,121.96,2000/11/15 00:00:00,2000,11,,1,臺灣周邊底拖網調查資料集
竹筴魚,Trachurus japonicus,,Actinopterygii,24.88,121.89,2000/12/27 00:00:00,2000,12,,1,臺灣周邊底拖網調查資料集
竹筴魚,Trachurus japonicus,,Actinopterygii,25.41,121.58,2001/2/26 00:00:00,2001,2,,1,臺灣周邊底拖網調查資料集
竹筴魚,Trachurus japonicus,,Actinopterygii,25.18,121.93,2001/3/6 00:00:00,2001,3,,1,臺灣周邊底拖網調查資料集
竹筴魚,Trachurus japonicus,,Actinopterygii,24.88,121.89,2000/2/17 00:00:00,2000,2,,1,臺灣周邊底拖網調查資料集
竹筴魚,Trachurus japonicus,,Actinopterygii,24.91,121.87,2000/2/17 00:00:00,2000,2,,1,臺灣周邊底拖網調查資料集
竹筴魚,Trachurus japonicus,,Actinopterygii,25.13,121.96,2001/3/6 00:00:00,2001,3,,1,臺灣周邊底拖網調查資料集
竹筴魚,Trachurus japonicus,,Actinopterygii,24.79,121.97,2000/2/17 00:00:00,2000,2,,1,臺灣周邊底拖網調查資料集
竹筴魚,Trachurus japonicus,,Actinopterygii,24.83,121.99,2000/2/17 00:00:00,2000,2,,1,臺灣周邊底拖網調查資料集
竹筴魚,Trachurus japonicus,,Actinopterygii,25.16,121.76,1952-02-01,1952,2,,1,台灣水產試驗所－近海與外海標本數位典藏
竹筴魚,Trachurus japonicus,,Actinopterygii,25.16,121.76,1958-02-01,1958,2,,1,台灣水產試驗所－近海與外海標本數位典藏
竹筴魚,Trachurus japonicus,,Actinopterygii,25.16,121.76,1956-12-08,1956,12,,1,台灣水產試驗所－近海與外海標本數位典藏
竹筴魚,Trachurus japonicus,,Actinopterygii,25.16,121.76,1974-08-01,1974,8,,1,台灣水產試驗所－近海與外海標本數位典藏
竹筴魚,Trachurus japonicus,,Actinopterygii,24.94,121.9,1997-09-09,1997,9,,1,台灣水產試驗所－近海與外海標本數位典藏
竹筴魚,Trachurus japonicus,,Actinopterygii,23.09,121.38,1987-04-30,1987,4,,1,台灣水產試驗所－近海與外海標本數位典藏
竹筴魚,Trachurus japonicus,,Actinopterygii,24.94,121.9,1989-10-18,1989,10,,1,國立臺灣博物館
竹筴魚,Trachurus japonicus,,Actinopterygii,22.48,120.46,1977-01-30,1977,1,,1,國立臺灣博物館
竹筴魚,Trachurus japonicus,,Actinopterygii,24.94,121.9,1985-04-08,1985,4,,1,國立臺灣博物館
竹筴魚,Trachurus japonicus,日本竹筴魚,Actinopterygii,24.58,121.86,2009-02-15,2009,2,,1,國立海洋生物博物館
竹筴魚,Trachurus japonicus,,Actinopterygii,25.3,121.56,2002-08-13,2002,8,,1,臺灣魚類資料庫
竹筴魚,Trachurus japonicus,,Actinopterygii,22.22,120.38,2001-11-08,2001,11,,1,臺灣魚類資料庫
竹筴魚,Trachurus japonicus,,Actinopterygii,24.94,121.9,2003-01-23,2003,1,,1,臺灣魚類資料庫
竹筴魚,Trachurus japonicus,,Actinopterygii,22.0,120.7,2003-06-01,2003,6,,1,臺灣魚類資料庫
竹筴魚,Trachurus japonicus,,Actinopterygii,24.94,121.9,2004-07-19,2004,7,,1,臺灣魚類資料庫
竹筴魚,Trachurus japonicus,,Actinopterygii,25.07,121.92,2000-11-15,2000,11,,1,臺灣魚類資料庫
竹筴魚,Trachurus japonicus,,Actinopterygii,24.14,120.35,2002-03-19,2002,3,,1,臺灣魚類資料庫
竹筴魚,Trachurus japonicus,,Actinopterygii,24.14,120.34,2002-03-19,2002,3,,1,臺灣魚類資料庫
竹筴魚,Trachurus japonicus,,Actinopterygii,24.82,120.44,2002-03-21,2002,3,,1,臺灣魚類資料庫
竹筴魚,Trachurus japonicus,,Actinopterygii,24.83,120.39,2002-06-05,2002,6,,1,臺灣魚類資料庫
竹筴魚,Trachurus japonicus,,Actinopterygii,24.83,120.39,2002-03-21,2002,3,,1,臺灣魚類資料庫
竹筴魚,Trachurus japonicus,,Actinopterygii,24.83,120.39,2002-09-02,2002,9,,1,臺灣魚類資料庫
竹筴魚,Trachurus japonicus,,Actinopterygii,24.76,120.35,2002-06-05,2002,6,,1,臺灣魚類資料庫
竹筴魚,Trachurus japonicus,,Actinopterygii,24.76,120.35,2002-03-21,2002,3,,1,臺灣魚類資料庫
竹筴魚,Trachurus japonicus,,Actinopterygii,24.76,120.35,2002-09-02,2002,9,,1,臺灣魚類資料庫
竹筴魚,Trachurus japonicus,,Actinopterygii,24.42,120.49,2002-03-20,2002,3,,1,臺灣魚類資料庫
竹筴魚,Trachurus japonicus,,Actinopterygii,22.28,120.36,2001-03-08,2001,3,,1,臺灣魚類資料庫
竹筴魚,Trachurus japonicus,,Actinopterygii,22.28,120.36,2001-09-08,2001,9,,1,臺灣魚類資料庫
竹筴魚,Trachurus japonicus,,Actinopterygii,22.42,120.26,2001-09-10,2001,9,,1,臺灣魚類資料庫
竹筴魚,Trachurus japonicus,,Actinopterygii,22.32,120.2,2001-11-08,2001,11,,1,臺灣魚類資料庫
竹筴魚,Trachurus japonicus,,Actinopterygii,22.28,120.36,2001-11-08,2001,11,,1,臺灣魚類資料庫
竹筴魚,Trachurus japonicus,,Actinopterygii,22.25,120.37,2001-11-08,2001,11,,1,臺灣魚類資料庫
竹筴魚,Trachurus japonicus,,Actinopterygii,22.42,120.26,2001-11-10,2001,11,,1,臺灣魚類資料庫
竹筴魚,Trachurus japonicus,,Actinopterygii,22.42,120.23,2001-11-10,2001,11,,1,臺灣魚類資料庫
竹筴魚,Trachurus japonicus,,Actinopterygii,22.32,120.2,2001-12-08,2001,12,,1,臺灣魚類資料庫
竹筴魚,Trachurus japonicus,,Actinopterygii,23.38,119.77,2003-03-25,2003,3,,1,臺灣魚類資料庫
竹筴魚,Trachurus japonicus,,Actinopterygii,24.88,121.89,2001-04-10,2001,4,,1,臺灣魚類資料庫
竹筴魚,Trachurus japonicus,,Actinopterygii,24.83,121.99,2001-04-10,2001,4,,1,臺灣魚類資料庫
竹筴魚,Trachurus japonicus,,Actinopterygii,25.13,121.96,2000-03-27,2000,3,,1,臺灣魚類資料庫
竹筴魚,Trachurus japonicus,,Actinopterygii,25.18,121.93,2000-03-27,2000,3,,1,臺灣魚類資料庫
竹筴魚,Trachurus japonicus,,Actinopterygii,25.41,121.58,2000-03-31,2000,3,,1,臺灣魚類資料庫
竹筴魚,Trachurus japonicus,,Actinopterygii,25.19,122.03,2000-03-27,2000,3,,1,臺灣魚類資料庫
竹筴魚,Trachurus japonicus,,Actinopterygii,25.41,121.58,2000-06-23,2000,6,,1,臺灣魚類資料庫
竹筴魚,Trachurus japonicus,,Actinopterygii,25.13,121.96,2000-06-08,2000,6,,1,臺灣魚類資料庫
竹筴魚,Trachurus japonicus,,Actinopterygii,25.18,121.93,2000-06-08,2000,6,,1,臺灣魚類資料庫
竹筴魚,Trachurus japonicus,,Actinopterygii,24.79,121.97,2000-07-13,2000,7,,1,臺灣魚類資料庫
竹筴魚,Trachurus japonicus,,Actinopterygii,24.83,121.99,2000-07-13,2000,7,,1,臺灣魚類資料庫
竹筴魚,Trachurus japonicus,,Actinopterygii,24.88,121.89,2000-07-13,2000,7,,1,臺灣魚類資料庫
竹筴魚,Trachurus japonicus,,Actinopterygii,24.91,121.87,2000-07-13,2000,7,,1,臺灣魚類資料庫
竹筴魚,Trachurus japonicus,,Actinopterygii,25.41,121.58,2000-10-23,2000,10,,1,臺灣魚類資料庫
竹筴魚,Trachurus japonicus,,Actinopterygii,25.18,121.93,2000-11-15,2000,11,,1,臺灣魚類資料庫
竹筴魚,Trachurus japonicus,,Actinopterygii,25.13,121.96,2000-11-15,2000,11,,1,臺灣魚類資料庫
竹筴魚,Trachurus japonicus,,Actinopterygii,24.88,121.89,2000-12-27,2000,12,,1,臺灣魚類資料庫
竹筴魚,Trachurus japonicus,,Actinopterygii,25.41,121.58,2001-02-26,2001,2,,1,臺灣魚類資料庫
竹筴魚,Trachurus japonicus,,Actinopterygii,25.18,121.93,2001-03-06,2001,3,,1,臺灣魚類資料庫
竹筴魚,Trachurus japonicus,,Actinopterygii,24.88,121.89,2000-02-17,2000,2,,1,臺灣魚類資料庫
竹筴魚,Trachurus japonicus,,Actinopterygii,24.91,121.87,2000-02-17,2000,2,,1,臺灣魚類資料庫
竹筴魚,Trachurus japonicus,,Actinopterygii,25.13,121.96,2001-03-06,2001,3,,1,臺灣魚類資料庫
竹筴魚,Trachurus japonicus,,Actinopterygii,24.79,121.97,2000-02-17,2000,2,,1,臺灣魚類資料庫
竹筴魚,Trachurus japonicus,,Actinopterygii,24.83,121.99,2000-02-17,2000,2,,1,臺灣魚類資料庫
竹筴魚,Trachurus japonicus,,Actinopterygii,24.58,121.86,1969-11-10,1969,11,,1,臺灣魚類資料庫
竹筴魚,Trachurus japonicus,,Actinopterygii,24.58,121.86,1969-06-17,1969,6,,1,臺灣魚類資料庫
竹筴魚,Trachurus japonicus,,Actinopterygii,25.16,121.76,1979-12-06,1979,12,,1,臺灣魚類資料庫
竹筴魚,Trachurus japonicus,,Actinopterygii,22.47,120.43,1990-01-18,1990,1,,1,臺灣魚類資料庫
竹筴魚,Trachurus japonicus,,Actinopterygii,24.95,121.93,2001-03-23,2001,3,,1,臺灣魚類資料庫
竹筴魚,Trachurus japonicus,,Actinopterygii,25.2,121.67,2000-10-23,2000,10,,1,臺灣魚類資料庫
竹筴魚,Trachurus japonicus,,Actinopterygii,24.91,121.92,2000-12-01,2000,12,,1,臺灣魚類資料庫
竹筴魚,Trachurus japonicus,,Actinopterygii,25.04,122.05,2000-11-15,2000,11,,1,臺灣魚類資料庫
竹筴魚,Trachurus japonicus,,Actinopterygii,25.08,122.02,2000-11-15,2000,11,,1,臺灣魚類資料庫
竹筴魚,Trachurus japonicus,,Actinopterygii,25.15,121.42,2000-10-23,2000,10,,1,臺灣魚類資料庫
竹筴魚,Trachurus japonicus,,Actinopterygii,24.54,121.59,2000-12-01,2000,12,,1,臺灣魚類資料庫
竹筴魚,Trachurus japonicus,,Actinopterygii,24.78,122.03,2000-02-27,2000,2,,1,臺灣魚類資料庫
竹筴魚,Trachurus japonicus,,Actinopterygii,24.94,121.9,1993-06-19,1993,6,,1,國立海洋科技博物館
竹筴魚,Trachurus japonicus,,Actinopterygii,22.63,120.46,1993-02-18,1993,2,,1,國立海洋科技博物館
竹筴魚,Trachurus japonicus,,Actinopterygii,24.89,121.95,2004-06-15,2004,6,,1,國立海洋科技博物館
竹筴魚,"Trachurus japonicus (Temminck & Schlegel, 1844)",,,25.0139,121.8486,2025-06-13T18:20:55,2025,6,,1,GBIF
竹筴魚,"Trachurus japonicus (Temminck & Schlegel, 1844)",,,26.6971,119.4295,2025-09-27T12:10:24,2025,9,,1,GBIF
竹筴魚,"Trachurus japonicus (Temminck & Schlegel, 1844)",,,24.8832,121.9396,2024-05-18T09:01:12,2024,5,,1,GBIF
竹筴魚,"Trachurus japonicus (Temminck & Schlegel, 1844)",,,25.6821,119.6122,2024-07-12T00:05,2024,7,,1,GBIF
竹筴魚,"Trachurus japonicus (Temminck & Schlegel, 1844)",,,25.0362,121.9874,2024-08-23T19:39,2024,8,,1,GBIF
竹筴魚,"Trachurus japonicus (Temminck & Schlegel, 1844)",,,24.5079,120.6485,2023-01-12,2023,1,,1,GBIF
竹筴魚,"Trachurus japonicus (Temminck & Schlegel, 1844)",,,24.7844,120.8135,2023-01-12,2023,1,,1,GBIF
竹筴魚,"Trachurus japonicus (Temminck & Schlegel, 1844)",,,24.8277,121.8036,2023-09-28T09:52:14,2023,9,,1,GBIF
竹筴魚,"Trachurus japonicus (Temminck & Schlegel, 1844)",,,24.7539,120.8361,2022-03-10,2022,3,,1,GBIF
竹筴魚,"Trachurus japonicus (Temminck & Schlegel, 1844)",,,24.7586,120.4719,2021-01-15,2021,1,,1,GBIF
竹筴魚,"Trachurus japonicus (Temminck & Schlegel, 1844)",,,24.186,120.0324,2021-02-01,2021,2,,1,GBIF
竹筴魚,"Trachurus japonicus (Temminck & Schlegel, 1844)",,,25.3889,121.6647,2021-04-13,2021,4,,1,GBIF
竹筴魚,"Trachurus japonicus (Temminck & Schlegel, 1844)",,,24.0617,120.2861,2020-07-24,2020,7,,1,GBIF
竹筴魚,"Trachurus japonicus (Temminck & Schlegel, 1844)",,,25.1342,121.7435,2018-02-14,2018,2,,1,GBIF
竹筴魚,"Trachurus japonicus (Temminck & Schlegel, 1844)",,,25.0503,121.0162,2017-02-18,2017,2,,1,GBIF
笛鯛,Lutjanus argentimaculatus,,,23.5548,120.1619,,,,,1,成龍溼地魚類生態紀錄
笛鯛,Lutjanus argentimaculatus,,Actinopterygii,22.48,120.46,1950-07-01,1950,7,,1,台灣水產試驗所－近海與外海標本數位典藏
笛鯛,Lutjanus argentimaculatus,,Actinopterygii,23.05,121.23,2005-05-30,2005,5,,1,台灣水產試驗所－近海與外海標本數位典藏
笛鯛,Lutjanus argentimaculatus,,Actinopterygii,23.1,121.25,2009/2/23,2009,2,,1,台灣水產試驗所－近海與外海標本數位典藏
笛鯛,Lutjanus argentimaculatus,,Actinopterygii,24.59,121.86,2001-04-20,2001,4,,1,臺灣魚類資料庫
笛鯛,Lutjanus argentimaculatus,,Actinopterygii,22.44,120.47,2004-08-15,2004,8,,1,臺灣魚類資料庫
笛鯛,Lutjanus argentimaculatus,,Actinopterygii,22.47,120.43,1979-10-19,1979,10,,1,臺灣魚類資料庫
笛鯛,Lutjanus argentimaculatus,,Actinopterygii,22.47,120.43,1979-12-19,1979,12,,1,臺灣魚類資料庫
笛鯛,Lutjanus argentimaculatus,,Actinopterygii,22.58,120.29,1980-09-27,1980,9,,1,臺灣魚類資料庫
笛鯛,Lutjanus argentimaculatus,,Actinopterygii,25.02,121.93,1995-10-03,1995,10,,1,臺灣魚類資料庫
笛鯛,Lutjanus argentimaculatus,,Actinopterygii,24.91,120.97,1996-10-24,1996,10,,1,臺灣魚類資料庫
笛鯛,Lutjanus argentimaculatus,,Actinopterygii,22.0,120.75,1990-03-05,1990,3,,1,國立海洋科技博物館
笛鯛,"Lutjanus argentimaculatus (Forsskål, 1775)",,,22.477,120.4601,2026-01-18T14:15:34,2026,1,,1,GBIF
笛鯛,"Lutjanus argentimaculatus (Forsskål, 1775)",,,22.4726,120.4545,2026-01-18T10:35:12,2026,1,,1,GBIF
笛鯛,"Lutjanus argentimaculatus (Forsskål, 1775)",,,24.312,120.5507,2026-01-28T14:14,2026,1,,1,GBIF
笛鯛,"Lutjanus argentimaculatus (Forsskål, 1775)",,,23.0005,120.1412,2026-02-17T16:19,2026,2,,1,GBIF
笛鯛,"Lutjanus argentimaculatus (Forsskål, 1775)",,,22.4718,120.4531,2026-03-17T21:18:50,2026,3,,1,GBIF
笛鯛,"Lutjanus argentimaculatus (Forsskål, 1775)",,,22.3386,120.8938,2026-03-25T11:32:09,2026,3,,1,GBIF
笛鯛,"Lutjanus argentimaculatus (Forsskål, 1775)",,,22.6182,120.282,2026-03-30T14:37,2026,3,,1,GBIF
笛鯛,"Lutjanus argentimaculatus (Forsskål, 1775)",,,22.6175,120.2835,2026-03-30T14:02,2026,3,,1,GBIF
笛鯛,"Lutjanus argentimaculatus (Forsskål, 1775)",,,25.1274,121.8319,2026-04-11T09:36:53,2026,4,,1,GBIF
笛鯛,"Lutjanus argentimaculatus (Forsskål, 1775)",,,22.4555,120.4737,2026-04-25T15:21:51,2026,4,,1,GBIF
笛鯛,"Lutjanus argentimaculatus (Forsskål, 1775)",,,22.4726,120.4463,2026-04-15T17:43:59,2026,4,,1,GBIF
笛鯛,"Lutjanus argentimaculatus (Forsskål, 1775)",,,22.4771,120.4599,2026-04-25T09:01:50,2026,4,,1,GBIF
笛鯛,"Lutjanus argentimaculatus (Forsskål, 1775)",,,23.4391,120.1466,2026-04-27T15:25:26,2026,4,,1,GBIF
笛鯛,"Lutjanus argentimaculatus (Forsskål, 1775)",,,22.4555,120.4738,2026-04-25T16:02:48,2026,4,,1,GBIF
笛鯛,"Lutjanus argentimaculatus (Forsskål, 1775)",,,22.7783,120.204,2025-01-05T19:27:57,2025,1,,1,GBIF
笛鯛,"Lutjanus argentimaculatus (Forsskål, 1775)",,,22.6249,120.2622,2025-05-28T16:07,2025,5,,1,GBIF
笛鯛,"Lutjanus argentimaculatus (Forsskål, 1775)",,,23.3366,120.1696,2025-06-18T08:36:30,2025,6,,1,GBIF
笛鯛,"Lutjanus argentimaculatus (Forsskål, 1775)",,,24.8471,120.947,2025-07-19T17:34:15,2025,7,,1,GBIF
笛鯛,"Lutjanus argentimaculatus (Forsskål, 1775)",,,24.8487,120.9507,2025-07-27T17:53:41,2025,7,,1,GBIF
笛鯛,"Lutjanus argentimaculatus (Forsskål, 1775)",,,25.012,121.0299,2025-07-10,2025,7,,1,GBIF
笛鯛,"Lutjanus argentimaculatus (Forsskål, 1775)",,,25.112,121.4586,2025-08-18T22:59:38,2025,8,,1,GBIF
笛鯛,"Lutjanus argentimaculatus (Forsskål, 1775)",,,24.9413,121.8958,2025-09-02T13:53,2025,9,,1,GBIF
笛鯛,"Lutjanus argentimaculatus (Forsskål, 1775)",,,25.1201,121.8931,2025-09-07T11:11,2025,9,,1,GBIF
笛鯛,"Lutjanus argentimaculatus (Forsskål, 1775)",,,23.1925,120.0909,2025-09-27T11:45,2025,9,,1,GBIF
笛鯛,"Lutjanus argentimaculatus (Forsskål, 1775)",,,22.4771,120.4599,2025-09-16T12:37:27,2025,9,,1,GBIF
笛鯛,"Lutjanus argentimaculatus (Forsskål, 1775)",,,24.3132,120.5452,2025-10-10T06:59,2025,10,,1,GBIF
笛鯛,"Lutjanus argentimaculatus (Forsskål, 1775)",,,24.3684,120.5833,2025-10-03T13:47,2025,10,,1,GBIF
笛鯛,"Lutjanus argentimaculatus (Forsskål, 1775)",,,23.9772,121.6194,2025-10-07T08:15:58,2025,10,,1,GBIF
笛鯛,"Lutjanus argentimaculatus (Forsskål, 1775)",,,23.4062,120.1604,2025-11-01T15:40:43,2025,11,,1,GBIF
笛鯛,"Lutjanus argentimaculatus (Forsskål, 1775)",,,22.4989,120.4269,2025-12-21T18:25:27,2025,12,,1,GBIF
笛鯛,"Lutjanus argentimaculatus (Forsskål, 1775)",,,22.7329,120.3654,2024-03-23T21:35:31,2024,3,,1,GBIF
笛鯛,"Lutjanus argentimaculatus (Forsskål, 1775)",,,22.4548,120.4784,2024-05-21T15:49,2024,5,,1,GBIF
笛鯛,"Lutjanus argentimaculatus (Forsskål, 1775)",,,25.012,121.0299,2024-07-01,2024,7,,1,GBIF
笛鯛,"Lutjanus argentimaculatus (Forsskål, 1775)",,,24.8407,121.8184,2024-08-15T15:34,2024,8,,1,GBIF
笛鯛,"Lutjanus argentimaculatus (Forsskål, 1775)",,,24.9243,121.8482,2024-08-15T15:21,2024,8,,1,GBIF
笛鯛,"Lutjanus argentimaculatus (Forsskål, 1775)",,,24.8374,121.8137,2024-08-15T15:33,2024,8,,1,GBIF
笛鯛,"Lutjanus argentimaculatus (Forsskål, 1775)",,,22.0077,121.5427,2024-08-20T14:36,2024,8,,1,GBIF
笛鯛,"Lutjanus argentimaculatus (Forsskål, 1775)",,,22.8081,120.2186,2024-09-16T17:17:01,2024,9,,1,GBIF
笛鯛,"Lutjanus argentimaculatus (Forsskål, 1775)",,,23.5724,120.1469,2024-09-05,2024,9,,1,GBIF
笛鯛,"Lutjanus argentimaculatus (Forsskål, 1775)",,,23.1184,120.0887,2023-02-14T11:21,2023,2,,1,GBIF
笛鯛,"Lutjanus argentimaculatus (Forsskål, 1775)",,,23.1305,120.0699,2023-03-25T12:19:22,2023,3,,1,GBIF
笛鯛,"Lutjanus argentimaculatus (Forsskål, 1775)",,,23.255,119.6391,2023-06-10T15:42:16,2023,6,,1,GBIF
笛鯛,"Lutjanus argentimaculatus (Forsskål, 1775)",,,23.2574,119.6391,2023-06-10T15:49:54,2023,6,,1,GBIF
笛鯛,"Lutjanus argentimaculatus (Forsskål, 1775)",,,23.2605,119.6436,2023-06-10T15:58:31,2023,6,,1,GBIF
笛鯛,"Lutjanus argentimaculatus (Forsskål, 1775)",,,25.1444,121.8057,2023-06-23T17:52,2023,6,,1,GBIF
笛鯛,"Lutjanus argentimaculatus (Forsskål, 1775)",,,23.2589,119.641,2023-06-09T15:29:52,2023,6,,1,GBIF
笛鯛,"Lutjanus argentimaculatus (Forsskål, 1775)",,,21.9429,120.7578,2023-07-23T09:07,2023,7,,1,GBIF
笛鯛,"Lutjanus argentimaculatus (Forsskål, 1775)",,,22.2552,120.6519,2023-07-26T20:19:07,2023,7,,1,GBIF
笛鯛,"Lutjanus argentimaculatus (Forsskål, 1775)",,,25.1423,121.8034,2023-07-23T03:19,2023,7,,1,GBIF
笛鯛,"Lutjanus argentimaculatus (Forsskål, 1775)",,,25.1216,121.8998,2023-07-30T13:19,2023,7,,1,GBIF
笛鯛,"Lutjanus argentimaculatus (Forsskål, 1775)",,,25.025,121.0365,2023-07-13,2023,7,,1,GBIF
笛鯛,"Lutjanus argentimaculatus (Forsskål, 1775)",,,21.9431,120.7575,2023-08-20T09:00,2023,8,,1,GBIF
笛鯛,"Lutjanus argentimaculatus (Forsskål, 1775)",,,23.3122,120.1524,2023-08-21,2023,8,,1,GBIF
笛鯛,"Lutjanus argentimaculatus (Forsskål, 1775)",,,24.8591,120.9521,2023-08-06,2023,8,,1,GBIF
笛鯛,"Lutjanus argentimaculatus (Forsskål, 1775)",,,24.6078,120.784,2023-08-16,2023,8,,1,GBIF
笛鯛,"Lutjanus argentimaculatus (Forsskål, 1775)",,,23.5147,120.1795,2023-08-15,2023,8,,1,GBIF
笛鯛,"Lutjanus argentimaculatus (Forsskål, 1775)",,,25.1438,121.8161,2023-08-19T10:30:36,2023,8,,1,GBIF
笛鯛,"Lutjanus argentimaculatus (Forsskål, 1775)",,,25.1434,121.8133,2023-08-19T10:32:10,2023,8,,1,GBIF
笛鯛,"Lutjanus argentimaculatus (Forsskål, 1775)",,,23.1013,120.0445,2023-09-22T10:33:46,2023,9,,1,GBIF
笛鯛,"Lutjanus argentimaculatus (Forsskål, 1775)",,,23.1013,120.0446,2023-09-21T16:51:21,2023,9,,1,GBIF
笛鯛,"Lutjanus argentimaculatus (Forsskål, 1775)",,,23.1013,120.0444,2023-09-23T07:28:47,2023,9,,1,GBIF
笛鯛,"Lutjanus argentimaculatus (Forsskål, 1775)",,,23.0882,120.0406,2023-09-22T11:56:58,2023,9,,1,GBIF
笛鯛,"Lutjanus argentimaculatus (Forsskål, 1775)",,,25.1472,121.7942,2023-09-09T13:36,2023,9,,1,GBIF
笛鯛,"Lutjanus argentimaculatus (Forsskål, 1775)",,,25.012,121.0299,2023-10-20,2023,10,,1,GBIF
笛鯛,"Lutjanus argentimaculatus (Forsskål, 1775)",,,25.0462,121.0738,2023-10-20,2023,10,,1,GBIF
笛鯛,"Lutjanus argentimaculatus (Forsskål, 1775)",,,25.025,121.0365,2023-10-20,2023,10,,1,GBIF
笛鯛,"Lutjanus argentimaculatus (Forsskål, 1775)",,,24.4316,120.618,2023-11-04T11:43:31,2023,11,,1,GBIF
笛鯛,"Lutjanus argentimaculatus (Forsskål, 1775)",,,24.0338,120.3751,2023-12-14T16:06:58,2023,12,,1,GBIF
笛鯛,"Lutjanus argentimaculatus (Forsskål, 1775)",,,23.1346,120.0717,2022-02-20,2022,2,,1,GBIF
笛鯛,"Lutjanus argentimaculatus (Forsskål, 1775)",,,23.1346,120.0717,2022-02-01,2022,2,,1,GBIF
笛鯛,"Lutjanus argentimaculatus (Forsskål, 1775)",,,25.0071,121.0236,2022-04-13T14:22:16,2022,4,,1,GBIF
笛鯛,"Lutjanus argentimaculatus (Forsskål, 1775)",,,23.1346,120.0717,2022-05-11,2022,5,,1,GBIF
笛鯛,"Lutjanus argentimaculatus (Forsskål, 1775)",,,23.5913,120.1543,2022-06-15T17:04:52,2022,6,,1,GBIF
笛鯛,"Lutjanus argentimaculatus (Forsskål, 1775)",,,22.477,120.4599,2022-06-20,2022,6,,1,GBIF
笛鯛,"Lutjanus argentimaculatus (Forsskål, 1775)",,,22.2919,120.8893,2022-06-01T16:11,2022,6,,1,GBIF
笛鯛,"Lutjanus argentimaculatus (Forsskål, 1775)",,,23.1346,120.0717,2022-06-24,2022,6,,1,GBIF
笛鯛,"Lutjanus argentimaculatus (Forsskål, 1775)",,,23.1006,120.0474,2022-07-17T10:44:20,2022,7,,1,GBIF
笛鯛,"Lutjanus argentimaculatus (Forsskål, 1775)",,,22.068,120.7142,2022-08-05,2022,8,,1,GBIF
笛鯛,"Lutjanus argentimaculatus (Forsskål, 1775)",,,22.8045,120.2167,2022-08-10,2022,8,,1,GBIF
笛鯛,"Lutjanus argentimaculatus (Forsskål, 1775)",,,23.4665,121.4963,2022-08-07,2022,8,,1,GBIF
笛鯛,"Lutjanus argentimaculatus (Forsskål, 1775)",,,23.1346,120.0717,2022-08-14,2022,8,,1,GBIF
笛鯛,"Lutjanus argentimaculatus (Forsskål, 1775)",,,23.1346,120.0717,2022-09-23,2022,9,,1,GBIF
笛鯛,"Lutjanus argentimaculatus (Forsskål, 1775)",,,23.1346,120.0717,2022-09-04,2022,9,,1,GBIF
笛鯛,"Lutjanus argentimaculatus (Forsskål, 1775)",,,22.4777,120.4604,2022-11-08,2022,11,,1,GBIF
笛鯛,"Lutjanus argentimaculatus (Forsskål, 1775)",,,22.9982,120.1429,2022-11-12,2022,11,,1,GBIF
笛鯛,"Lutjanus argentimaculatus (Forsskål, 1775)",,,23.0577,120.0779,2022-11-09,2022,11,,1,GBIF
笛鯛,"Lutjanus argentimaculatus (Forsskål, 1775)",,,24.74,121.8033,2022-11-17,2022,11,,1,GBIF
笛鯛,"Lutjanus argentimaculatus (Forsskål, 1775)",,,23.3287,120.2527,2022-12-16,2022,12,,1,GBIF
笛鯛,"Lutjanus argentimaculatus (Forsskål, 1775)",,,24.6088,120.7843,2022-12-13,2022,12,,1,GBIF
笛鯛,"Lutjanus argentimaculatus (Forsskål, 1775)",,,23.1184,120.0886,2021-02-03,2021,2,,1,GBIF
笛鯛,"Lutjanus argentimaculatus (Forsskål, 1775)",,,22.8381,121.1894,2021-06-09,2021,6,,1,GBIF
笛鯛,"Lutjanus argentimaculatus (Forsskål, 1775)",,,24.845,120.937,2021-07-29,2021,7,,1,GBIF
笛鯛,"Lutjanus argentimaculatus (Forsskål, 1775)",,,23.1148,120.0989,2021-08-05,2021,8,,1,GBIF
笛鯛,"Lutjanus argentimaculatus (Forsskål, 1775)",,,23.1184,120.0886,2021-08-12,2021,8,,1,GBIF
笛鯛,"Lutjanus argentimaculatus (Forsskål, 1775)",,,23.1148,120.0989,2021-08-06,2021,8,,1,GBIF
笛鯛,"Lutjanus argentimaculatus (Forsskål, 1775)",,,22.8381,121.1894,2021-09-07,2021,9,,1,GBIF
笛鯛,"Lutjanus argentimaculatus (Forsskål, 1775)",,,25.1665,121.4442,2021-09-17T09:27:37,2021,9,,1,GBIF
笛鯛,"Lutjanus argentimaculatus (Forsskål, 1775)",,,25.279,121.5046,2021-10-08T08:48Z,2021,10,,1,GBIF
笛鯛,"Lutjanus argentimaculatus (Forsskål, 1775)",,,24.8487,120.9365,2021-10-20,2021,10,,1,GBIF
笛鯛,"Lutjanus argentimaculatus (Forsskål, 1775)",,,23.1148,120.0989,2021-10-07,2021,10,,1,GBIF
笛鯛,"Lutjanus argentimaculatus (Forsskål, 1775)",,,23.1148,120.0989,2021-10-09,2021,10,,1,GBIF
笛鯛,"Lutjanus argentimaculatus (Forsskål, 1775)",,,23.1438,120.0763,2021-10-12,2021,10,,1,GBIF
笛鯛,"Lutjanus argentimaculatus (Forsskål, 1775)",,,23.1184,120.0886,2021-10-13,2021,10,,1,GBIF
笛鯛,"Lutjanus argentimaculatus (Forsskål, 1775)",,,24.0863,120.4108,2021-10-10T01:20:45,2021,10,,1,GBIF
笛鯛,"Lutjanus argentimaculatus (Forsskål, 1775)",,,23.1346,120.0717,2021-12-02,2021,12,,1,GBIF
笛鯛,"Lutjanus argentimaculatus (Forsskål, 1775)",,,26.6375,119.6771,2020-04-19T13:10,2020,4,,1,GBIF
笛鯛,"Lutjanus argentimaculatus (Forsskål, 1775)",,,23.5548,120.1619,2020-09-11,2020,9,,1,GBIF
笛鯛,"Lutjanus argentimaculatus (Forsskål, 1775)",,,22.8381,121.1894,2020-09-09,2020,9,,1,GBIF
笛鯛,"Lutjanus argentimaculatus (Forsskål, 1775)",,,23.1184,120.0886,2020-09-08,2020,9,,1,GBIF
笛鯛,"Lutjanus argentimaculatus (Forsskål, 1775)",,,23.1897,120.086,2020-11-11T13:38:06,2020,11,,1,GBIF
笛鯛,"Lutjanus argentimaculatus (Forsskål, 1775)",,,23.1148,120.0989,2019-01-03,2019,1,,1,GBIF
笛鯛,"Lutjanus argentimaculatus (Forsskål, 1775)",,,23.1184,120.0886,2019-03-12,2019,3,,1,GBIF
笛鯛,"Lutjanus argentimaculatus (Forsskål, 1775)",,,23.1184,120.0886,2019-09-05,2019,9,,1,GBIF
笛鯛,"Lutjanus argentimaculatus (Forsskål, 1775)",,,24.0,121.6,2019-10-08,2019,10,,1,GBIF
笛鯛,"Lutjanus argentimaculatus (Forsskål, 1775)",,,24.94,121.89,2019-10-12,2019,10,,1,GBIF
笛鯛,"Lutjanus argentimaculatus (Forsskål, 1775)",,,23.1897,120.0859,2019-11-29T13:46,2019,11,,1,GBIF
笛鯛,"Lutjanus argentimaculatus (Forsskål, 1775)",,,23.1184,120.0886,2019-11-05,2019,11,,1,GBIF
笛鯛,"Lutjanus argentimaculatus (Forsskål, 1775)",,,23.1148,120.0989,2019-11-02,2019,11,,1,GBIF
笛鯛,"Lutjanus argentimaculatus (Forsskål, 1775)",,,23.1897,120.0859,2019-12-09T13:48,2019,12,,1,GBIF
笛鯛,"Lutjanus argentimaculatus (Forsskål, 1775)",,,23.1148,120.0989,2018-01-13,2018,1,,1,GBIF
笛鯛,"Lutjanus argentimaculatus (Forsskål, 1775)",,,24.94,121.89,2018-08-01,2018,8,,1,GBIF
笛鯛,"Lutjanus argentimaculatus (Forsskål, 1775)",,,23.1184,120.0886,2018-11-14,2018,11,,1,GBIF
笛鯛,"Lutjanus argentimaculatus (Forsskål, 1775)",,,24.94,121.89,2018-12-01,2018,12,,1,GBIF
笛鯛,"Lutjanus argentimaculatus (Forsskål, 1775)",,,22.9963,120.1606,2017-05-13,2017,5,,1,GBIF
笛鯛,"Lutjanus argentimaculatus (Forsskål, 1775)",,,25.0,121.9,2017-07-15,2017,7,,1,GBIF
笛鯛,"Lutjanus argentimaculatus (Forsskål, 1775)",,,25.1411,121.8036,2017-07-01T15:42,2017,7,,1,GBIF
笛鯛,"Lutjanus argentimaculatus (Forsskål, 1775)",,,25.1413,121.8031,2017-08-26T17:13,2017,8,,1,GBIF
笛鯛,"Lutjanus argentimaculatus (Forsskål, 1775)",,,25.1411,121.8036,2017-08-02T15:09,2017,8,,1,GBIF
笛鯛,"Lutjanus argentimaculatus (Forsskål, 1775)",,,25.0,121.9,2017-09-23,2017,9,,1,GBIF
笛鯛,"Lutjanus argentimaculatus (Forsskål, 1775)",,,25.1411,121.8036,2017-09-04T14:43,2017,9,,1,GBIF
笛鯛,"Lutjanus argentimaculatus (Forsskål, 1775)",,,23.1184,120.0886,2017-10-26,2017,10,,1,GBIF
笛鯛,"Lutjanus argentimaculatus (Forsskål, 1775)",,,23.1271,120.0552,2017-12-27,2017,12,,1,GBIF
笛鯛,"Lutjanus argentimaculatus (Forsskål, 1775)",,,23.1245,120.074,2016-07-26,2016,7,,1,GBIF
笛鯛,"Lutjanus argentimaculatus (Forsskål, 1775)",,,23.1184,120.0886,2016-07-26,2016,7,,1,GBIF
笛鯛,"Lutjanus argentimaculatus (Forsskål, 1775)",,,23.1148,120.0989,2016-09-24,2016,9,,1,GBIF
笛鯛,"Lutjanus argentimaculatus (Forsskål, 1775)",,,23.1184,120.0886,2016-10-04,2016,10,,1,GBIF
笛鯛,"Lutjanus argentimaculatus (Forsskål, 1775)",,,25.1556,121.4572,2016-11-02T16:00Z,2016,11,,1,GBIF
笛鯛,Lutjanus bengalensis,,Actinopterygii,25.16,121.76,1978-06-22,1978,6,,1,台灣水產試驗所－近海與外海標本數位典藏
笛鯛,Lutjanus bengalensis,,Actinopterygii,23.05,121.23,1993-10-22,1993,10,,1,台灣水產試驗所－近海與外海標本數位典藏
笛鯛,Lutjanus bengalensis,,Actinopterygii,23.05,121.24,2006-01-12,2006,1,,1,台灣水產試驗所－近海與外海標本數位典藏
笛鯛,Lutjanus bengalensis,,Actinopterygii,23.1,121.25,2009/1/19,2009,1,,1,台灣水產試驗所－近海與外海標本數位典藏
笛鯛,Lutjanus bengalensis,,Actinopterygii,22.48,120.46,1985-10-16,1985,10,,1,國立臺灣博物館
笛鯛,Lutjanus bengalensis,,Actinopterygii,25.16,121.76,1987-09-21,1987,9,,1,國立臺灣博物館
笛鯛,Lutjanus bengalensis,,Actinopterygii,22.01,120.74,1985-12-04,1985,12,,1,國立臺灣博物館
笛鯛,Lutjanus bengalensis,孟加拉灣笛鯛,Actinopterygii,21.94,120.74,2009-10-31,2009,10,,1,國立海洋生物博物館
笛鯛,Lutjanus bengalensis,,Actinopterygii,22.82,121.2,2005-04-28,2005,4,,1,臺灣魚類資料庫
笛鯛,Lutjanus bengalensis,,Actinopterygii,22.01,120.74,1986-06-09,1986,6,,1,臺灣魚類資料庫
笛鯛,Lutjanus bengalensis,,Actinopterygii,22.01,120.74,1977-07-07,1977,7,,1,臺灣魚類資料庫
笛鯛,Lutjanus bengalensis,,Actinopterygii,24.94,121.9,1980-03-30,1980,3,,1,臺灣魚類資料庫
笛鯛,Lutjanus bengalensis,,Actinopterygii,22.0,120.75,1990-08-13,1990,8,,1,國立海洋科技博物館
笛鯛,Lutjanus biguttatus,,Actinopterygii,23.12,121.29,2007/10/26,2007,10,,1,台灣水產試驗所－近海與外海標本數位典藏
笛鯛,Lutjanus bohar,,Actinopterygii,23.05,121.23,2005-09-30,2005,9,,1,台灣水產試驗所－近海與外海標本數位典藏
笛鯛,Lutjanus bohar,,Actinopterygii,23.05,121.24,2007-09-03,2007,9,,1,台灣水產試驗所－近海與外海標本數位典藏
笛鯛,Lutjanus bohar,,Actinopterygii,23.05,121.22,2007/10/30,2007,10,,1,台灣水產試驗所－近海與外海標本數位典藏
笛鯛,Lutjanus bohar,,Actinopterygii,23.05,121.23,2009/8/20,2009,8,,1,台灣水產試驗所－近海與外海標本數位典藏
笛鯛,Lutjanus bohar,,Actinopterygii,22.58,120.29,1945-10-01,1945,10,,1,國立臺灣博物館
笛鯛,Lutjanus bohar,白斑笛鯛,Actinopterygii,21.94,120.74,2008-03-22,2008,3,,1,國立海洋生物博物館
笛鯛,Lutjanus bohar,,Actinopterygii,22.01,120.74,1980-11-27,1980,11,,1,臺灣魚類資料庫
笛鯛,Lutjanus bohar,,Actinopterygii,22.01,120.74,1986-06-09,1986,6,,1,臺灣魚類資料庫
笛鯛,Lutjanus bohar,,Actinopterygii,22.0,120.75,1990-03-14,1990,3,,1,國立海洋科技博物館
笛鯛,"Lutjanus bohar (Forsskål, 1775)",,,23.2505,119.6867,2023-06-10T11:05:33,2023,6,,1,GBIF
笛鯛,Lutjanus boutton,,Actinopterygii,23.05,121.23,1993-11-16,1993,11,,1,台灣水產試驗所－近海與外海標本數位典藏
笛鯛,Lutjanus boutton,,Actinopterygii,23.05,121.24,2006-01-10,2006,1,,1,台灣水產試驗所－近海與外海標本數位典藏
笛鯛,Lutjanus boutton,,Actinopterygii,23.05,121.22,2009/5/26,2009,5,,1,台灣水產試驗所－近海與外海標本數位典藏
笛鯛,Lutjanus boutton,,Actinopterygii,24.58,121.86,1986-07-08,1986,7,,1,國立臺灣博物館
笛鯛,Lutjanus boutton,藍帶笛鯛,Actinopterygii,21.94,120.74,2008-07-02,2008,7,,1,國立海洋生物博物館
笛鯛,Lutjanus boutton,,Actinopterygii,24.58,121.86,2005-04-25,2005,4,,1,臺灣魚類資料庫
笛鯛,Lutjanus boutton,,Actinopterygii,22.47,120.43,1979-12-20,1979,12,,1,臺灣魚類資料庫
笛鯛,Lutjanus boutton,,Actinopterygii,22.01,120.74,1980-09-01,1980,9,,1,臺灣魚類資料庫
笛鯛,Lutjanus boutton,,Actinopterygii,22.01,120.74,1986-07-04,1986,7,,1,臺灣魚類資料庫
笛鯛,Lutjanus boutton,,Actinopterygii,22.01,120.74,1986-01-07,1986,1,,1,臺灣魚類資料庫
笛鯛,Lutjanus boutton,,Actinopterygii,22.0,120.75,1990-08-13,1990,8,,1,國立海洋科技博物館
笛鯛,Lutjanus carponotatus,胸斑笛鯛,Actinopterygii,22.47,120.43,2010-07-28,2010,7,,1,國立海洋生物博物館
笛鯛,Lutjanus coeruleolineatus,,Actinopterygii,25.16,121.76,1955-10-15,1955,10,,1,台灣水產試驗所－近海與外海標本數位典藏
笛鯛,Lutjanus coeruleolineatus,,Actinopterygii,23.05,121.23,1993-10-20,1993,10,,1,台灣水產試驗所－近海與外海標本數位典藏
笛鯛,Lutjanus decussatus,,Actinopterygii,23.1,121.22,2005-08-03,2005,8,,1,台灣水產試驗所－近海與外海標本數位典藏
笛鯛,Lutjanus decussatus,,Actinopterygii,23.05,121.24,2006-02-27,2006,2,,1,台灣水產試驗所－近海與外海標本數位典藏
笛鯛,Lutjanus decussatus,,Actinopterygii,23.05,121.24,2006-06-14,2006,6,,1,台灣水產試驗所－近海與外海標本數位典藏
笛鯛,Lutjanus decussatus,,Actinopterygii,23.05,121.24,2007-09-03,2007,9,,1,台灣水產試驗所－近海與外海標本數位典藏
笛鯛,Lutjanus decussatus,,Actinopterygii,23.05,121.22,2007-11-12,2007,11,,1,台灣水產試驗所－近海與外海標本數位典藏
笛鯛,Lutjanus decussatus,,Actinopterygii,23.05,121.22,2008/5/22,2008,5,,1,台灣水產試驗所－近海與外海標本數位典藏
笛鯛,Lutjanus decussatus,,Actinopterygii,23.1,121.25,2009/2/23,2009,2,,1,台灣水產試驗所－近海與外海標本數位典藏
笛鯛,Lutjanus decussatus,,Actinopterygii,23.05,121.22,2009/8/24,2009,8,,1,台灣水產試驗所－近海與外海標本數位典藏
笛鯛,Lutjanus decussatus,交叉笛鯛,Actinopterygii,22.01,120.74,2009-12-06,2009,12,,1,國立海洋生物博物館
笛鯛,Lutjanus decussatus,,Actinopterygii,22.01,120.74,1986-07-03,1986,7,,1,臺灣魚類資料庫
笛鯛,Lutjanus decussatus,,Actinopterygii,22.01,120.74,1990-03-29,1990,3,,1,臺灣魚類資料庫
笛鯛,Lutjanus decussatus,,Actinopterygii,22.0,120.75,1990-03-29,1990,3,,1,國立海洋科技博物館
笛鯛,"Lutjanus decussatus (Cuvier, 1828)",,,25.0183,121.9993,2026-04-10T20:59,2026,4,,1,GBIF
笛鯛,"Lutjanus decussatus (Cuvier, 1828)",,,23.4729,121.5085,2024-08-14T08:00,2024,8,,1,GBIF
笛鯛,"Lutjanus decussatus (Cuvier, 1828)",,,23.6218,121.581,2023-10-09T14:46,2023,10,,1,GBIF
笛鯛,"Lutjanus decussatus (Cuvier, 1828)",,,21.9317,120.7441,2020-08-12T17:22,2020,8,,1,GBIF
笛鯛,"Lutjanus decussatus (Cuvier, 1828)",,,21.9375,120.7477,2020-08-07T16:23,2020,8,,1,GBIF
笛鯛,Lutjanus dodecacanthoides,似十二棘笛鯛,Actinopterygii,22.47,120.43,2008-09-18,2008,9,,1,國立海洋生物博物館
笛鯛,Lutjanus dodecacanthoides,,Actinopterygii,22.82,121.2,2005-03-10,2005,3,,1,臺灣魚類資料庫
笛鯛,Lutjanus erythropterus,,Actinopterygii,22.58,120.29,1950-08-01,1950,8,,1,台灣水產試驗所－近海與外海標本數位典藏
笛鯛,Lutjanus erythropterus,,Actinopterygii,22.58,120.29,1976-07-10,1976,7,,1,台灣水產試驗所－近海與外海標本數位典藏
笛鯛,Lutjanus erythropterus,,Actinopterygii,23.12,121.42,2007-03-21,2007,3,,1,台灣水產試驗所－近海與外海標本數位典藏
笛鯛,Lutjanus erythropterus,,Actinopterygii,25.62,122.07,1955-03-17,1955,3,,1,國立臺灣博物館
笛鯛,Lutjanus erythropterus,,Actinopterygii,22.47,120.43,2004-08-15,2004,8,,1,臺灣魚類資料庫
笛鯛,Lutjanus erythropterus,,Actinopterygii,24.25,120.52,2005-03-11,2005,3,,1,臺灣魚類資料庫
笛鯛,Lutjanus erythropterus,,Actinopterygii,22.9,120.18,1979-11-20,1979,11,,1,臺灣魚類資料庫
笛鯛,Lutjanus erythropterus,,Actinopterygii,22.47,120.43,1979-12-19,1979,12,,1,臺灣魚類資料庫
笛鯛,Lutjanus erythropterus,,Actinopterygii,24.51,121.82,1977-05-09,1977,5,,1,臺灣魚類資料庫
笛鯛,Lutjanus erythropterus,,Actinopterygii,22.66,121.5,1980-03-10,1980,3,,1,國立海洋科技博物館
笛鯛,Lutjanus fulviflamma,,Actinopterygii,23.01,121.19,1993-10-23,1993,10,,1,台灣水產試驗所－近海與外海標本數位典藏
笛鯛,Lutjanus fulviflamma,,Actinopterygii,23.05,121.23,2005-04-14,2005,4,,1,台灣水產試驗所－近海與外海標本數位典藏
笛鯛,Lutjanus fulviflamma,,Actinopterygii,23.05,121.23,2005-07-25,2005,7,,1,台灣水產試驗所－近海與外海標本數位典藏
笛鯛,Lutjanus fulviflamma,,Actinopterygii,23.18,121.57,2007/12/14,2007,12,,1,台灣水產試驗所－近海與外海標本數位典藏
笛鯛,Lutjanus fulviflamma,,Actinopterygii,23.07,121.32,2009/1/9,2009,1,,1,台灣水產試驗所－近海與外海標本數位典藏
笛鯛,Lutjanus fulviflamma,,Actinopterygii,23.1,121.25,2009/1/19,2009,1,,1,台灣水產試驗所－近海與外海標本數位典藏
笛鯛,Lutjanus fulviflamma,,Actinopterygii,23.05,121.23,2009/8/20,2009,8,,1,台灣水產試驗所－近海與外海標本數位典藏
笛鯛,Lutjanus fulviflamma,火斑笛鯛,Actinopterygii,22.47,120.43,2008-09-18,2008,9,,1,國立海洋生物博物館
笛鯛,Lutjanus fulviflamma,,Actinopterygii,22.44,120.47,2004-08-15,2004,8,,1,臺灣魚類資料庫
笛鯛,Lutjanus fulviflamma,,Actinopterygii,22.01,120.74,1981-02-01,1981,2,,1,臺灣魚類資料庫
笛鯛,Lutjanus fulviflamma,,Actinopterygii,22.01,120.74,1990-08-13,1990,8,,1,臺灣魚類資料庫
笛鯛,Lutjanus fulviflamma,,Actinopterygii,25.14,121.79,1991-11-20,1991,11,,1,臺灣魚類資料庫
笛鯛,Lutjanus fulviflamma,,Actinopterygii,22.46,120.46,1990-04-18,1990,4,,1,國立海洋科技博物館
笛鯛,"Lutjanus fulviflamma (Forsskål, 1775)",,,22.4693,120.4469,2026-03-31T07:27:11,2026,3,,1,GBIF
笛鯛,"Lutjanus fulviflamma (Forsskål, 1775)",,,23.7366,119.5998,2025-09-12T13:23:57,2025,9,,1,GBIF
笛鯛,"Lutjanus fulviflamma (Forsskål, 1775)",,,25.1473,121.7945,2025-09-28T13:11,2025,9,,1,GBIF
笛鯛,"Lutjanus fulviflamma (Forsskål, 1775)",,,22.0804,120.7031,2025-10-24T07:46:17,2025,10,,1,GBIF
笛鯛,"Lutjanus fulviflamma (Forsskål, 1775)",,,23.0813,120.042,2025-10-10T12:09:36,2025,10,,1,GBIF
笛鯛,"Lutjanus fulviflamma (Forsskål, 1775)",,,25.012,121.0299,2025-10-16,2025,10,,1,GBIF
笛鯛,"Lutjanus fulviflamma (Forsskål, 1775)",,,23.5821,119.6257,2025-11-15T19:21,2025,11,,1,GBIF
笛鯛,"Lutjanus fulviflamma (Forsskål, 1775)",,,22.0411,120.7423,2024-04-16T20:34,2024,4,,1,GBIF
笛鯛,"Lutjanus fulviflamma (Forsskål, 1775)",,,25.0177,121.9991,2024-06-16T13:07,2024,6,,1,GBIF
笛鯛,"Lutjanus fulviflamma (Forsskål, 1775)",,,22.0406,120.6963,2024-08-03T12:47,2024,8,,1,GBIF
笛鯛,"Lutjanus fulviflamma (Forsskål, 1775)",,,22.0863,120.7057,2024-10-19T17:02,2024,10,,1,GBIF
笛鯛,"Lutjanus fulviflamma (Forsskål, 1775)",,,23.6068,119.6014,2023-06-23T23:49,2023,6,,1,GBIF
笛鯛,"Lutjanus fulviflamma (Forsskål, 1775)",,,25.4877,122.104,2023-08-21,2023,8,,1,GBIF
笛鯛,"Lutjanus fulviflamma (Forsskål, 1775)",,,25.1138,121.9198,2023-09-30T10:53,2023,9,,1,GBIF
笛鯛,"Lutjanus fulviflamma (Forsskål, 1775)",,,25.1472,121.7942,2023-09-09T13:31,2023,9,,1,GBIF
笛鯛,"Lutjanus fulviflamma (Forsskål, 1775)",,,25.1172,121.2422,2023-11-19T15:00,2023,11,,1,GBIF
笛鯛,"Lutjanus fulviflamma (Forsskål, 1775)",,,23.1228,120.0786,2023-12-26T13:30:28,2023,12,,1,GBIF
笛鯛,"Lutjanus fulviflamma (Forsskål, 1775)",,,23.1346,120.0717,2022-02-20,2022,2,,1,GBIF
笛鯛,"Lutjanus fulviflamma (Forsskål, 1775)",,,23.1346,120.0717,2022-03-08,2022,3,,1,GBIF
笛鯛,"Lutjanus fulviflamma (Forsskål, 1775)",,,23.2571,119.6664,2022-04-23T14:22:55,2022,4,,1,GBIF
笛鯛,"Lutjanus fulviflamma (Forsskål, 1775)",,,23.1346,120.0717,2022-04-03,2022,4,,1,GBIF
笛鯛,"Lutjanus fulviflamma (Forsskål, 1775)",,,23.1346,120.0717,2022-04-30,2022,4,,1,GBIF
笛鯛,"Lutjanus fulviflamma (Forsskål, 1775)",,,23.2567,119.6669,2022-09-30T10:41:50,2022,9,,1,GBIF
笛鯛,"Lutjanus fulviflamma (Forsskål, 1775)",,,23.6639,119.6637,2022-09-10T11:18:45,2022,9,,1,GBIF
笛鯛,"Lutjanus fulviflamma (Forsskål, 1775)",,,23.1346,120.0717,2022-09-04,2022,9,,1,GBIF
笛鯛,"Lutjanus fulviflamma (Forsskål, 1775)",,,23.1243,120.0739,2022-10-18T14:13,2022,10,,1,GBIF
笛鯛,"Lutjanus fulviflamma (Forsskål, 1775)",,,23.082,120.0631,2022-11-22T17:02:07,2022,11,,1,GBIF
笛鯛,"Lutjanus fulviflamma (Forsskål, 1775)",,,23.0576,120.0779,2022-11-09,2022,11,,1,GBIF
笛鯛,"Lutjanus fulviflamma (Forsskål, 1775)",,,23.1346,120.0717,2022-12-13,2022,12,,1,GBIF
笛鯛,"Lutjanus fulviflamma (Forsskål, 1775)",,,23.1346,120.0717,2022-12-25,2022,12,,1,GBIF
笛鯛,"Lutjanus fulviflamma (Forsskål, 1775)",,,21.9299,120.744,2021-08-19T09:39,2021,8,,1,GBIF
笛鯛,"Lutjanus fulviflamma (Forsskål, 1775)",,,24.7844,120.8135,2021-10-02,2021,10,,1,GBIF
笛鯛,"Lutjanus fulviflamma (Forsskål, 1775)",,,23.1346,120.0717,2021-11-10,2021,11,,1,GBIF
笛鯛,"Lutjanus fulviflamma (Forsskål, 1775)",,,23.1184,120.0886,2021-12-09,2021,12,,1,GBIF
笛鯛,"Lutjanus fulviflamma (Forsskål, 1775)",,,23.1346,120.0717,2021-12-02,2021,12,,1,GBIF
笛鯛,"Lutjanus fulviflamma (Forsskål, 1775)",,,25.3889,121.6647,2020-07-13,2020,7,,1,GBIF
笛鯛,"Lutjanus fulviflamma (Forsskål, 1775)",,,23.1245,120.0741,2020-11-05T10:35,2020,11,,1,GBIF
笛鯛,"Lutjanus fulviflamma (Forsskål, 1775)",,,22.3464,120.3899,2020-12-13T11:52,2020,12,,1,GBIF
笛鯛,"Lutjanus fulviflamma (Forsskål, 1775)",,,23.1184,120.0886,2019-09-05,2019,9,,1,GBIF
笛鯛,"Lutjanus fulviflamma (Forsskål, 1775)",,,23.1184,120.0886,2019-11-05,2019,11,,1,GBIF
笛鯛,"Lutjanus fulviflamma (Forsskål, 1775)",,,24.94,121.89,2018-08-01,2018,8,,1,GBIF
笛鯛,"Lutjanus fulviflamma (Forsskål, 1775)",,,25.0,121.9,2018-10-20,2018,10,,1,GBIF
笛鯛,Lutjanus fulvus,,Actinopterygii,24.58,121.86,1954-07-31,1954,7,,1,台灣水產試驗所－近海與外海標本數位典藏
笛鯛,Lutjanus fulvus,,Actinopterygii,22.57,121.0,1993-10-27,1993,10,,1,台灣水產試驗所－近海與外海標本數位典藏
笛鯛,Lutjanus fulvus,,Actinopterygii,23.05,121.23,1993-08-19,1993,8,,1,台灣水產試驗所－近海與外海標本數位典藏
笛鯛,Lutjanus fulvus,,Actinopterygii,22.42,121.2,2005-04-10,2005,4,,1,台灣水產試驗所－近海與外海標本數位典藏
笛鯛,Lutjanus fulvus,,Actinopterygii,23.05,121.23,2005-04-14,2005,4,,1,台灣水產試驗所－近海與外海標本數位典藏
笛鯛,Lutjanus fulvus,,Actinopterygii,23.05,121.23,2005-04-20,2005,4,,1,台灣水產試驗所－近海與外海標本數位典藏
笛鯛,Lutjanus fulvus,,Actinopterygii,23.05,121.23,2005-05-30,2005,5,,1,台灣水產試驗所－近海與外海標本數位典藏
笛鯛,Lutjanus fulvus,,Actinopterygii,23.05,121.23,2005-07-22,2005,7,,1,台灣水產試驗所－近海與外海標本數位典藏
笛鯛,Lutjanus fulvus,,Actinopterygii,23.05,121.24,2005-11-21,2005,11,,1,台灣水產試驗所－近海與外海標本數位典藏
笛鯛,Lutjanus fulvus,,Actinopterygii,23.05,121.24,2007-08-28,2007,8,,1,台灣水產試驗所－近海與外海標本數位典藏
笛鯛,Lutjanus fulvus,,Actinopterygii,23.05,121.22,2008/8/18,2008,8,,1,台灣水產試驗所－近海與外海標本數位典藏
笛鯛,Lutjanus fulvus,,Actinopterygii,23.05,121.22,2009/2/3,2009,2,,1,台灣水產試驗所－近海與外海標本數位典藏
笛鯛,Lutjanus fulvus,,Actinopterygii,23.1,121.25,2009/2/23,2009,2,,1,台灣水產試驗所－近海與外海標本數位典藏
笛鯛,Lutjanus fulvus,,Actinopterygii,22.48,120.46,1985-10-16,1985,10,,1,國立臺灣博物館
笛鯛,Lutjanus fulvus,,Actinopterygii,25.05,121.92,1984-04-08,1984,4,,1,國立臺灣博物館
笛鯛,Lutjanus fulvus,,Actinopterygii,25.11,121.91,1985-04-10,1985,4,,1,國立臺灣博物館
笛鯛,Lutjanus fulvus,,Actinopterygii,22.58,120.29,1945-10-01,1945,10,,1,國立臺灣博物館
笛鯛,Lutjanus fulvus,黃足笛鯛,Actinopterygii,21.97,120.71,2008-02-23,2008,2,,1,國立海洋生物博物館
笛鯛,Lutjanus fulvus,,Actinopterygii,22.44,120.47,2004-08-17,2004,8,,1,臺灣魚類資料庫
笛鯛,Lutjanus fulvus,,Actinopterygii,22.44,120.47,2004-08-15,2004,8,,1,臺灣魚類資料庫
笛鯛,Lutjanus fulvus,,Actinopterygii,22.35,120.38,2007-10-01,2007,10,,1,臺灣魚類資料庫
笛鯛,Lutjanus fulvus,,Actinopterygii,22.01,120.74,1981-02-01,1981,2,,1,臺灣魚類資料庫
笛鯛,Lutjanus fulvus,,Actinopterygii,22.01,120.74,1979-06-24,1979,6,,1,臺灣魚類資料庫
笛鯛,Lutjanus fulvus,,Actinopterygii,22.01,120.74,1978-08-18,1978,8,,1,臺灣魚類資料庫
笛鯛,Lutjanus fulvus,,Actinopterygii,21.93,120.73,1975-06-19,1975,6,,1,臺灣魚類資料庫
笛鯛,Lutjanus fulvus,,Actinopterygii,22.01,120.74,1991-05-22,1991,5,,1,臺灣魚類資料庫
笛鯛,Lutjanus fulvus,,Actinopterygii,21.96,120.76,1985-09-10,1985,9,,1,臺灣魚類資料庫
笛鯛,Lutjanus fulvus,,Actinopterygii,21.95,120.76,1988-11-28,1988,11,,1,國立海洋科技博物館
笛鯛,"Lutjanus fulvus (Forster, 1801)",,,22.3378,120.8956,2026-03-24T18:11:03,2026,3,,1,GBIF
笛鯛,"Lutjanus fulvus (Forster, 1801)",,,22.4698,120.4354,2026-03-31T02:27:28,2026,3,,1,GBIF
笛鯛,"Lutjanus fulvus (Forster, 1801)",,,22.4701,120.4362,2026-03-29T21:05:34,2026,3,,1,GBIF
笛鯛,"Lutjanus fulvus (Forster, 1801)",,,22.4696,120.4479,2026-03-31T08:14:07,2026,3,,1,GBIF
笛鯛,"Lutjanus fulvus (Forster, 1801)",,,25.0183,121.9993,2026-04-10T21:07,2026,4,,1,GBIF
笛鯛,"Lutjanus fulvus (Forster, 1801)",,,21.9482,120.7633,2026-04-19T10:56:55,2026,4,,1,GBIF
笛鯛,"Lutjanus fulvus (Forster, 1801)",,,22.4692,120.4444,2026-04-15T19:49:34,2026,4,,1,GBIF
笛鯛,"Lutjanus fulvus (Forster, 1801)",,,25.0526,121.9303,2025-03-02T17:01:09,2025,3,,1,GBIF
笛鯛,"Lutjanus fulvus (Forster, 1801)",,,21.9383,120.7878,2025-03-21T14:52:32,2025,3,,1,GBIF
笛鯛,"Lutjanus fulvus (Forster, 1801)",,,22.625,120.2621,2025-05-07T16:03,2025,5,,1,GBIF
笛鯛,"Lutjanus fulvus (Forster, 1801)",,,23.9769,121.6194,2025-08-09T19:12:34,2025,8,,1,GBIF
笛鯛,"Lutjanus fulvus (Forster, 1801)",,,22.3513,120.3644,2025-10-24T16:13,2025,10,,1,GBIF
笛鯛,"Lutjanus fulvus (Forster, 1801)",,,23.5057,121.8461,2024-01-29T11:21,2024,1,,1,GBIF
笛鯛,"Lutjanus fulvus (Forster, 1801)",,,22.3536,120.3814,2024-03-03T02:35,2024,3,,1,GBIF
笛鯛,"Lutjanus fulvus (Forster, 1801)",,,22.7922,120.3324,2024-03-23T21:54:21,2024,3,,1,GBIF
笛鯛,"Lutjanus fulvus (Forster, 1801)",,,25.0178,121.9993,2024-06-16T16:30,2024,6,,1,GBIF
笛鯛,"Lutjanus fulvus (Forster, 1801)",,,23.5711,119.5793,2024-11-05T17:13:54,2024,11,,1,GBIF
笛鯛,"Lutjanus fulvus (Forster, 1801)",,,21.9431,120.7581,2023-07-22T08:51,2023,7,,1,GBIF
笛鯛,"Lutjanus fulvus (Forster, 1801)",,,21.9287,120.7998,2023-10-28T14:20:04,2023,10,,1,GBIF
笛鯛,"Lutjanus fulvus (Forster, 1801)",,,21.9333,120.7991,2023-10-29T08:45:13,2023,10,,1,GBIF
笛鯛,"Lutjanus fulvus (Forster, 1801)",,,23.7906,121.6452,2023-10-08T11:07,2023,10,,1,GBIF
笛鯛,"Lutjanus fulvus (Forster, 1801)",,,23.6218,121.581,2023-10-09T14:46,2023,10,,1,GBIF
笛鯛,"Lutjanus fulvus (Forster, 1801)",,,21.9428,120.7528,2023-11-04T10:29,2023,11,,1,GBIF
笛鯛,"Lutjanus fulvus (Forster, 1801)",,,21.9427,120.7587,2023-11-04T09:05,2023,11,,1,GBIF
笛鯛,"Lutjanus fulvus (Forster, 1801)",,,23.5892,121.5485,2022-06-09T12:32,2022,6,,1,GBIF
笛鯛,"Lutjanus fulvus (Forster, 1801)",,,23.5704,121.6477,2022-06-12T15:14,2022,6,,1,GBIF
笛鯛,"Lutjanus fulvus (Forster, 1801)",,,23.5284,121.5225,2022-06-04T12:31,2022,6,,1,GBIF
笛鯛,"Lutjanus fulvus (Forster, 1801)",,,21.9368,120.7466,2022-08-11T11:56:24,2022,8,,1,GBIF
笛鯛,"Lutjanus fulvus (Forster, 1801)",,,21.9258,120.7448,2022-09-17T14:31:20,2022,9,,1,GBIF
笛鯛,"Lutjanus fulvus (Forster, 1801)",,,23.7618,121.6362,2022-09-18T11:39,2022,9,,1,GBIF
笛鯛,"Lutjanus fulvus (Forster, 1801)",,,23.1346,120.0717,2021-10-15,2021,10,,1,GBIF
笛鯛,"Lutjanus fulvus (Forster, 1801)",,,23.4381,121.512,2021-11-02T13:57,2021,11,,1,GBIF
笛鯛,"Lutjanus fulvus (Forster, 1801)",,,21.9377,120.7471,2021-11-21T11:33,2021,11,,1,GBIF
笛鯛,"Lutjanus fulvus (Forster, 1801)",,,21.9372,120.7474,2021-11-21T11:43,2021,11,,1,GBIF
笛鯛,"Lutjanus fulvus (Forster, 1801)",,,21.9388,120.7465,2021-11-21T09:47,2021,11,,1,GBIF
笛鯛,"Lutjanus fulvus (Forster, 1801)",,,22.9546,121.2969,2020-06-07T12:22,2020,6,,1,GBIF
笛鯛,"Lutjanus fulvus (Forster, 1801)",,,21.9375,120.7477,2020-08-07T16:10,2020,8,,1,GBIF
笛鯛,"Lutjanus fulvus (Forster, 1801)",,,23.1896,120.0858,2020-10-10T13:46,2020,10,,1,GBIF
笛鯛,"Lutjanus fulvus (Forster, 1801)",,,22.3464,120.3899,2020-12-13T11:52,2020,12,,1,GBIF
笛鯛,"Lutjanus fulvus (Forster, 1801)",,,24.94,121.89,2019-07-14,2019,7,,1,GBIF
笛鯛,"Lutjanus fulvus (Forster, 1801)",,,24.94,121.89,2018-08-01,2018,8,,1,GBIF
笛鯛,"Lutjanus fulvus (Forster, 1801)",,,25.0,121.9,2018-10-20,2018,10,,1,GBIF
笛鯛,"Lutjanus fulvus (Forster, 1801)",,,22.8375,121.1891,2018-10-25,2018,10,,1,GBIF
笛鯛,Lutjanus gibbus,,Actinopterygii,23.05,121.24,2005-11-17,2005,11,,1,台灣水產試驗所－近海與外海標本數位典藏
笛鯛,Lutjanus gibbus,,Actinopterygii,23.59,121.38,2008/4/8,2008,4,,1,台灣水產試驗所－近海與外海標本數位典藏
笛鯛,Lutjanus gibbus,,Actinopterygii,23.05,121.22,2009/8/27,2009,8,,1,台灣水產試驗所－近海與外海標本數位典藏
笛鯛,Lutjanus gibbus,,Actinopterygii,22.48,120.46,1985-10-16,1985,10,,1,國立臺灣博物館
笛鯛,Lutjanus gibbus,,Actinopterygii,24.58,121.86,1986-07-08,1986,7,,1,國立臺灣博物館
笛鯛,Lutjanus gibbus,隆背笛鯛,Actinopterygii,21.94,120.74,2008-05-31,2008,5,,1,國立海洋生物博物館
笛鯛,Lutjanus gibbus,,Actinopterygii,22.82,121.2,2005-10-07,2005,10,,1,臺灣魚類資料庫
笛鯛,Lutjanus gibbus,,Actinopterygii,24.59,121.87,2005-10-05,2005,10,,1,臺灣魚類資料庫
笛鯛,Lutjanus gibbus,,Actinopterygii,22.32,120.35,2007-10-04,2007,10,,1,臺灣魚類資料庫
笛鯛,Lutjanus gibbus,,Actinopterygii,22.01,120.74,1981-02-19,1981,2,,1,臺灣魚類資料庫
笛鯛,Lutjanus gibbus,,Actinopterygii,22.01,120.74,1986-06-07,1986,6,,1,臺灣魚類資料庫
笛鯛,Lutjanus gibbus,,Actinopterygii,22.01,120.74,1985-04-26,1985,4,,1,臺灣魚類資料庫
笛鯛,Lutjanus gibbus,,Actinopterygii,24.94,121.9,1990-03-21,1990,3,,1,國立海洋科技博物館
笛鯛,"Lutjanus gibbus (Forsskål, 1775)",,,22.3395,120.3612,2026-02-28T02:15:31,2026,2,,1,GBIF
笛鯛,"Lutjanus gibbus (Forsskål, 1775)",,,23.2277,121.4165,2025-04-05T13:42,2025,4,,1,GBIF
笛鯛,"Lutjanus gibbus (Forsskål, 1775)",,,25.4861,122.1027,2025-09-30,2025,9,,1,GBIF
笛鯛,"Lutjanus gibbus (Forsskål, 1775)",,,23.1569,121.4039,2024-12-01T12:22:46,2024,12,,1,GBIF
笛鯛,"Lutjanus gibbus (Forsskål, 1775)",,,23.6944,121.6438,2023-07-29T16:29,2023,7,,1,GBIF
笛鯛,"Lutjanus gibbus (Forsskål, 1775)",,,23.601,121.774,2023-07-30T16:29,2023,7,,1,GBIF
笛鯛,"Lutjanus gibbus (Forsskål, 1775)",,,23.5964,121.5848,2023-10-14T16:09,2023,10,,1,GBIF
笛鯛,"Lutjanus gibbus (Forsskål, 1775)",,,23.5101,121.5614,2022-07-26T10:34,2022,7,,1,GBIF
笛鯛,"Lutjanus gibbus (Forsskål, 1775)",,,23.3525,121.5216,2022-08-28T11:39,2022,8,,1,GBIF
笛鯛,"Lutjanus gibbus (Forsskål, 1775)",,,22.6512,121.4727,2021-03-31T15:26:02,2021,3,,1,GBIF
笛鯛,"Lutjanus gibbus (Forsskål, 1775)",,,23.4699,121.5391,2021-09-17T17:11,2021,9,,1,GBIF
笛鯛,"Lutjanus gibbus (Forsskål, 1775)",,,23.1897,120.0859,2020-04-29T13:43,2020,4,,1,GBIF
笛鯛,"Lutjanus gibbus (Forsskål, 1775)",,,22.6771,121.4739,2020-06-27T11:16,2020,6,,1,GBIF
笛鯛,"Lutjanus gibbus (Forsskål, 1775)",,,22.6776,121.4815,2020-06-25T17:52,2020,6,,1,GBIF
笛鯛,"Lutjanus gibbus (Forsskål, 1775)",,,22.3455,120.3892,2020-12-12T15:15,2020,12,,1,GBIF
笛鯛,Lutjanus johnii,,Actinopterygii,22.58,120.29,1986-01-07,1986,1,,1,國立臺灣博物館
笛鯛,Lutjanus johnii,,Actinopterygii,22.01,120.74,1992-08-03,1992,8,,1,臺灣魚類資料庫
笛鯛,Lutjanus johnii,,Actinopterygii,22.32,120.36,2007-10-03,2007,10,,1,臺灣魚類資料庫
笛鯛,Lutjanus johnii,,Actinopterygii,22.58,120.29,1986-01-16,1986,1,,1,臺灣魚類資料庫
笛鯛,Lutjanus johnii,,Actinopterygii,25.23,121.68,1990-09-14,1990,9,,1,國立海洋科技博物館
笛鯛,"Lutjanus johnii (Bloch, 1792)",,,25.012,121.0299,2025-10-16,2025,10,,1,GBIF
笛鯛,"Lutjanus johnii (Bloch, 1792)",,,22.4726,120.4546,2025-11-01T16:57:28,2025,11,,1,GBIF
笛鯛,"Lutjanus johnii (Bloch, 1792)",,,25.2179,121.3606,2022-07-14,2022,7,,1,GBIF
笛鯛,"Lutjanus johnii (Bloch, 1792)",,,24.5079,120.6485,2021-07-15,2021,7,,1,GBIF
笛鯛,"Lutjanus johnii (Bloch, 1792)",,,23.1081,120.0434,2021-08-13T09:01,2021,8,,1,GBIF
笛鯛,"Lutjanus johnii (Bloch, 1792)",,,24.186,120.0324,2021-08-01,2021,8,,1,GBIF
笛鯛,"Lutjanus johnii (Bloch, 1792)",,,24.1416,119.9651,2021-08-01,2021,8,,1,GBIF
笛鯛,"Lutjanus johnii (Bloch, 1792)",,,22.5468,120.162,2020-07-02,2020,7,,1,GBIF
笛鯛,"Lutjanus johnii (Bloch, 1792)",,,23.1896,120.0858,2020-11-26T13:46,2020,11,,1,GBIF
笛鯛,"Lutjanus johnii (Bloch, 1792)",,,24.0,121.6,2019-10-08,2019,10,,1,GBIF
笛鯛,"Lutjanus johnii (Bloch, 1792)",,,23.1897,120.0859,2019-12-09T13:35,2019,12,,1,GBIF
笛鯛,Lutjanus kasmira,,Actinopterygii,25.16,121.76,1952-02-01,1952,2,,1,台灣水產試驗所－近海與外海標本數位典藏
笛鯛,Lutjanus kasmira,,Actinopterygii,25.16,121.76,1955-06-03,1955,6,,1,台灣水產試驗所－近海與外海標本數位典藏
笛鯛,Lutjanus kasmira,,Actinopterygii,23.05,121.23,1994-01-04,1994,1,,1,台灣水產試驗所－近海與外海標本數位典藏
笛鯛,Lutjanus kasmira,,Actinopterygii,23.05,121.22,2009/2/3,2009,2,,1,台灣水產試驗所－近海與外海標本數位典藏
笛鯛,Lutjanus kasmira,,Actinopterygii,23.1,121.25,2009/8/18,2009,8,,1,台灣水產試驗所－近海與外海標本數位典藏
笛鯛,Lutjanus kasmira,四線笛鯛,Actinopterygii,21.94,120.74,2008-01-30,2008,1,,1,國立海洋生物博物館
笛鯛,Lutjanus kasmira,,Actinopterygii,22.47,120.43,2007-10-03,2007,10,,1,臺灣魚類資料庫
笛鯛,Lutjanus kasmira,,Actinopterygii,24.58,121.86,1970-11-07,1970,11,,1,臺灣魚類資料庫
笛鯛,Lutjanus kasmira,,Actinopterygii,22.01,120.74,1987-05-09,1987,5,,1,臺灣魚類資料庫
笛鯛,Lutjanus kasmira,,Actinopterygii,22.01,120.74,1990-08-13,1990,8,,1,臺灣魚類資料庫
笛鯛,Lutjanus kasmira,,Actinopterygii,25.2,121.68,1979-07-31,1979,7,,1,臺灣魚類資料庫
笛鯛,Lutjanus kasmira,,Actinopterygii,22.0,120.75,1990-08-13,1990,8,,1,國立海洋科技博物館
笛鯛,"Lutjanus kasmira (Forsskål, 1775)",,,21.9371,120.7651,2026-02-17T11:39,2026,2,,1,GBIF
笛鯛,"Lutjanus kasmira (Forsskål, 1775)",,,21.827,120.6839,2025-03-03T15:34,2025,3,,1,GBIF
笛鯛,"Lutjanus kasmira (Forsskål, 1775)",,,20.5091,121.7733,2024-02-05T07:18,2024,2,,1,GBIF
笛鯛,"Lutjanus kasmira (Forsskål, 1775)",,,25.1135,121.9199,2024-09-01T13:09,2024,9,,1,GBIF
笛鯛,"Lutjanus kasmira (Forsskål, 1775)",,,22.0828,121.5212,2024-09-08T10:35,2024,9,,1,GBIF
笛鯛,"Lutjanus kasmira (Forsskål, 1775)",,,22.3454,120.3736,2024-10-12T15:39,2024,10,,1,GBIF
笛鯛,"Lutjanus kasmira (Forsskål, 1775)",,,24.8618,121.9402,2022-08-13T13:00:42,2022,8,,1,GBIF
笛鯛,"Lutjanus kasmira (Forsskål, 1775)",,,22.0524,121.5721,2022-08-07T10:05:17,2022,8,,1,GBIF
笛鯛,"Lutjanus kasmira (Forsskål, 1775)",,,21.9286,120.8026,2021-12-12T09:10,2021,12,,1,GBIF
笛鯛,"Lutjanus kasmira (Forsskål, 1775)",,,21.9375,120.7477,2020-08-07T16:36,2020,8,,1,GBIF
笛鯛,"Lutjanus kasmira (Forsskål, 1775)",,,21.9359,120.7537,2020-08-07T11:01,2020,8,,1,GBIF
笛鯛,"Lutjanus kasmira (Forsskål, 1775)",,,21.9905,120.7088,2019-03-09,2019,3,,1,GBIF
笛鯛,Lutjanus lemniscatus,,Actinopterygii,25.3,121.56,1977-05-01,1977,5,,1,臺灣魚類資料庫
笛鯛,"Lutjanus lemniscatus (Valenciennes, 1828)",,,22.9874,120.1492,2023-11-01T07:35:53,2023,11,,1,GBIF
笛鯛,Lutjanus lunulatus,,Actinopterygii,22.45,121.2,2006-03-26,2006,3,,1,台灣水產試驗所－近海與外海標本數位典藏
笛鯛,Lutjanus lunulatus,,Actinopterygii,23.05,121.24,2006-06-08,2006,6,,1,台灣水產試驗所－近海與外海標本數位典藏
笛鯛,Lutjanus lunulatus,,Actinopterygii,22.5,121.3,2006-06-13,2006,6,,1,台灣水產試驗所－近海與外海標本數位典藏
笛鯛,Lutjanus lunulatus,,Actinopterygii,22.57,121.19,2007-02-05,2007,2,,1,台灣水產試驗所－近海與外海標本數位典藏
笛鯛,"Lutjanus lunulatus (Park, 1797)",,,22.45,120.4167,2017-02-27,2017,2,,1,GBIF
笛鯛,Lutjanus lutjanus,,Actinopterygii,25.16,121.76,1956-10-01,1956,10,,1,台灣水產試驗所－近海與外海標本數位典藏
笛鯛,Lutjanus lutjanus,,Actinopterygii,23.05,121.24,2006-03-06,2006,3,,1,台灣水產試驗所－近海與外海標本數位典藏
笛鯛,Lutjanus lutjanus,,Actinopterygii,23.05,121.22,2007-09-29,2007,9,,1,台灣水產試驗所－近海與外海標本數位典藏
笛鯛,Lutjanus lutjanus,,Actinopterygii,23.05,121.22,2009/2/3,2009,2,,1,台灣水產試驗所－近海與外海標本數位典藏
笛鯛,Lutjanus lutjanus,,Actinopterygii,23.57,119.56,1946-08-01,1946,8,,1,國立臺灣博物館
笛鯛,Lutjanus lutjanus,,Actinopterygii,24.58,121.86,1986-07-08,1986,7,,1,國立臺灣博物館
笛鯛,Lutjanus lutjanus,正笛鯛,Actinopterygii,21.94,120.74,2008-09-20,2008,9,,1,國立海洋生物博物館
笛鯛,Lutjanus lutjanus,,Actinopterygii,22.47,120.43,2004-08-16,2004,8,,1,臺灣魚類資料庫
笛鯛,Lutjanus lutjanus,,Actinopterygii,23.1,121.37,2005-04-27,2005,4,,1,臺灣魚類資料庫
笛鯛,Lutjanus lutjanus,,Actinopterygii,22.82,121.2,2005-04-28,2005,4,,1,臺灣魚類資料庫
笛鯛,Lutjanus lutjanus,,Actinopterygii,23.55,119.56,2006-09-09,2006,9,,1,臺灣魚類資料庫
笛鯛,Lutjanus lutjanus,,Actinopterygii,22.01,120.74,1970-05-01,1970,5,,1,臺灣魚類資料庫
笛鯛,Lutjanus lutjanus,,Actinopterygii,22.01,120.74,1979-12-18,1979,12,,1,臺灣魚類資料庫
笛鯛,Lutjanus lutjanus,,Actinopterygii,22.01,120.74,1977-07-07,1977,7,,1,臺灣魚類資料庫
笛鯛,Lutjanus lutjanus,,Actinopterygii,22.0,120.75,1991-05-22,1991,5,,1,國立海洋科技博物館
笛鯛,"Lutjanus lutjanus Bloch, 1790",,,25.1146,121.9192,2023-08-23T13:48:50,2023,8,,1,GBIF
笛鯛,Lutjanus madras,,Actinopterygii,22.47,120.43,2004-08-17,2004,8,,1,臺灣魚類資料庫
笛鯛,Lutjanus malabaricus,,Actinopterygii,23.1,121.22,2006-03-18,2006,3,,1,台灣水產試驗所－近海與外海標本數位典藏
笛鯛,Lutjanus malabaricus,,Actinopterygii,22.47,120.43,2005-04-28,2005,4,,1,臺灣魚類資料庫
笛鯛,Lutjanus malabaricus,,Actinopterygii,22.01,120.74,1998-04-15,1998,4,,1,臺灣魚類資料庫
笛鯛,Lutjanus malabaricus,,Actinopterygii,22.58,120.29,1973-10-01,1973,10,,1,臺灣魚類資料庫
笛鯛,Lutjanus malabaricus,,Actinopterygii,22.58,120.29,1987-04-01,1987,4,,1,臺灣魚類資料庫
笛鯛,Lutjanus monostigma,,Actinopterygii,22.48,120.46,1950-07-01,1950,7,,1,台灣水產試驗所－近海與外海標本數位典藏
笛鯛,Lutjanus monostigma,,Actinopterygii,23.01,121.2,2005-11-21,2005,11,,1,台灣水產試驗所－近海與外海標本數位典藏
笛鯛,Lutjanus monostigma,,Actinopterygii,23.05,121.24,2009/2/13,2009,2,,1,台灣水產試驗所－近海與外海標本數位典藏
笛鯛,Lutjanus monostigma,,Actinopterygii,23.1,121.25,2009/2/23,2009,2,,1,台灣水產試驗所－近海與外海標本數位典藏
笛鯛,Lutjanus monostigma,單斑笛鯛,Actinopterygii,22.04,120.69,2010-05-13,2010,5,,1,國立海洋生物博物館
笛鯛,Lutjanus monostigma,,Actinopterygii,22.44,120.47,2003-07-28,2003,7,,1,臺灣魚類資料庫
笛鯛,Lutjanus monostigma,,Actinopterygii,23.55,119.56,2006-09-06,2006,9,,1,臺灣魚類資料庫
笛鯛,Lutjanus monostigma,,Actinopterygii,22.32,120.36,2007-10-03,2007,10,,1,臺灣魚類資料庫
笛鯛,Lutjanus monostigma,,Actinopterygii,22.32,120.36,2007-10-04,2007,10,,1,臺灣魚類資料庫
笛鯛,Lutjanus monostigma,,Actinopterygii,21.95,120.79,1993-05-12,1993,5,,1,臺灣魚類資料庫
笛鯛,Lutjanus monostigma,,Actinopterygii,22.06,121.51,1993-07-07,1993,7,,1,臺灣魚類資料庫
笛鯛,Lutjanus monostigma,,Actinopterygii,21.93,120.73,1975-01-14,1975,1,,1,臺灣魚類資料庫
笛鯛,Lutjanus monostigma,,Actinopterygii,22.03,120.72,1978-10-04,1978,10,,1,臺灣魚類資料庫
笛鯛,Lutjanus monostigma,,Actinopterygii,22.01,120.74,1990-08-13,1990,8,,1,臺灣魚類資料庫
笛鯛,Lutjanus monostigma,,Actinopterygii,22.03,120.72,1985-10-08,1985,10,,1,臺灣魚類資料庫
笛鯛,Lutjanus monostigma,,Actinopterygii,25.02,121.93,1987-11-01,1987,11,,1,臺灣魚類資料庫
笛鯛,Lutjanus monostigma,,Actinopterygii,24.95,120.31,1977-11-29,1977,11,,1,國立海洋科技博物館
笛鯛,"Lutjanus monostigma (Cuvier, 1828)",,,22.6828,121.4862,2025-07-05T04:19:18,2025,7,,1,GBIF
笛鯛,"Lutjanus monostigma (Cuvier, 1828)",,,21.912,120.8475,2023-06-08T20:10,2023,6,,1,GBIF
笛鯛,"Lutjanus monostigma (Cuvier, 1828)",,,25.2365,121.4447,2022-05-10T16:54:24,2022,5,,1,GBIF
笛鯛,"Lutjanus monostigma (Cuvier, 1828)",,,24.4855,120.2871,2022-08-01,2022,8,,1,GBIF
笛鯛,"Lutjanus monostigma (Cuvier, 1828)",,,23.1346,120.0717,2021-11-10,2021,11,,1,GBIF
笛鯛,"Lutjanus monostigma (Cuvier, 1828)",,,22.6776,121.4815,2020-06-25T17:54,2020,6,,1,GBIF
笛鯛,"Lutjanus monostigma (Cuvier, 1828)",,,21.9335,120.7469,2020-07-26T19:27,2020,7,,1,GBIF
笛鯛,"Lutjanus monostigma (Cuvier, 1828)",,,21.9306,120.7453,2020-08-09T17:06,2020,8,,1,GBIF
笛鯛,"Lutjanus monostigma (Cuvier, 1828)",,,23.108,120.0434,2018-07-19,2018,7,,1,GBIF
笛鯛,"Lutjanus monostigma (Cuvier, 1828)",,,22.3303,120.3703,2016-05-31,2016,5,,1,GBIF
笛鯛,"Lutjanus monostigma (Cuvier, 1828)",,,23.1245,120.074,2016-07-26,2016,7,,1,GBIF
笛鯛,"Lutjanus monostigma (Cuvier, 1828)",,,23.1438,120.0763,2016-10-03,2016,10,,1,GBIF
笛鯛,Lutjanus ophuysenii,,Actinopterygii,25.2,121.67,2008-10-30,2008,10,,1,臺灣魚類資料庫
笛鯛,Lutjanus ophuysenii,,Actinopterygii,22.58,120.29,1986-05-20,1986,5,,1,臺灣魚類資料庫
笛鯛,Lutjanus ophuysenii,,Actinopterygii,23.57,119.56,1975-07-18,1975,7,,1,臺灣魚類資料庫
笛鯛,"Lutjanus ophuysenii (Bleeker, 1860)",,,24.4479,118.2733,2025-10-11T13:44:27,2025,10,,1,GBIF
笛鯛,"Lutjanus ophuysenii (Bleeker, 1860)",,,25.1732,121.4196,2021-08-05,2021,8,,1,GBIF
笛鯛,Lutjanus quinquelineatus,,Actinopterygii,25.16,121.76,1955-10-15,1955,10,,1,台灣水產試驗所－近海與外海標本數位典藏
笛鯛,Lutjanus quinquelineatus,,Actinopterygii,23.05,121.23,1993-11-16,1993,11,,1,台灣水產試驗所－近海與外海標本數位典藏
笛鯛,Lutjanus quinquelineatus,,Actinopterygii,23.05,121.24,2005-09-15,2005,9,,1,台灣水產試驗所－近海與外海標本數位典藏
笛鯛,Lutjanus quinquelineatus,,Actinopterygii,23.05,121.24,2005-10-07,2005,10,,1,台灣水產試驗所－近海與外海標本數位典藏
笛鯛,Lutjanus quinquelineatus,,Actinopterygii,23.05,121.22,2007-11-04,2007,11,,1,台灣水產試驗所－近海與外海標本數位典藏
笛鯛,Lutjanus quinquelineatus,,Actinopterygii,23.09,121.38,2007-12-04,2007,12,,1,台灣水產試驗所－近海與外海標本數位典藏
笛鯛,Lutjanus quinquelineatus,五線笛鯛,Actinopterygii,22.09,120.71,2008-05-26,2008,5,,1,國立海洋生物博物館
笛鯛,Lutjanus quinquelineatus,,Actinopterygii,22.82,121.2,2005-04-28,2005,4,,1,臺灣魚類資料庫
笛鯛,Lutjanus quinquelineatus,,Actinopterygii,22.01,120.74,1979-12-18,1979,12,,1,臺灣魚類資料庫
笛鯛,Lutjanus quinquelineatus,,Actinopterygii,22.0,120.75,1979-02-21,1979,2,,1,國立海洋科技博物館
笛鯛,"Lutjanus quinquelineatus (Bloch, 1790)",,,21.7673,120.8253,2025-03-22T12:24:54,2025,3,,1,GBIF
笛鯛,"Lutjanus quinquelineatus (Bloch, 1790)",,,25.1444,121.8057,2024-01-20T21:08,2024,1,,1,GBIF
笛鯛,"Lutjanus quinquelineatus (Bloch, 1790)",,,22.9875,120.1486,2024-10-09T07:36:29,2024,10,,1,GBIF
笛鯛,"Lutjanus quinquelineatus (Bloch, 1790)",,,21.9312,120.7451,2023-05-17T13:46,2023,5,,1,GBIF
笛鯛,"Lutjanus quinquelineatus (Bloch, 1790)",,,25.1171,121.9182,2023-08-23T12:10:42,2023,8,,1,GBIF
笛鯛,"Lutjanus quinquelineatus (Bloch, 1790)",,,25.1137,121.9198,2023-09-30T11:08,2023,9,,1,GBIF
笛鯛,"Lutjanus quinquelineatus (Bloch, 1790)",,,25.1277,121.8315,2022-09-09T17:22,2022,9,,1,GBIF
笛鯛,"Lutjanus quinquelineatus (Bloch, 1790)",,,21.9321,120.752,2022-09-17T14:31:20,2022,9,,1,GBIF
笛鯛,"Lutjanus quinquelineatus (Bloch, 1790)",,,21.92,120.7735,2022-09-18T08:53:26,2022,9,,1,GBIF
笛鯛,"Lutjanus quinquelineatus (Bloch, 1790)",,,23.1862,120.0881,2021-07-20T09:56:16,2021,7,,1,GBIF
笛鯛,"Lutjanus quinquelineatus (Bloch, 1790)",,,23.9642,121.6106,2020-07-29T19:22,2020,7,,1,GBIF
笛鯛,"Lutjanus quinquelineatus (Bloch, 1790)",,,21.9375,120.7477,2020-08-07T16:36,2020,8,,1,GBIF
笛鯛,"Lutjanus quinquelineatus (Bloch, 1790)",,,21.9383,120.7465,2020-11-01T00:00,2020,11,,1,GBIF
笛鯛,Lutjanus rivulatus,,Actinopterygii,25.16,121.76,1951-07-13,1951,7,,1,台灣水產試驗所－近海與外海標本數位典藏
笛鯛,Lutjanus rivulatus,,Actinopterygii,22.57,121.0,1993-10-23,1993,10,,1,台灣水產試驗所－近海與外海標本數位典藏
笛鯛,Lutjanus rivulatus,,Actinopterygii,23.05,121.23,2005-08-18,2005,8,,1,台灣水產試驗所－近海與外海標本數位典藏
笛鯛,Lutjanus rivulatus,,Actinopterygii,23.05,121.22,2008/1/17,2008,1,,1,台灣水產試驗所－近海與外海標本數位典藏
笛鯛,Lutjanus rivulatus,,Actinopterygii,23.05,121.23,2009/8/18,2009,8,,1,台灣水產試驗所－近海與外海標本數位典藏
笛鯛,Lutjanus rivulatus,,Actinopterygii,23.57,119.56,1977-06-20,1977,6,,1,國立臺灣博物館
笛鯛,Lutjanus rivulatus,海雞母笛鯛,Actinopterygii,21.94,120.74,2008-04-12,2008,4,,1,國立海洋生物博物館
笛鯛,Lutjanus rivulatus,,Actinopterygii,22.82,121.2,2005-03-10,2005,3,,1,臺灣魚類資料庫
笛鯛,Lutjanus rivulatus,,Actinopterygii,22.82,121.2,2005-10-07,2005,10,,1,臺灣魚類資料庫
笛鯛,Lutjanus rivulatus,,Actinopterygii,22.01,120.74,1980-02-26,1980,2,,1,臺灣魚類資料庫
笛鯛,Lutjanus rivulatus,,Actinopterygii,22.01,120.74,1982-03-07,1982,3,,1,臺灣魚類資料庫
笛鯛,Lutjanus rivulatus,,Actinopterygii,25.16,121.76,1977-03-17,1977,3,,1,臺灣魚類資料庫
笛鯛,Lutjanus rivulatus,,Actinopterygii,22.03,120.72,1977-10-03,1977,10,,1,臺灣魚類資料庫
笛鯛,Lutjanus rivulatus,,Actinopterygii,22.01,120.74,1981-08-20,1981,8,,1,臺灣魚類資料庫
笛鯛,Lutjanus rivulatus,,Actinopterygii,22.81,120.21,1990-08-15,1990,8,,1,國立海洋科技博物館
笛鯛,"Lutjanus rivulatus (Cuvier, 1828)",,,22.0414,120.6976,2026-01-02T09:07:55,2026,1,,1,GBIF
笛鯛,"Lutjanus rivulatus (Cuvier, 1828)",,,22.4773,120.4177,2026-03-29T11:14:37,2026,3,,1,GBIF
笛鯛,"Lutjanus rivulatus (Cuvier, 1828)",,,22.3626,120.5933,2026-04-30T21:49:52,2026,4,,1,GBIF
笛鯛,"Lutjanus rivulatus (Cuvier, 1828)",,,22.7919,121.1934,2025-06-19T12:38,2025,6,,1,GBIF
笛鯛,"Lutjanus rivulatus (Cuvier, 1828)",,,22.8659,121.2304,2024-01-28T14:52,2024,1,,1,GBIF
笛鯛,"Lutjanus rivulatus (Cuvier, 1828)",,,23.6137,121.6587,2024-01-19T10:54,2024,1,,1,GBIF
笛鯛,"Lutjanus rivulatus (Cuvier, 1828)",,,22.9867,120.1491,2024-09-14T07:13:40,2024,9,,1,GBIF
笛鯛,"Lutjanus rivulatus (Cuvier, 1828)",,,23.1557,120.1097,2024-12-29T13:29:57,2024,12,,1,GBIF
笛鯛,"Lutjanus rivulatus (Cuvier, 1828)",,,23.4835,121.5523,2023-05-02T10:16,2023,5,,1,GBIF
笛鯛,"Lutjanus rivulatus (Cuvier, 1828)",,,23.7107,121.5788,2023-06-05T11:28,2023,6,,1,GBIF
笛鯛,"Lutjanus rivulatus (Cuvier, 1828)",,,23.6027,121.5808,2023-06-23T11:37,2023,6,,1,GBIF
笛鯛,"Lutjanus rivulatus (Cuvier, 1828)",,,23.6108,121.7222,2023-07-29T16:29,2023,7,,1,GBIF
笛鯛,"Lutjanus rivulatus (Cuvier, 1828)",,,23.5506,121.5664,2023-07-21T16:29,2023,7,,1,GBIF
笛鯛,"Lutjanus rivulatus (Cuvier, 1828)",,,23.6725,121.6954,2023-07-31T17:51,2023,7,,1,GBIF
笛鯛,"Lutjanus rivulatus (Cuvier, 1828)",,,24.0857,120.3865,2023-08-30T07:15:23,2023,8,,1,GBIF
笛鯛,"Lutjanus rivulatus (Cuvier, 1828)",,,23.4514,121.5368,2023-09-24T16:09,2023,9,,1,GBIF
笛鯛,"Lutjanus rivulatus (Cuvier, 1828)",,,23.6258,121.5752,2023-10-09T14:17,2023,10,,1,GBIF
笛鯛,"Lutjanus rivulatus (Cuvier, 1828)",,,23.4229,121.5796,2023-11-01T09:52,2023,11,,1,GBIF
笛鯛,"Lutjanus rivulatus (Cuvier, 1828)",,,23.5515,121.5935,2023-11-01T11:05,2023,11,,1,GBIF
笛鯛,"Lutjanus rivulatus (Cuvier, 1828)",,,23.664,121.6354,2023-11-03T12:06,2023,11,,1,GBIF
笛鯛,"Lutjanus rivulatus (Cuvier, 1828)",,,23.4995,121.5631,2023-11-06T14:54,2023,11,,1,GBIF
笛鯛,"Lutjanus rivulatus (Cuvier, 1828)",,,23.6809,121.6768,2023-11-08T09:53,2023,11,,1,GBIF
笛鯛,"Lutjanus rivulatus (Cuvier, 1828)",,,21.9753,120.8447,2020-09-03T17:49:52,2020,9,,1,GBIF
笛鯛,Lutjanus russellii,,Actinopterygii,24.47,120.6,2002/12/3 00:00:00,2002,12,,1,臺灣周邊底拖網調查資料集
笛鯛,Lutjanus russellii,,Actinopterygii,23.53,119.67,2003/7/21 00:00:00,2003,7,,1,臺灣周邊底拖網調查資料集
笛鯛,Lutjanus russellii,,Actinopterygii,23.56,119.67,2003/7/21 00:00:00,2003,7,,1,臺灣周邊底拖網調查資料集
笛鯛,Lutjanus russellii,,Actinopterygii,25.16,121.76,1952-01-01,1952,1,,1,台灣水產試驗所－近海與外海標本數位典藏
笛鯛,Lutjanus russellii,,Actinopterygii,23.05,121.23,2005-07-22,2005,7,,1,台灣水產試驗所－近海與外海標本數位典藏
笛鯛,Lutjanus russellii,,Actinopterygii,23.01,121.2,2005-11-21,2005,11,,1,台灣水產試驗所－近海與外海標本數位典藏
笛鯛,Lutjanus russellii,,Actinopterygii,22.57,121.17,2007-09-21,2007,9,,1,台灣水產試驗所－近海與外海標本數位典藏
笛鯛,Lutjanus russellii,,Actinopterygii,22.58,120.29,1945-10-01,1945,10,,1,國立臺灣博物館
笛鯛,Lutjanus russellii,,Actinopterygii,25.18,121.43,1948-02-25,1948,2,,1,國立臺灣博物館
笛鯛,Lutjanus russellii,,Actinopterygii,23.57,119.56,1946-08-01,1946,8,,1,國立臺灣博物館
笛鯛,Lutjanus russellii,勒氏笛鯛,Actinopterygii,21.97,120.71,2008-02-23,2008,2,,1,國立海洋生物博物館
笛鯛,Lutjanus russellii,,Actinopterygii,24.52,120.64,2002-09-03,2002,9,,1,臺灣魚類資料庫
笛鯛,Lutjanus russellii,,Actinopterygii,21.96,120.72,2001-09-22,2001,9,,1,臺灣魚類資料庫
笛鯛,Lutjanus russellii,,Actinopterygii,22.44,120.47,2004-08-16,2004,8,,1,臺灣魚類資料庫
笛鯛,Lutjanus russellii,,Actinopterygii,23.55,119.56,2006-09-06,2006,9,,1,臺灣魚類資料庫
笛鯛,Lutjanus russellii,,Actinopterygii,25.19,121.68,2004-09-02,2004,9,,1,臺灣魚類資料庫
笛鯛,Lutjanus russellii,,Actinopterygii,24.47,120.6,2002-12-03,2002,12,,1,臺灣魚類資料庫
笛鯛,Lutjanus russellii,,Actinopterygii,23.53,119.67,2003-07-21,2003,7,,1,臺灣魚類資料庫
笛鯛,Lutjanus russellii,,Actinopterygii,23.56,119.67,2003-07-21,2003,7,,1,臺灣魚類資料庫
笛鯛,Lutjanus russellii,,Actinopterygii,22.47,120.43,1981-01-16,1981,1,,1,臺灣魚類資料庫
笛鯛,Lutjanus russellii,,Actinopterygii,22.47,120.43,1979-12-19,1979,12,,1,臺灣魚類資料庫
笛鯛,Lutjanus russellii,,Actinopterygii,22.01,120.74,1982-03-08,1982,3,,1,臺灣魚類資料庫
笛鯛,Lutjanus russellii,,Actinopterygii,22.58,120.29,1986-01-16,1986,1,,1,臺灣魚類資料庫
笛鯛,Lutjanus russellii,,Actinopterygii,25.3,121.56,1977-11-25,1977,11,,1,臺灣魚類資料庫
笛鯛,Lutjanus russellii,,Actinopterygii,25.2,121.67,1977-07-16,1977,7,,1,臺灣魚類資料庫
笛鯛,Lutjanus russellii,,Actinopterygii,25.14,121.45,1996-09-11,1996,9,,1,臺灣魚類資料庫
笛鯛,Lutjanus russellii,,Actinopterygii,22.44,120.47,2000-06-29,2000,6,,1,臺灣魚類資料庫
笛鯛,Lutjanus russellii,,Actinopterygii,22.0,120.75,1990-08-13,1990,8,,1,國立海洋科技博物館
笛鯛,"Lutjanus russellii (Bleeker, 1849)",,,22.4711,120.4517,2026-02-22T11:36:02,2026,2,,1,GBIF
笛鯛,"Lutjanus russellii (Bleeker, 1849)",,,24.435,118.2683,2026-02-21T10:43,2026,2,,1,GBIF
笛鯛,"Lutjanus russellii (Bleeker, 1849)",,,21.9482,120.7633,2026-04-19T09:26:26,2026,4,,1,GBIF
笛鯛,"Lutjanus russellii (Bleeker, 1849)",,,23.4392,120.1462,2026-05-17T14:45:44,2026,5,,1,GBIF
笛鯛,"Lutjanus russellii (Bleeker, 1849)",,,24.9869,121.0149,2025-02-04,2025,2,,1,GBIF
笛鯛,"Lutjanus russellii (Bleeker, 1849)",,,24.2999,120.4867,2025-04-20T06:25:47,2025,4,,1,GBIF
笛鯛,"Lutjanus russellii (Bleeker, 1849)",,,24.8987,121.8567,2025-05-30T17:32,2025,5,,1,GBIF
笛鯛,"Lutjanus russellii (Bleeker, 1849)",,,24.8399,121.82,2025-06-14T12:27:07,2025,6,,1,GBIF
笛鯛,"Lutjanus russellii (Bleeker, 1849)",,,25.1276,121.8319,2025-06-15T11:36,2025,6,,1,GBIF
笛鯛,"Lutjanus russellii (Bleeker, 1849)",,,25.1461,121.8067,2025-06-14T10:34:36,2025,6,,1,GBIF
笛鯛,"Lutjanus russellii (Bleeker, 1849)",,,24.528,118.5977,2025-07-13T18:32:21,2025,7,,1,GBIF
笛鯛,"Lutjanus russellii (Bleeker, 1849)",,,25.1989,121.7073,2025-08-02T02:37,2025,8,,1,GBIF
笛鯛,"Lutjanus russellii (Bleeker, 1849)",,,25.1134,121.92,2025-08-09T16:02,2025,8,,1,GBIF
笛鯛,"Lutjanus russellii (Bleeker, 1849)",,,25.0874,121.1772,2025-09-04T16:27:08,2025,9,,1,GBIF
笛鯛,"Lutjanus russellii (Bleeker, 1849)",,,25.4818,119.7525,2025-09-11T18:57:31,2025,9,,1,GBIF
笛鯛,"Lutjanus russellii (Bleeker, 1849)",,,22.4532,120.4796,2025-11-01T21:14:13,2025,11,,1,GBIF
笛鯛,"Lutjanus russellii (Bleeker, 1849)",,,25.0855,121.176,2025-12-14T11:37:13,2025,12,,1,GBIF
笛鯛,"Lutjanus russellii (Bleeker, 1849)",,,23.1128,120.052,2024-01-12T12:35:19,2024,1,,1,GBIF
笛鯛,"Lutjanus russellii (Bleeker, 1849)",,,23.452,120.1764,2024-03-13T14:51,2024,3,,1,GBIF
笛鯛,"Lutjanus russellii (Bleeker, 1849)",,,24.9869,121.0149,2024-07-01,2024,7,,1,GBIF
笛鯛,"Lutjanus russellii (Bleeker, 1849)",,,25.1135,121.9199,2024-09-01T13:02,2024,9,,1,GBIF
笛鯛,"Lutjanus russellii (Bleeker, 1849)",,,23.5711,119.5793,2024-10-27T23:07:46,2024,10,,1,GBIF
笛鯛,"Lutjanus russellii (Bleeker, 1849)",,,24.9869,121.0149,2023-07-13,2023,7,,1,GBIF
笛鯛,"Lutjanus russellii (Bleeker, 1849)",,,23.6777,121.715,2023-11-02T11:16,2023,11,,1,GBIF
笛鯛,"Lutjanus russellii (Bleeker, 1849)",,,25.1176,121.2414,2023-11-19T14:30,2023,11,,1,GBIF
笛鯛,"Lutjanus russellii (Bleeker, 1849)",,,24.5486,118.103,2023-12-01T20:11:29,2023,12,,1,GBIF
笛鯛,"Lutjanus russellii (Bleeker, 1849)",,,23.1346,120.0717,2022-01-12,2022,1,,1,GBIF
笛鯛,"Lutjanus russellii (Bleeker, 1849)",,,25.1727,121.4149,2022-02-11,2022,2,,1,GBIF
笛鯛,"Lutjanus russellii (Bleeker, 1849)",,,24.8586,120.8641,2022-04-29,2022,4,,1,GBIF
笛鯛,"Lutjanus russellii (Bleeker, 1849)",,,23.9763,119.6695,2022-07-27,2022,7,,1,GBIF
笛鯛,"Lutjanus russellii (Bleeker, 1849)",,,25.0601,121.0979,2022-07-27T15:17:30,2022,7,,1,GBIF
笛鯛,"Lutjanus russellii (Bleeker, 1849)",,,25.1758,121.4269,2022-08-04,2022,8,,1,GBIF
笛鯛,"Lutjanus russellii (Bleeker, 1849)",,,24.8586,120.8641,2022-08-12,2022,8,,1,GBIF
笛鯛,"Lutjanus russellii (Bleeker, 1849)",,,21.9265,120.7518,2022-09-17T14:33:18,2022,9,,1,GBIF
笛鯛,"Lutjanus russellii (Bleeker, 1849)",,,24.8586,120.8641,2022-09-01,2022,9,,1,GBIF
笛鯛,"Lutjanus russellii (Bleeker, 1849)",,,23.1346,120.0717,2022-09-04,2022,9,,1,GBIF
笛鯛,"Lutjanus russellii (Bleeker, 1849)",,,23.1082,120.0433,2022-10-19T11:11,2022,10,,1,GBIF
笛鯛,"Lutjanus russellii (Bleeker, 1849)",,,23.1346,120.0717,2022-12-25,2022,12,,1,GBIF
笛鯛,"Lutjanus russellii (Bleeker, 1849)",,,25.173,121.4213,2021-04-16T15:51Z,2021,4,,1,GBIF
笛鯛,"Lutjanus russellii (Bleeker, 1849)",,,25.1425,121.8091,2021-05-15T11:45,2021,5,,1,GBIF
笛鯛,"Lutjanus russellii (Bleeker, 1849)",,,25.2179,121.3606,2021-07-27,2021,7,,1,GBIF
笛鯛,"Lutjanus russellii (Bleeker, 1849)",,,23.108,120.0434,2021-08-13,2021,8,,1,GBIF
笛鯛,"Lutjanus russellii (Bleeker, 1849)",,,25.1147,121.9196,2021-10-16T19:35:54,2021,10,,1,GBIF
笛鯛,"Lutjanus russellii (Bleeker, 1849)",,,24.8468,120.9383,2021-10-07,2021,10,,1,GBIF
笛鯛,"Lutjanus russellii (Bleeker, 1849)",,,24.8487,120.9365,2021-10-20,2021,10,,1,GBIF
笛鯛,"Lutjanus russellii (Bleeker, 1849)",,,25.2179,121.3606,2021-10-01,2021,10,,1,GBIF
笛鯛,"Lutjanus russellii (Bleeker, 1849)",,,21.9372,120.7474,2021-11-21T11:39,2021,11,,1,GBIF
笛鯛,"Lutjanus russellii (Bleeker, 1849)",,,23.1346,120.0717,2021-12-02,2021,12,,1,GBIF
笛鯛,"Lutjanus russellii (Bleeker, 1849)",,,23.1245,120.074,2020-05-14,2020,5,,1,GBIF
笛鯛,"Lutjanus russellii (Bleeker, 1849)",,,24.6814,120.7695,2020-07-29T14:51:47,2020,7,,1,GBIF
笛鯛,"Lutjanus russellii (Bleeker, 1849)",,,25.173,121.4213,2020-10-16T10:07Z,2020,10,,1,GBIF
笛鯛,"Lutjanus russellii (Bleeker, 1849)",,,24.5041,120.6443,2019-04-08,2019,4,,1,GBIF
笛鯛,"Lutjanus russellii (Bleeker, 1849)",,,23.108,120.0434,2019-07-10,2019,7,,1,GBIF
笛鯛,"Lutjanus russellii (Bleeker, 1849)",,,23.108,120.0434,2019-09-06,2019,9,,1,GBIF
笛鯛,"Lutjanus russellii (Bleeker, 1849)",,,23.1725,120.0923,2019-10-14T10:59Z,2019,10,,1,GBIF
笛鯛,"Lutjanus russellii (Bleeker, 1849)",,,23.1148,120.0989,2019-11-02,2019,11,,1,GBIF
笛鯛,"Lutjanus russellii (Bleeker, 1849)",,,23.1896,120.0859,2019-12-02T13:40,2019,12,,1,GBIF
笛鯛,"Lutjanus russellii (Bleeker, 1849)",,,23.5698,119.4922,2018-06-04T08:59,2018,6,,1,GBIF
笛鯛,"Lutjanus russellii (Bleeker, 1849)",,,26.7461,119.6269,2017-04-08T16:22,2017,4,,1,GBIF
笛鯛,"Lutjanus russellii (Bleeker, 1849)",,,24.0284,120.1324,2016-05-05,2016,5,,1,GBIF
笛鯛,"Lutjanus russellii (Bleeker, 1849)",,,26.7464,119.6255,2016-10-26T20:07,2016,10,,1,GBIF
笛鯛,Lutjanus sebae,,Actinopterygii,23.05,121.23,1994-01-14,1994,1,,1,台灣水產試驗所－近海與外海標本數位典藏
笛鯛,Lutjanus sebae,,Actinopterygii,23.05,121.23,1976-04-04,1976,4,,1,台灣水產試驗所－近海與外海標本數位典藏
笛鯛,Lutjanus sebae,,Actinopterygii,23.05,121.23,1985-04-15,1985,4,,1,台灣水產試驗所－近海與外海標本數位典藏
笛鯛,Lutjanus sebae,,Actinopterygii,22.42,121.2,2005-07-25,2005,7,,1,台灣水產試驗所－近海與外海標本數位典藏
笛鯛,Lutjanus sebae,,Actinopterygii,23.05,121.24,2007-09-21,2007,9,,1,台灣水產試驗所－近海與外海標本數位典藏
笛鯛,Lutjanus sebae,,Actinopterygii,22.58,120.29,1945-10-01,1945,10,,1,國立臺灣博物館
笛鯛,Lutjanus sebae,川紋笛鯛,Actinopterygii,21.94,120.74,2008-08-31,2008,8,,1,國立海洋生物博物館
笛鯛,Lutjanus sebae,,Actinopterygii,22.01,120.74,1974-01-10,1974,1,,1,臺灣魚類資料庫
笛鯛,Lutjanus sebae,,Actinopterygii,22.01,120.74,1980-09-25,1980,9,,1,臺灣魚類資料庫
笛鯛,"Lutjanus sebae (Cuvier, 1816)",,,26.045,119.321,2025-05-14T16:53:24,2025,5,,1,GBIF
笛鯛,"Lutjanus sebae (Cuvier, 1816)",,,24.0499,119.2015,2023-07-24T09:53:45,2023,7,,1,GBIF
笛鯛,Lutjanus sp.,,Actinopterygii,21.9,120.76,2003-06-01,2003,6,,1,臺灣魚類資料庫
笛鯛,Lutjanus sp.,,Actinopterygii,21.96,120.76,2004-08-10,2004,8,,1,臺灣魚類資料庫
笛鯛,Lutjanus spilurus,,Actinopterygii,22.01,120.74,1988-09-25,1988,9,,1,臺灣魚類資料庫
笛鯛,Lutjanus stellatus,,Actinopterygii,23.19,121.18,1985-01-22,1985,1,,1,台灣水產試驗所－近海與外海標本數位典藏
笛鯛,Lutjanus stellatus,,Actinopterygii,22.42,121.2,2005-05-09,2005,5,,1,台灣水產試驗所－近海與外海標本數位典藏
笛鯛,Lutjanus stellatus,,Actinopterygii,23.05,121.24,2007-09-12,2007,9,,1,台灣水產試驗所－近海與外海標本數位典藏
笛鯛,Lutjanus stellatus,,Actinopterygii,23.07,121.32,2008/11/14,2008,11,,1,台灣水產試驗所－近海與外海標本數位典藏
笛鯛,Lutjanus stellatus,,Actinopterygii,25.15,121.84,1984-08-26,1984,8,,1,國立臺灣博物館
笛鯛,Lutjanus stellatus,星點笛鯛,Actinopterygii,22.36,120.37,2009-11-25,2009,11,,1,國立海洋生物博物館
笛鯛,Lutjanus stellatus,,Actinopterygii,22.01,120.74,1986-01-07,1986,1,,1,臺灣魚類資料庫
笛鯛,"Lutjanus stellatus Akazaki, 1983",,,22.8337,121.1875,2026-03-28T08:57,2026,3,,1,GBIF
笛鯛,"Lutjanus stellatus Akazaki, 1983",,,22.9863,120.1492,2024-09-14T08:03:56,2024,9,,1,GBIF
笛鯛,"Lutjanus stellatus Akazaki, 1983",,,25.4848,122.1053,2020,2020,,,1,GBIF
笛鯛,Lutjanus vitta,,Actinopterygii,25.11,121.91,1985-08-30,1985,8,,1,國立臺灣博物館
笛鯛,Lutjanus vitta,縱帶笛鯛,Actinopterygii,21.94,120.74,2008-11-09,2008,11,,1,國立海洋生物博物館
笛鯛,Lutjanus vitta,,Actinopterygii,24.25,120.52,2005-03-11,2005,3,,1,臺灣魚類資料庫
笛鯛,Lutjanus vitta,,Actinopterygii,22.82,121.2,2005-04-28,2005,4,,1,臺灣魚類資料庫
笛鯛,Lutjanus vitta,,Actinopterygii,23.55,119.56,2006-09-06,2006,9,,1,臺灣魚類資料庫
笛鯛,Lutjanus vitta,,Actinopterygii,25.14,121.79,2001-07-01,2001,7,,1,臺灣魚類資料庫
笛鯛,Lutjanus vitta,,Actinopterygii,25.16,121.76,2008-03-28,2008,3,,1,臺灣魚類資料庫
笛鯛,Lutjanus vitta,,Actinopterygii,22.58,120.29,1986-01-16,1986,1,,1,臺灣魚類資料庫
笛鯛,Lutjanus vitta,,Actinopterygii,23.57,119.56,1975-07-18,1975,7,,1,臺灣魚類資料庫
笛鯛,Lutjanus vitta,,Actinopterygii,25.07,121.92,1990-11-01,1990,11,,1,臺灣魚類資料庫
笛鯛,"Lutjanus vitta (Quoy & Gaimard, 1824)",,,25.1436,121.8033,2026-04-04T02:48:54,2026,4,,1,GBIF
笛鯛,"Lutjanus vitta (Quoy & Gaimard, 1824)",,,25.1156,121.918,2025-03-12T17:02:48,2025,3,,1,GBIF
笛鯛,"Lutjanus vitta (Quoy & Gaimard, 1824)",,,25.0936,121.9176,2025-06-22T09:50,2025,6,,1,GBIF
笛鯛,"Lutjanus vitta (Quoy & Gaimard, 1824)",,,25.1258,121.9036,2025-07-13T01:00:30,2025,7,,1,GBIF
笛鯛,"Lutjanus vitta (Quoy & Gaimard, 1824)",,,25.1139,121.9195,2025-08-09T16:15,2025,8,,1,GBIF
笛鯛,"Lutjanus vitta (Quoy & Gaimard, 1824)",,,25.1159,121.9172,2024-06-23T11:38,2024,6,,1,GBIF
笛鯛,"Lutjanus vitta (Quoy & Gaimard, 1824)",,,25.142,121.8149,2024-08-24T08:34:15,2024,8,,1,GBIF
笛鯛,"Lutjanus vitta (Quoy & Gaimard, 1824)",,,25.1142,121.9196,2024-08-25T10:21,2024,8,,1,GBIF
笛鯛,"Lutjanus vitta (Quoy & Gaimard, 1824)",,,25.1138,121.9199,2024-09-01T12:54,2024,9,,1,GBIF
笛鯛,"Lutjanus vitta (Quoy & Gaimard, 1824)",,,25.1136,121.92,2024-09-08T14:05,2024,9,,1,GBIF
笛鯛,"Lutjanus vitta (Quoy & Gaimard, 1824)",,,23.5968,119.6683,2024-09-26T11:46,2024,9,,1,GBIF
笛鯛,"Lutjanus vitta (Quoy & Gaimard, 1824)",,,25.1462,121.8066,2024-09-27T09:46:35,2024,9,,1,GBIF
笛鯛,"Lutjanus vitta (Quoy & Gaimard, 1824)",,,25.1466,121.8065,2024-10-16T09:59:05,2024,10,,1,GBIF
笛鯛,"Lutjanus vitta (Quoy & Gaimard, 1824)",,,25.1169,121.9184,2023-08-23T12:10:42,2023,8,,1,GBIF
笛鯛,"Lutjanus vitta (Quoy & Gaimard, 1824)",,,25.1139,121.9194,2023-09-30T10:21,2023,9,,1,GBIF
笛鯛,"Lutjanus vitta (Quoy & Gaimard, 1824)",,,25.1138,121.9198,2023-09-30T10:48:50,2023,9,,1,GBIF
笛鯛,"Lutjanus vitta (Quoy & Gaimard, 1824)",,,23.6666,119.6039,2022-06-17T17:27,2022,6,,1,GBIF
笛鯛,"Lutjanus vitta (Quoy & Gaimard, 1824)",,,24.2338,120.4156,2022-09-05,2022,9,,1,GBIF
笛鯛,"Lutjanus vitta (Quoy & Gaimard, 1824)",,,25.1139,121.9198,2022-11-12T10:40:14,2022,11,,1,GBIF
笛鯛,"Lutjanus vitta (Quoy & Gaimard, 1824)",,,23.1897,120.0859,2019-12-23T13:23,2019,12,,1,GBIF
緋鯉,Parupeneus barberinoides,,Actinopterygii,23.05,121.23,1993-08-22,1993,8,,1,台灣水產試驗所－近海與外海標本數位典藏
緋鯉,Parupeneus barberinoides,,Actinopterygii,23.05,121.23,2005-04-19,2005,4,,1,台灣水產試驗所－近海與外海標本數位典藏
緋鯉,Parupeneus barberinoides,鬚海緋鯉,Actinopterygii,21.94,120.74,2008-07-02,2008,7,,1,國立海洋生物博物館
緋鯉,Parupeneus barberinoides,,Actinopterygii,23.94,121.61,1981-08-20,1981,8,,1,臺灣魚類資料庫
緋鯉,Parupeneus barberinoides,,Actinopterygii,21.95,120.76,1984-12-13,1984,12,,1,國立海洋科技博物館
緋鯉,"Parupeneus barberinoides (Bleeker, 1852)",,,21.9482,120.7633,2026-04-19T10:50:12,2026,4,,1,GBIF
緋鯉,"Parupeneus barberinoides (Bleeker, 1852)",,,25.1134,121.92,2025-08-09T16:10,2025,8,,1,GBIF
緋鯉,"Parupeneus barberinoides (Bleeker, 1852)",,,25.0708,121.9252,2024-06-30T10:21,2024,6,,1,GBIF
緋鯉,"Parupeneus barberinoides (Bleeker, 1852)",,,25.1136,121.92,2024-09-01T10:28,2024,9,,1,GBIF
緋鯉,"Parupeneus barberinoides (Bleeker, 1852)",,,21.9507,120.7703,2023-07-23T10:48,2023,7,,1,GBIF
緋鯉,"Parupeneus barberinoides (Bleeker, 1852)",,,21.9434,120.7525,2023-08-20T10:49,2023,8,,1,GBIF
緋鯉,"Parupeneus barberinoides (Bleeker, 1852)",,,25.1156,121.917,2023-09-16T16:39:42,2023,9,,1,GBIF
緋鯉,"Parupeneus barberinoides (Bleeker, 1852)",,,21.9427,120.7528,2023-11-04T10:31,2023,11,,1,GBIF
緋鯉,"Parupeneus barberinoides (Bleeker, 1852)",,,21.9257,120.8024,2021-12-12T01:52,2021,12,,1,GBIF
緋鯉,"Parupeneus barberinoides (Bleeker, 1852)",,,22.8375,121.1891,2020-09-09,2020,9,,1,GBIF
緋鯉,Parupeneus barberinus,,Actinopterygii,22.48,120.46,1952-07-01,1952,7,,1,台灣水產試驗所－近海與外海標本數位典藏
緋鯉,Parupeneus barberinus,,Actinopterygii,23.05,121.23,1985-03-18,1985,3,,1,台灣水產試驗所－近海與外海標本數位典藏
緋鯉,Parupeneus barberinus,,Actinopterygii,22.01,120.74,1980-03-30,1980,3,,1,臺灣魚類資料庫
緋鯉,Parupeneus barberinus,,Actinopterygii,22.46,120.46,1991-05-05,1991,5,,1,國立海洋科技博物館
緋鯉,"Parupeneus barberinus (Lacepède, 1801)",,,22.3395,120.3612,2026-02-28T05:29:39,2026,2,,1,GBIF
緋鯉,"Parupeneus barberinus (Lacepède, 1801)",,,22.0226,121.5572,2025-08-29T14:20,2025,8,,1,GBIF
緋鯉,"Parupeneus barberinus (Lacepède, 1801)",,,22.3416,120.3695,2025-10-03T14:07,2025,10,,1,GBIF
緋鯉,"Parupeneus barberinus (Lacepède, 1801)",,,21.9312,120.7451,2024-05-26T10:24,2024,5,,1,GBIF
緋鯉,"Parupeneus barberinus (Lacepède, 1801)",,,25.071,121.9248,2024-06-30T10:18,2024,6,,1,GBIF
緋鯉,"Parupeneus barberinus (Lacepède, 1801)",,,22.35,120.3833,2016-05-31,2016,5,,1,GBIF
緋鯉,Parupeneus chrysopleuron,,Actinopterygii,23.46,119.57,2003/3/25 00:00:00,2003,3,,1,臺灣周邊底拖網調查資料集
緋鯉,Parupeneus chrysopleuron,,Actinopterygii,23.38,119.77,2003/3/25 00:00:00,2003,3,,1,臺灣周邊底拖網調查資料集
緋鯉,Parupeneus chrysopleuron,,Actinopterygii,23.33,119.72,2003/3/25 00:00:00,2003,3,,1,臺灣周邊底拖網調查資料集
緋鯉,Parupeneus chrysopleuron,,Actinopterygii,23.51,119.76,2003/7/21 00:00:00,2003,7,,1,臺灣周邊底拖網調查資料集
緋鯉,Parupeneus chrysopleuron,,Actinopterygii,23.53,119.67,2003/7/21 00:00:00,2003,7,,1,臺灣周邊底拖網調查資料集
緋鯉,Parupeneus chrysopleuron,,Actinopterygii,23.56,119.67,2003/7/21 00:00:00,2003,7,,1,臺灣周邊底拖網調查資料集
緋鯉,Parupeneus chrysopleuron,,Actinopterygii,23.42,119.7,2003/7/21 00:00:00,2003,7,,1,臺灣周邊底拖網調查資料集
緋鯉,Parupeneus chrysopleuron,,Actinopterygii,23.38,119.77,2003/7/21 00:00:00,2003,7,,1,臺灣周邊底拖網調查資料集
緋鯉,Parupeneus chrysopleuron,,Actinopterygii,25.16,121.76,1952-01-01,1952,1,,1,台灣水產試驗所－近海與外海標本數位典藏
緋鯉,Parupeneus chrysopleuron,,Actinopterygii,23.05,121.23,1993-01-15,1993,1,,1,台灣水產試驗所－近海與外海標本數位典藏
緋鯉,Parupeneus chrysopleuron,紅帶海緋鯉,Actinopterygii,21.94,120.74,2008-01-30,2008,1,,1,國立海洋生物博物館
緋鯉,Parupeneus chrysopleuron,,Actinopterygii,23.52,119.69,2003-07-21,2003,7,,1,臺灣魚類資料庫
緋鯉,Parupeneus chrysopleuron,,Actinopterygii,23.46,119.57,2003-03-25,2003,3,,1,臺灣魚類資料庫
緋鯉,Parupeneus chrysopleuron,,Actinopterygii,23.38,119.77,2003-03-25,2003,3,,1,臺灣魚類資料庫
緋鯉,Parupeneus chrysopleuron,,Actinopterygii,23.33,119.72,2003-03-25,2003,3,,1,臺灣魚類資料庫
緋鯉,Parupeneus chrysopleuron,,Actinopterygii,23.51,119.76,2003-07-21,2003,7,,1,臺灣魚類資料庫
緋鯉,Parupeneus chrysopleuron,,Actinopterygii,23.53,119.67,2003-07-21,2003,7,,1,臺灣魚類資料庫
緋鯉,Parupeneus chrysopleuron,,Actinopterygii,23.56,119.67,2003-07-21,2003,7,,1,臺灣魚類資料庫
緋鯉,Parupeneus chrysopleuron,,Actinopterygii,23.42,119.7,2003-07-21,2003,7,,1,臺灣魚類資料庫
緋鯉,Parupeneus chrysopleuron,,Actinopterygii,23.38,119.77,2003-07-21,2003,7,,1,臺灣魚類資料庫
緋鯉,Parupeneus chrysopleuron,,Actinopterygii,22.58,120.29,1973-10-01,1973,10,,1,臺灣魚類資料庫
緋鯉,Parupeneus chrysopleuron,,Actinopterygii,24.94,121.9,1990-03-09,1990,3,,1,臺灣魚類資料庫
緋鯉,Parupeneus chrysopleuron,,Actinopterygii,22.0,120.75,1990-10-08,1990,10,,1,國立海洋科技博物館
緋鯉,"Parupeneus chrysopleuron (Temminck & Schlegel, 1843)",,,24.8586,120.8641,2022-04-29,2022,4,,1,GBIF
緋鯉,"Parupeneus chrysopleuron (Temminck & Schlegel, 1843)",,,24.5269,120.2252,2021-05-18,2021,5,,1,GBIF
緋鯉,"Parupeneus chrysopleuron (Temminck & Schlegel, 1843)",,,24.4505,120.1656,2021-05-18,2021,5,,1,GBIF
緋鯉,"Parupeneus chrysopleuron (Temminck & Schlegel, 1843)",,,24.2021,120.2825,2021-05-21,2021,5,,1,GBIF
緋鯉,"Parupeneus chrysopleuron (Temminck & Schlegel, 1843)",,,24.5048,120.1842,2018-06-29,2018,6,,1,GBIF
緋鯉,Parupeneus ciliatus,,Actinopterygii,22.56,121.18,2006-03-08,2006,3,,1,台灣水產試驗所－近海與外海標本數位典藏
緋鯉,Parupeneus ciliatus,,Actinopterygii,23.1,121.25,2009/1/19,2009,1,,1,台灣水產試驗所－近海與外海標本數位典藏
緋鯉,Parupeneus ciliatus,,Actinopterygii,22.48,120.46,1997-01-01,1997,1,,1,國立臺灣博物館
緋鯉,Parupeneus ciliatus,短鬚海鯡鯉,Actinopterygii,21.94,120.74,2008-03-29,2008,3,,1,國立海洋生物博物館
緋鯉,Parupeneus ciliatus,,Actinopterygii,25.05,121.93,2006-05-03,2006,5,,1,臺灣魚類資料庫
緋鯉,Parupeneus ciliatus,,Actinopterygii,23.55,119.56,2006-09-09,2006,9,,1,臺灣魚類資料庫
緋鯉,Parupeneus ciliatus,,Actinopterygii,23.55,119.56,2006-09-08,2006,9,,1,臺灣魚類資料庫
緋鯉,Parupeneus ciliatus,,Actinopterygii,22.36,120.37,2007-10-05,2007,10,,1,臺灣魚類資料庫
緋鯉,Parupeneus ciliatus,,Actinopterygii,22.0,120.75,1991-08-15,1991,8,,1,國立海洋科技博物館
緋鯉,"Parupeneus ciliatus (Lacepède, 1802)",,,21.7997,120.8235,2025-03-22T10:35:34,2025,3,,1,GBIF
緋鯉,"Parupeneus ciliatus (Lacepède, 1802)",,,22.6626,121.4891,2025-05-28T14:24,2025,5,,1,GBIF
緋鯉,"Parupeneus ciliatus (Lacepède, 1802)",,,25.1235,121.8987,2024-05-31T12:03:43,2024,5,,1,GBIF
緋鯉,"Parupeneus ciliatus (Lacepède, 1802)",,,25.1311,121.8313,2024-09-01T13:22:47,2024,9,,1,GBIF
緋鯉,"Parupeneus ciliatus (Lacepède, 1802)",,,25.1153,121.9244,2024-09-08T14:10:17,2024,9,,1,GBIF
緋鯉,"Parupeneus ciliatus (Lacepède, 1802)",,,22.3553,120.3754,2024-10-11T16:14:23,2024,10,,1,GBIF
緋鯉,"Parupeneus ciliatus (Lacepède, 1802)",,,21.9425,120.7586,2023-11-04T09:05,2023,11,,1,GBIF
緋鯉,"Parupeneus ciliatus (Lacepède, 1802)",,,24.0428,119.5668,2022-11-27,2022,11,,1,GBIF
緋鯉,"Parupeneus ciliatus (Lacepède, 1802)",,,24.5,120.1409,2022-11-01,2022,11,,1,GBIF
緋鯉,"Parupeneus ciliatus (Lacepède, 1802)",,,24.5283,120.1165,2022-11-01,2022,11,,1,GBIF
緋鯉,"Parupeneus ciliatus (Lacepède, 1802)",,,24.1146,119.775,2021-01-01,2021,1,,1,GBIF
緋鯉,"Parupeneus ciliatus (Lacepède, 1802)",,,25.3889,121.6647,2021-04-13,2021,4,,1,GBIF
緋鯉,"Parupeneus ciliatus (Lacepède, 1802)",,,25.2179,121.3606,2021-07-27,2021,7,,1,GBIF
緋鯉,"Parupeneus ciliatus (Lacepède, 1802)",,,25.1332,121.824,2021-08-14T11:46,2021,8,,1,GBIF
緋鯉,"Parupeneus ciliatus (Lacepède, 1802)",,,25.1268,121.916,2021-09-04T15:21Z,2021,9,,1,GBIF
緋鯉,"Parupeneus ciliatus (Lacepède, 1802)",,,25.1354,121.8219,2021-09-04T13:29Z,2021,9,,1,GBIF
緋鯉,"Parupeneus ciliatus (Lacepède, 1802)",,,25.1146,121.9198,2021-10-16T19:35:54,2021,10,,1,GBIF
緋鯉,"Parupeneus ciliatus (Lacepède, 1802)",,,22.9546,121.2969,2020-06-07T12:22,2020,6,,1,GBIF
緋鯉,"Parupeneus ciliatus (Lacepède, 1802)",,,22.041,120.6966,2020-07-03T22:30,2020,7,,1,GBIF
緋鯉,"Parupeneus ciliatus (Lacepède, 1802)",,,25.1206,121.8925,2020-08-16T15:37,2020,8,,1,GBIF
緋鯉,"Parupeneus ciliatus (Lacepède, 1802)",,,22.3464,120.3899,2020-12-14T11:34,2020,12,,1,GBIF
緋鯉,"Parupeneus ciliatus (Lacepède, 1802)",,,23.108,120.0434,2018-05-23,2018,5,,1,GBIF
緋鯉,Parupeneus cyclostomus,,Actinopterygii,23.33,119.72,2003/3/25 00:00:00,2003,3,,1,臺灣周邊底拖網調查資料集
緋鯉,Parupeneus cyclostomus,,Actinopterygii,23.38,119.77,2003/11/20 00:00:00,2003,11,,1,臺灣周邊底拖網調查資料集
緋鯉,Parupeneus cyclostomus,,Actinopterygii,23.05,121.23,1993-10-27,1993,10,,1,台灣水產試驗所－近海與外海標本數位典藏
緋鯉,Parupeneus cyclostomus,,Actinopterygii,23.09,121.38,1988-03-24,1988,3,,1,台灣水產試驗所－近海與外海標本數位典藏
緋鯉,Parupeneus cyclostomus,,Actinopterygii,22.47,121.11,2006-03-27,2006,3,,1,台灣水產試驗所－近海與外海標本數位典藏
緋鯉,Parupeneus cyclostomus,,Actinopterygii,23.05,121.24,2006-04-03,2006,4,,1,台灣水產試驗所－近海與外海標本數位典藏
緋鯉,Parupeneus cyclostomus,,Actinopterygii,22.57,121.19,2007-02-27,2007,2,,1,台灣水產試驗所－近海與外海標本數位典藏
緋鯉,Parupeneus cyclostomus,,Actinopterygii,23.07,121.32,2009/5/14,2009,5,,1,台灣水產試驗所－近海與外海標本數位典藏
緋鯉,Parupeneus cyclostomus,圓口海緋鯉,Actinopterygii,21.94,120.74,2008-03-16,2008,3,,1,國立海洋生物博物館
緋鯉,Parupeneus cyclostomus,,Actinopterygii,23.1,121.37,2005-04-27,2005,4,,1,臺灣魚類資料庫
緋鯉,Parupeneus cyclostomus,,Actinopterygii,23.33,119.72,2003-03-25,2003,3,,1,臺灣魚類資料庫
緋鯉,Parupeneus cyclostomus,,Actinopterygii,23.38,119.77,2003-11-20,2003,11,,1,臺灣魚類資料庫
緋鯉,Parupeneus cyclostomus,,Actinopterygii,22.0,120.75,1991-08-15,1991,8,,1,國立海洋科技博物館
緋鯉,"Parupeneus cyclostomus (Lacepède, 1801)",,,21.8001,120.8249,2025-03-22T12:20:35,2025,3,,1,GBIF
緋鯉,"Parupeneus cyclostomus (Lacepède, 1801)",,,22.0862,121.5732,2021-10-21T14:23,2021,10,,1,GBIF
緋鯉,"Parupeneus cyclostomus (Lacepède, 1801)",,,22.6806,121.5009,2020-06-26T15:32,2020,6,,1,GBIF
緋鯉,"Parupeneus cyclostomus (Lacepède, 1801)",,,24.4697,122.9717,2016-07-04,2016,7,,1,GBIF
緋鯉,Parupeneus heptacanthus,,Actinopterygii,25.16,121.76,1960-01-14,1960,1,,1,台灣水產試驗所－近海與外海標本數位典藏
緋鯉,Parupeneus heptacanthus,,Actinopterygii,25.16,121.76,1956-08-26,1956,8,,1,台灣水產試驗所－近海與外海標本數位典藏
緋鯉,Parupeneus heptacanthus,,Actinopterygii,22.57,121.0,1993-09-01,1993,9,,1,台灣水產試驗所－近海與外海標本數位典藏
緋鯉,Parupeneus heptacanthus,,Actinopterygii,23.1,121.22,1988-02-17,1988,2,,1,台灣水產試驗所－近海與外海標本數位典藏
緋鯉,Parupeneus heptacanthus,,Actinopterygii,23.05,121.23,2005-08-18,2005,8,,1,台灣水產試驗所－近海與外海標本數位典藏
緋鯉,Parupeneus heptacanthus,,Actinopterygii,23.12,121.42,2005-08-18,2005,8,,1,台灣水產試驗所－近海與外海標本數位典藏
緋鯉,Parupeneus heptacanthus,,Actinopterygii,23.05,121.24,2006-02-15,2006,2,,1,台灣水產試驗所－近海與外海標本數位典藏
緋鯉,Parupeneus heptacanthus,,Actinopterygii,23.1,121.25,2009/1/19,2009,1,,1,台灣水產試驗所－近海與外海標本數位典藏
緋鯉,Parupeneus heptacanthus,,Actinopterygii,22.36,120.37,2007-10-02,2007,10,,1,臺灣魚類資料庫
緋鯉,Parupeneus heptacanthus,,Actinopterygii,22.01,120.74,1991-08-15,1991,8,,1,臺灣魚類資料庫
緋鯉,Parupeneus heptacanthus,,Actinopterygii,22.0,120.75,1992-01-14,1992,1,,1,國立海洋科技博物館
緋鯉,"Parupeneus heptacanthus (Lacepède, 1802)",,,24.4995,121.8515,2026-05-16T08:15,2026,5,,1,GBIF
緋鯉,"Parupeneus heptacanthus (Lacepède, 1802)",,,25.1136,121.9176,2024-07-06T20:54,2024,7,,1,GBIF
緋鯉,"Parupeneus heptacanthus (Lacepède, 1802)",,,25.1137,121.92,2024-09-08T13:59,2024,9,,1,GBIF
緋鯉,"Parupeneus heptacanthus (Lacepède, 1802)",,,21.7363,120.8983,2023-11-17T16:00,2023,11,,1,GBIF
緋鯉,"Parupeneus heptacanthus (Lacepède, 1802)",,,24.7844,120.8135,2020-09-29,2020,9,,1,GBIF
緋鯉,"Parupeneus heptacanthus (Lacepède, 1802)",,,22.45,120.4167,2017-02-27,2017,2,,1,GBIF
緋鯉,Parupeneus indicus,,Actinopterygii,25.16,121.76,1954-12-18,1954,12,,1,台灣水產試驗所－近海與外海標本數位典藏
緋鯉,Parupeneus indicus,,Actinopterygii,25.16,121.76,1954-11-28,1954,11,,1,台灣水產試驗所－近海與外海標本數位典藏
緋鯉,Parupeneus indicus,,Actinopterygii,23.05,121.23,1985-04-10,1985,4,,1,台灣水產試驗所－近海與外海標本數位典藏
緋鯉,Parupeneus indicus,,Actinopterygii,23.05,121.23,1993-10-26,1993,10,,1,台灣水產試驗所－近海與外海標本數位典藏
緋鯉,Parupeneus indicus,,Actinopterygii,22.57,121.17,2006-11-06,2006,11,,1,台灣水產試驗所－近海與外海標本數位典藏
緋鯉,Parupeneus indicus,,Actinopterygii,23.07,121.32,2008/11/7,2008,11,,1,台灣水產試驗所－近海與外海標本數位典藏
緋鯉,Parupeneus indicus,,Actinopterygii,23.05,121.22,2009/8/27,2009,8,,1,台灣水產試驗所－近海與外海標本數位典藏
緋鯉,Parupeneus indicus,,Actinopterygii,23.57,119.56,1946-08-01,1946,8,,1,國立臺灣博物館
緋鯉,Parupeneus indicus,印度海緋鯉,Actinopterygii,22.09,120.71,2008-05-26,2008,5,,1,國立海洋生物博物館
緋鯉,Parupeneus indicus,,Actinopterygii,22.44,120.47,2004-08-15,2004,8,,1,臺灣魚類資料庫
緋鯉,Parupeneus indicus,,Actinopterygii,23.1,121.37,2005-04-27,2005,4,,1,臺灣魚類資料庫
緋鯉,Parupeneus indicus,,Actinopterygii,25.2,121.67,1975-09-01,1975,9,,1,臺灣魚類資料庫
緋鯉,Parupeneus indicus,,Actinopterygii,22.03,120.72,1984-01-10,1984,1,,1,臺灣魚類資料庫
緋鯉,Parupeneus indicus,,Actinopterygii,22.46,120.46,1991-05-05,1991,5,,1,國立海洋科技博物館
緋鯉,"Parupeneus indicus (Shaw, 1803)",,,25.146,121.8066,2025-06-14T10:56:09,2025,6,,1,GBIF
緋鯉,"Parupeneus indicus (Shaw, 1803)",,,23.6355,121.648,2024-02-03T13:09,2024,2,,1,GBIF
緋鯉,"Parupeneus indicus (Shaw, 1803)",,,25.1281,121.9097,2023-08-08T12:30:09,2023,8,,1,GBIF
緋鯉,"Parupeneus indicus (Shaw, 1803)",,,25.1157,121.9169,2023-08-18T12:47:31,2023,8,,1,GBIF
緋鯉,"Parupeneus indicus (Shaw, 1803)",,,21.9348,120.7994,2023-10-29T10:52:34,2023,10,,1,GBIF
緋鯉,"Parupeneus indicus (Shaw, 1803)",,,23.6258,121.5752,2023-10-09T14:17,2023,10,,1,GBIF
緋鯉,"Parupeneus indicus (Shaw, 1803)",,,25.1761,121.4186,2022-07-04,2022,7,,1,GBIF
緋鯉,"Parupeneus indicus (Shaw, 1803)",,,25.1333,121.8241,2021-08-14T11:43,2021,8,,1,GBIF
緋鯉,"Parupeneus indicus (Shaw, 1803)",,,25.1265,121.9155,2021-09-04T15:10Z,2021,9,,1,GBIF
緋鯉,"Parupeneus indicus (Shaw, 1803)",,,22.9528,121.2902,2020-02-02T01:04,2020,2,,1,GBIF
緋鯉,"Parupeneus indicus (Shaw, 1803)",,,22.041,120.6966,2020-07-03T22:39,2020,7,,1,GBIF
緋鯉,"Parupeneus indicus (Shaw, 1803)",,,25.1102,121.9244,2019-06-15T16:29,2019,6,,1,GBIF
緋鯉,"Parupeneus indicus (Shaw, 1803)",,,22.6433,120.2522,2017-10-01T16:24Z,2017,10,,1,GBIF
緋鯉,Parupeneus multifasciatus,,Actinopterygii,23.05,121.23,1993-11-01,1993,11,,1,台灣水產試驗所－近海與外海標本數位典藏
緋鯉,Parupeneus multifasciatus,,Actinopterygii,23.01,121.19,1993-10-20,1993,10,,1,台灣水產試驗所－近海與外海標本數位典藏
緋鯉,Parupeneus multifasciatus,,Actinopterygii,23.05,121.23,2005-05-30,2005,5,,1,台灣水產試驗所－近海與外海標本數位典藏
緋鯉,Parupeneus multifasciatus,,Actinopterygii,23.05,121.23,2005-07-27,2005,7,,1,台灣水產試驗所－近海與外海標本數位典藏
緋鯉,Parupeneus multifasciatus,,Actinopterygii,22.57,121.19,2007-01-02,2007,1,,1,台灣水產試驗所－近海與外海標本數位典藏
緋鯉,Parupeneus multifasciatus,,Actinopterygii,23.05,121.22,2007-12-14,2007,12,,1,台灣水產試驗所－近海與外海標本數位典藏
緋鯉,Parupeneus multifasciatus,,Actinopterygii,23.05,121.22,2007/12/26,2007,12,,1,台灣水產試驗所－近海與外海標本數位典藏
緋鯉,Parupeneus multifasciatus,,Actinopterygii,23.59,121.38,2008/4/8,2008,4,,1,台灣水產試驗所－近海與外海標本數位典藏
緋鯉,Parupeneus multifasciatus,,Actinopterygii,23.07,121.32,2008/6/23,2008,6,,1,台灣水產試驗所－近海與外海標本數位典藏
緋鯉,Parupeneus multifasciatus,,Actinopterygii,23.05,121.24,2008/8/18,2008,8,,1,台灣水產試驗所－近海與外海標本數位典藏
緋鯉,Parupeneus multifasciatus,,Actinopterygii,23.07,121.32,2008/11/7,2008,11,,1,台灣水產試驗所－近海與外海標本數位典藏
緋鯉,Parupeneus multifasciatus,,Actinopterygii,23.07,121.32,2008/11/14,2008,11,,1,台灣水產試驗所－近海與外海標本數位典藏
緋鯉,Parupeneus multifasciatus,,Actinopterygii,24.94,121.9,1989-10-18,1989,10,,1,國立臺灣博物館
緋鯉,Parupeneus multifasciatus,,Actinopterygii,24.58,121.86,1984-01-15,1984,1,,1,國立臺灣博物館
緋鯉,Parupeneus multifasciatus,,Actinopterygii,22.01,120.74,1985-12-04,1985,12,,1,國立臺灣博物館
緋鯉,Parupeneus multifasciatus,多帶海鯡鯉,Actinopterygii,21.94,120.74,2008-01-19,2008,1,,1,國立海洋生物博物館
緋鯉,Parupeneus multifasciatus,,Actinopterygii,22.47,120.43,2005-03-10,2005,3,,1,臺灣魚類資料庫
緋鯉,Parupeneus multifasciatus,,Actinopterygii,24.58,121.86,2005-04-25,2005,4,,1,臺灣魚類資料庫
緋鯉,Parupeneus multifasciatus,,Actinopterygii,25.62,122.07,1999-01-30,1999,1,,1,臺灣魚類資料庫
緋鯉,Parupeneus multifasciatus,,Actinopterygii,22.08,121.52,1978-08-21,1978,8,,1,臺灣魚類資料庫
緋鯉,Parupeneus multifasciatus,,Actinopterygii,22.01,120.74,1980-02-26,1980,2,,1,臺灣魚類資料庫
緋鯉,Parupeneus multifasciatus,,Actinopterygii,22.47,120.43,1991-05-05,1991,5,,1,臺灣魚類資料庫
緋鯉,Parupeneus multifasciatus,,Actinopterygii,21.95,121.6,1990-11-11,1990,11,,1,臺灣魚類資料庫
緋鯉,Parupeneus multifasciatus,,Actinopterygii,24.16,120.66,1991-03-25,1991,3,,1,國立海洋科技博物館
緋鯉,"Parupeneus multifasciatus (Quoy & Gaimard, 1825)",,,22.3404,120.3715,2026-01-02T10:04,2026,1,,1,GBIF
緋鯉,"Parupeneus multifasciatus (Quoy & Gaimard, 1825)",,,22.3395,120.3612,2026-02-27T06:34:22,2026,2,,1,GBIF
緋鯉,"Parupeneus multifasciatus (Quoy & Gaimard, 1825)",,,22.3395,120.3612,2026-02-28T05:29:39,2026,2,,1,GBIF
緋鯉,"Parupeneus multifasciatus (Quoy & Gaimard, 1825)",,,20.4486,121.9656,2026-03-01T09:15,2026,3,,1,GBIF
緋鯉,"Parupeneus multifasciatus (Quoy & Gaimard, 1825)",,,22.3395,120.3612,2026-03-01T01:07:25,2026,3,,1,GBIF
緋鯉,"Parupeneus multifasciatus (Quoy & Gaimard, 1825)",,,22.655,121.4735,2026-03-27T11:14,2026,3,,1,GBIF
緋鯉,"Parupeneus multifasciatus (Quoy & Gaimard, 1825)",,,22.0846,121.5071,2026-05-04T13:00,2026,5,,1,GBIF
緋鯉,"Parupeneus multifasciatus (Quoy & Gaimard, 1825)",,,22.331,120.3721,2025-05-01T23:56:29,2025,5,,1,GBIF
緋鯉,"Parupeneus multifasciatus (Quoy & Gaimard, 1825)",,,25.487,122.1037,2025-08-19,2025,8,,1,GBIF
緋鯉,"Parupeneus multifasciatus (Quoy & Gaimard, 1825)",,,25.4817,122.0987,2025-09-30,2025,9,,1,GBIF
緋鯉,"Parupeneus multifasciatus (Quoy & Gaimard, 1825)",,,25.4861,122.1027,2025-09-30,2025,9,,1,GBIF
緋鯉,"Parupeneus multifasciatus (Quoy & Gaimard, 1825)",,,20.4841,121.9649,2024-01-30T11:38,2024,1,,1,GBIF
緋鯉,"Parupeneus multifasciatus (Quoy & Gaimard, 1825)",,,22.636,121.4828,2024-03-09T15:48:05,2024,3,,1,GBIF
緋鯉,"Parupeneus multifasciatus (Quoy & Gaimard, 1825)",,,25.4868,122.0986,2024-04-01,2024,4,,1,GBIF
緋鯉,"Parupeneus multifasciatus (Quoy & Gaimard, 1825)",,,25.4873,122.1018,2024-04-01,2024,4,,1,GBIF
緋鯉,"Parupeneus multifasciatus (Quoy & Gaimard, 1825)",,,25.4833,122.1009,2024-05-27,2024,5,,1,GBIF
緋鯉,"Parupeneus multifasciatus (Quoy & Gaimard, 1825)",,,25.4865,122.1016,2024-05-27,2024,5,,1,GBIF
緋鯉,"Parupeneus multifasciatus (Quoy & Gaimard, 1825)",,,25.0223,121.9881,2024-07-21T09:11:18,2024,7,,1,GBIF
緋鯉,"Parupeneus multifasciatus (Quoy & Gaimard, 1825)",,,25.48,122.1023,2024-07-31,2024,7,,1,GBIF
緋鯉,"Parupeneus multifasciatus (Quoy & Gaimard, 1825)",,,25.4856,122.1012,2024-09-12,2024,9,,1,GBIF
緋鯉,"Parupeneus multifasciatus (Quoy & Gaimard, 1825)",,,25.4867,122.1035,2024-09-12,2024,9,,1,GBIF
緋鯉,"Parupeneus multifasciatus (Quoy & Gaimard, 1825)",,,25.0177,121.9991,2024-11-02T03:23:17,2024,11,,1,GBIF
緋鯉,"Parupeneus multifasciatus (Quoy & Gaimard, 1825)",,,25.0187,121.9986,2024-11-04T00:47,2024,11,,1,GBIF
緋鯉,"Parupeneus multifasciatus (Quoy & Gaimard, 1825)",,,22.3294,120.3713,2023-02-25T15:30:21,2023,2,,1,GBIF
緋鯉,"Parupeneus multifasciatus (Quoy & Gaimard, 1825)",,,25.4874,122.1028,2023-07-11,2023,7,,1,GBIF
緋鯉,"Parupeneus multifasciatus (Quoy & Gaimard, 1825)",,,25.4877,122.104,2023-08-21,2023,8,,1,GBIF
緋鯉,"Parupeneus multifasciatus (Quoy & Gaimard, 1825)",,,25.1141,121.9194,2023-09-30T12:07,2023,9,,1,GBIF
緋鯉,"Parupeneus multifasciatus (Quoy & Gaimard, 1825)",,,25.4855,122.1028,2023-09-18,2023,9,,1,GBIF
緋鯉,"Parupeneus multifasciatus (Quoy & Gaimard, 1825)",,,22.3528,120.3674,2023-11-15T14:00,2023,11,,1,GBIF
緋鯉,"Parupeneus multifasciatus (Quoy & Gaimard, 1825)",,,25.4853,122.1015,2023,2023,,,1,GBIF
緋鯉,"Parupeneus multifasciatus (Quoy & Gaimard, 1825)",,,22.6579,121.4712,2022-01-08T08:24,2022,1,,1,GBIF
緋鯉,"Parupeneus multifasciatus (Quoy & Gaimard, 1825)",,,24.1647,120.0044,2022-03-01,2022,3,,1,GBIF
緋鯉,"Parupeneus multifasciatus (Quoy & Gaimard, 1825)",,,24.8586,120.8641,2022-04-29,2022,4,,1,GBIF
緋鯉,"Parupeneus multifasciatus (Quoy & Gaimard, 1825)",,,22.0211,121.5567,2022-05-15T07:39,2022,5,,1,GBIF
緋鯉,"Parupeneus multifasciatus (Quoy & Gaimard, 1825)",,,25.4882,122.101,2022-06-04,2022,6,,1,GBIF
緋鯉,"Parupeneus multifasciatus (Quoy & Gaimard, 1825)",,,25.487,122.1039,2022-06-04,2022,6,,1,GBIF
緋鯉,"Parupeneus multifasciatus (Quoy & Gaimard, 1825)",,,21.9275,120.7662,2022-07-06T10:56:30,2022,7,,1,GBIF
緋鯉,"Parupeneus multifasciatus (Quoy & Gaimard, 1825)",,,25.487,122.1012,2022-07-26,2022,7,,1,GBIF
緋鯉,"Parupeneus multifasciatus (Quoy & Gaimard, 1825)",,,21.9315,120.7449,2022-08-11T11:54:58,2022,8,,1,GBIF
緋鯉,"Parupeneus multifasciatus (Quoy & Gaimard, 1825)",,,24.2705,119.789,2021-03-01,2021,3,,1,GBIF
緋鯉,"Parupeneus multifasciatus (Quoy & Gaimard, 1825)",,,24.062,119.6747,2021-03-01,2021,3,,1,GBIF
緋鯉,"Parupeneus multifasciatus (Quoy & Gaimard, 1825)",,,25.1337,121.8246,2021-08-14T11:45,2021,8,,1,GBIF
緋鯉,"Parupeneus multifasciatus (Quoy & Gaimard, 1825)",,,25.4863,122.1039,2021-09-21,2021,9,,1,GBIF
緋鯉,"Parupeneus multifasciatus (Quoy & Gaimard, 1825)",,,25.1271,121.9133,2021-11-14T12:07:28,2021,11,,1,GBIF
緋鯉,"Parupeneus multifasciatus (Quoy & Gaimard, 1825)",,,23.0902,121.3984,2020-06-22T11:50,2020,6,,1,GBIF
緋鯉,"Parupeneus multifasciatus (Quoy & Gaimard, 1825)",,,22.6776,121.4815,2020-06-25T17:41,2020,6,,1,GBIF
緋鯉,"Parupeneus multifasciatus (Quoy & Gaimard, 1825)",,,22.0814,121.5226,2020-08-11T11:05,2020,8,,1,GBIF
緋鯉,"Parupeneus multifasciatus (Quoy & Gaimard, 1825)",,,22.0824,121.4999,2020-08-10T10:51,2020,8,,1,GBIF
緋鯉,"Parupeneus multifasciatus (Quoy & Gaimard, 1825)",,,22.081,121.5595,2020-08-12T15:52,2020,8,,1,GBIF
緋鯉,"Parupeneus multifasciatus (Quoy & Gaimard, 1825)",,,21.9326,120.7465,2020-08-16T13:28,2020,8,,1,GBIF
緋鯉,"Parupeneus multifasciatus (Quoy & Gaimard, 1825)",,,22.6545,121.4738,2020-12-10T12:40,2020,12,,1,GBIF
緋鯉,"Parupeneus multifasciatus (Quoy & Gaimard, 1825)",,,22.6385,121.4913,2020-12-11T14:28,2020,12,,1,GBIF
緋鯉,"Parupeneus multifasciatus (Quoy & Gaimard, 1825)",,,22.3455,120.3892,2020-12-12T15:17,2020,12,,1,GBIF
緋鯉,"Parupeneus multifasciatus (Quoy & Gaimard, 1825)",,,25.4848,122.1053,2020,2020,,,1,GBIF
緋鯉,"Parupeneus multifasciatus (Quoy & Gaimard, 1825)",,,22.3249,120.3659,2019-09-29T08:26,2019,9,,1,GBIF
緋鯉,Parupeneus pleurostigma,黑斑海緋鯉,Actinopterygii,21.94,120.74,2008-05-04,2008,5,,1,國立海洋生物博物館
緋鯉,Parupeneus pleurostigma,,Actinopterygii,22.01,120.74,1991-08-15,1991,8,,1,臺灣魚類資料庫
緋鯉,Parupeneus pleurostigma,,Actinopterygii,22.0,120.75,1985-10-14,1985,10,,1,國立海洋科技博物館
緋鯉,"Parupeneus pleurostigma (Bennett, 1831)",,,24.1013,119.6346,2021-03-01,2021,3,,1,GBIF
緋鯉,"Parupeneus pleurostigma (Bennett, 1831)",,,24.5455,120.1525,2021-05-18,2021,5,,1,GBIF
緋鯉,"Parupeneus pleurostigma (Bennett, 1831)",,,24.7027,120.7101,2020-05-15,2020,5,,1,GBIF
緋鯉,Parupeneus sp.,,Actinopterygii,24.58,121.86,2005-03-08,2005,3,,1,臺灣魚類資料庫
緋鯉,Parupeneus sp.,,Actinopterygii,23.57,119.56,2003-11-20,2003,11,,1,臺灣魚類資料庫
緋鯉,Parupeneus spilurus,,,23.1857,119.7549,2018-04-14T22Z,2018,4,,1,2016-2019年台江國家公園拖網調查
緋鯉,Parupeneus spilurus,,Actinopterygii,22.87,120.15,2001/3/1 00:00:00,2001,3,,1,臺灣周邊底拖網調查資料集
緋鯉,Parupeneus spilurus,,Actinopterygii,23.1,121.22,1987-04-30,1987,4,,1,台灣水產試驗所－近海與外海標本數位典藏
緋鯉,Parupeneus spilurus,,Actinopterygii,22.01,120.74,1985-12-04,1985,12,,1,國立臺灣博物館
緋鯉,Parupeneus spilurus,大型海緋鯉,Actinopterygii,22.09,120.71,2008-03-10,2008,3,,1,國立海洋生物博物館
緋鯉,Parupeneus spilurus,,Actinopterygii,22.85,120.17,2001-03-01,2001,3,,1,臺灣魚類資料庫
緋鯉,Parupeneus spilurus,,Actinopterygii,23.1,121.37,2005-04-27,2005,4,,1,臺灣魚類資料庫
緋鯉,Parupeneus spilurus,,Actinopterygii,22.33,120.37,2007-10-03,2007,10,,1,臺灣魚類資料庫
緋鯉,Parupeneus spilurus,,Actinopterygii,22.87,120.15,2001-03-01,2001,3,,1,臺灣魚類資料庫
緋鯉,Parupeneus spilurus,,Actinopterygii,22.01,120.74,1992-07-06,1992,7,,1,臺灣魚類資料庫
緋鯉,Parupeneus spilurus,,Actinopterygii,25.2,121.68,1977-04-16,1977,4,,1,臺灣魚類資料庫
緋鯉,Parupeneus spilurus,,Actinopterygii,22.0,120.75,1990-10-24,1990,10,,1,國立海洋科技博物館
緋鯉,"Parupeneus spilurus (Bleeker, 1854)",,,25.4813,122.1018,2025-08-19,2025,8,,1,GBIF
緋鯉,"Parupeneus spilurus (Bleeker, 1854)",,,25.486,122.1015,2025-09-30,2025,9,,1,GBIF
緋鯉,"Parupeneus spilurus (Bleeker, 1854)",,,25.4817,122.0987,2025-09-30,2025,9,,1,GBIF
緋鯉,"Parupeneus spilurus (Bleeker, 1854)",,,25.4833,122.1009,2024-05-27,2024,5,,1,GBIF
緋鯉,"Parupeneus spilurus (Bleeker, 1854)",,,24.1916,119.9219,2022-03-01,2022,3,,1,GBIF
緋鯉,"Parupeneus spilurus (Bleeker, 1854)",,,24.1659,119.9115,2022-03-01,2022,3,,1,GBIF
緋鯉,"Parupeneus spilurus (Bleeker, 1854)",,,25.1688,121.7117,2019-11-11,2019,11,,1,GBIF
緋鯉,Parupeneus trifasciatus,,Actinopterygii,25.16,121.76,1956-08-05,1956,8,,1,台灣水產試驗所－近海與外海標本數位典藏
緋鯉,Parupeneus trifasciatus,,Actinopterygii,23.57,119.56,1977-06-20,1977,6,,1,國立臺灣博物館
緋鯉,Parupeneus trifasciatus,,Actinopterygii,24.25,120.52,1991-03-25,1991,3,,1,臺灣魚類資料庫
緋鯉,Parupeneus trifasciatus,,Actinopterygii,22.06,121.53,1990-11-11,1990,11,,1,國立海洋科技博物館
赤鯮,Dentex dentex,,Actinopterygii,24.94,121.9,1997-11-20,1997,11,,1,台灣水產試驗所－近海與外海標本數位典藏
赤鯮,Dentex hypselosomus,黄背牙鯛,Actinopterygii,22.47,120.43,2008-11-07,2008,11,,1,國立海洋生物博物館
赤鯮,"Dentex hypselosomus Bleeker, 1854",,,24.5447,118.103,2023-12-01T20:35:42,2023,12,,1,GBIF
赤鯮,"Dentex hypselosomus Bleeker, 1854",,,22.7377,120.2457,2018-07-30,2018,7,,1,GBIF
赤鯮,Dentex sp.,,Actinopterygii,24.55,122.09,2000-08-04,2000,8,,1,台灣水產試驗所－近海與外海標本數位典藏
赤鯮,Dentex tumifrons,,Actinopterygii,24.94,122.02,2001/7/31 00:00:00,2001,7,,1,台灣周邊海域深海魚研究船調查資料集
赤鯮,Dentex tumifrons,,Actinopterygii,25.16,121.76,1953-02-07,1953,2,,1,台灣水產試驗所－近海與外海標本數位典藏
赤鯮,Dentex tumifrons,,Actinopterygii,25.16,121.76,1952-01-01,1952,1,,1,台灣水產試驗所－近海與外海標本數位典藏
赤鯮,Dentex tumifrons,,Actinopterygii,25.16,121.76,1952-02-01,1952,2,,1,台灣水產試驗所－近海與外海標本數位典藏
赤鯮,Dentex tumifrons,,Actinopterygii,25.16,121.76,1957-01-01,1957,1,,1,台灣水產試驗所－近海與外海標本數位典藏
赤鯮,Dentex tumifrons,,Actinopterygii,25.16,121.76,1978-06-09,1978,6,,1,台灣水產試驗所－近海與外海標本數位典藏
赤鯮,Dentex tumifrons,,Actinopterygii,25.16,121.76,1953-11-17,1953,11,,1,台灣水產試驗所－近海與外海標本數位典藏
赤鯮,Dentex tumifrons,,Actinopterygii,25.16,121.76,1956-01-31,1956,1,,1,台灣水產試驗所－近海與外海標本數位典藏
赤鯮,Dentex tumifrons,,Actinopterygii,22.57,121.0,2005-10-05,2005,10,,1,台灣水產試驗所－近海與外海標本數位典藏
赤鯮,Dentex tumifrons,,Actinopterygii,23.05,121.24,2006-03-06,2006,3,,1,台灣水產試驗所－近海與外海標本數位典藏
赤鯮,Dentex tumifrons,,Actinopterygii,24.94,121.9,1989-10-18,1989,10,,1,國立臺灣博物館
赤鯮,Dentex tumifrons,,Actinopterygii,24.94,121.9,1984-09-04,1984,9,,1,國立臺灣博物館
赤鯮,Dentex tumifrons,,Actinopterygii,24.94,121.9,1986-05-18,1986,5,,1,國立臺灣博物館
赤鯮,Dentex tumifrons,,Actinopterygii,24.94,121.9,2004-07-19,2004,7,,1,臺灣魚類資料庫
赤鯮,Dentex tumifrons,,Actinopterygii,22.58,120.29,1979-03-17,1979,3,,1,臺灣魚類資料庫
赤鯮,Dentex tumifrons,,Actinopterygii,25.21,121.69,1980-03-28,1980,3,,1,臺灣魚類資料庫
赤鯮,Dentex tumifrons,,Actinopterygii,24.58,121.86,1980-07-26,1980,7,,1,臺灣魚類資料庫
赤鯮,Dentex tumifrons,,Actinopterygii,25.2,121.67,2000-10-23,2000,10,,1,臺灣魚類資料庫
赤鯮,Dentex tumifrons,,Actinopterygii,24.78,122.03,2000-12-01,2000,12,,1,臺灣魚類資料庫
赤鯮,Dentex tumifrons,,Actinopterygii,25.04,122.05,2000-11-15,2000,11,,1,臺灣魚類資料庫
赤鯮,Dentex tumifrons,,Actinopterygii,25.08,122.02,2000-11-15,2000,11,,1,臺灣魚類資料庫
赤鯮,Dentex tumifrons,,Actinopterygii,25.04,122.05,2000-06-08,2000,6,,1,臺灣魚類資料庫
赤鯮,Dentex tumifrons,,Actinopterygii,25.41,121.93,1990-01-17,1990,1,,1,國立海洋科技博物館
赤鯮,Dentex tumifrons,,Actinopterygii,24.91,122.02,2006-07-04,2006,7,,1,國立海洋科技博物館
赤鯮,Evynnis cardinalis,,Actinopterygii,24.82,120.44,2002/6/5 00:00:00,2002,6,,1,臺灣周邊底拖網調查資料集
赤鯮,Evynnis cardinalis,,Actinopterygii,24.82,120.44,2002/9/2 00:00:00,2002,9,,1,臺灣周邊底拖網調查資料集
赤鯮,Evynnis cardinalis,,Actinopterygii,24.83,120.39,2002/6/5 00:00:00,2002,6,,1,臺灣周邊底拖網調查資料集
赤鯮,Evynnis cardinalis,,Actinopterygii,24.83,120.39,2002/9/2 00:00:00,2002,9,,1,臺灣周邊底拖網調查資料集
赤鯮,Evynnis cardinalis,,Actinopterygii,24.76,120.35,2002/6/5 00:00:00,2002,6,,1,臺灣周邊底拖網調查資料集
赤鯮,Evynnis cardinalis,,Actinopterygii,24.76,120.35,2002/9/2 00:00:00,2002,9,,1,臺灣周邊底拖網調查資料集
赤鯮,Evynnis cardinalis,,Actinopterygii,23.38,119.77,2003/3/25 00:00:00,2003,3,,1,臺灣周邊底拖網調查資料集
赤鯮,Evynnis cardinalis,,Actinopterygii,23.33,119.72,2003/3/25 00:00:00,2003,3,,1,臺灣周邊底拖網調查資料集
赤鯮,Evynnis cardinalis,,Actinopterygii,23.38,119.77,2003/7/21 00:00:00,2003,7,,1,臺灣周邊底拖網調查資料集
赤鯮,Evynnis cardinalis,,Actinopterygii,23.42,119.59,2003/11/20 00:00:00,2003,11,,1,臺灣周邊底拖網調查資料集
赤鯮,Evynnis cardinalis,,Actinopterygii,23.39,119.66,2003/11/20 00:00:00,2003,11,,1,臺灣周邊底拖網調查資料集
赤鯮,Evynnis cardinalis,,Actinopterygii,23.38,119.77,2003/11/20 00:00:00,2003,11,,1,臺灣周邊底拖網調查資料集
赤鯮,Evynnis cardinalis,,Actinopterygii,25.16,121.76,1971-05-01,1971,5,,1,台灣水產試驗所－近海與外海標本數位典藏
赤鯮,Evynnis cardinalis,,Actinopterygii,22.58,120.29,1945-10-01,1945,10,,1,國立臺灣博物館
赤鯮,Evynnis cardinalis,,Actinopterygii,25.16,121.76,1945-10-01,1945,10,,1,國立臺灣博物館
赤鯮,Evynnis cardinalis,紅鋤齒鯛,Actinopterygii,24.45,118.4,2009-11-06,2009,11,,1,國立海洋生物博物館
赤鯮,Evynnis cardinalis,,Actinopterygii,24.94,121.9,2003-01-23,2003,1,,1,臺灣魚類資料庫
赤鯮,Evynnis cardinalis,,Actinopterygii,24.94,121.9,2005-03-07,2005,3,,1,臺灣魚類資料庫
赤鯮,Evynnis cardinalis,,Actinopterygii,24.58,121.86,2005-10-05,2005,10,,1,臺灣魚類資料庫
赤鯮,Evynnis cardinalis,,Actinopterygii,23.55,119.56,2006-09-09,2006,9,,1,臺灣魚類資料庫
赤鯮,Evynnis cardinalis,,Actinopterygii,24.82,120.41,2002-06-05,2002,6,,1,臺灣魚類資料庫
赤鯮,Evynnis cardinalis,,Actinopterygii,24.94,121.9,2000-06-08,2000,6,,1,臺灣魚類資料庫
赤鯮,Evynnis cardinalis,,Actinopterygii,24.82,120.44,2002-06-05,2002,6,,1,臺灣魚類資料庫
赤鯮,Evynnis cardinalis,,Actinopterygii,24.82,120.44,2002-09-02,2002,9,,1,臺灣魚類資料庫
赤鯮,Evynnis cardinalis,,Actinopterygii,24.83,120.39,2002-06-05,2002,6,,1,臺灣魚類資料庫
赤鯮,Evynnis cardinalis,,Actinopterygii,24.83,120.39,2002-09-02,2002,9,,1,臺灣魚類資料庫
赤鯮,Evynnis cardinalis,,Actinopterygii,24.76,120.35,2002-06-05,2002,6,,1,臺灣魚類資料庫
赤鯮,Evynnis cardinalis,,Actinopterygii,24.76,120.35,2002-09-02,2002,9,,1,臺灣魚類資料庫
赤鯮,Evynnis cardinalis,,Actinopterygii,23.38,119.77,2003-03-25,2003,3,,1,臺灣魚類資料庫
赤鯮,Evynnis cardinalis,,Actinopterygii,23.33,119.72,2003-03-25,2003,3,,1,臺灣魚類資料庫
赤鯮,Evynnis cardinalis,,Actinopterygii,23.38,119.77,2003-07-21,2003,7,,1,臺灣魚類資料庫
赤鯮,Evynnis cardinalis,,Actinopterygii,23.42,119.59,2003-11-20,2003,11,,1,臺灣魚類資料庫
赤鯮,Evynnis cardinalis,,Actinopterygii,23.39,119.66,2003-11-20,2003,11,,1,臺灣魚類資料庫
赤鯮,Evynnis cardinalis,,Actinopterygii,23.38,119.77,2003-11-20,2003,11,,1,臺灣魚類資料庫
赤鯮,Evynnis cardinalis,,Actinopterygii,23.13,120.2,1971-04-27,1971,4,,1,臺灣魚類資料庫
赤鯮,Evynnis cardinalis,,Actinopterygii,22.58,120.29,1979-11-22,1979,11,,1,臺灣魚類資料庫
赤鯮,Evynnis cardinalis,,Actinopterygii,22.58,120.29,1980-04-28,1980,4,,1,臺灣魚類資料庫
赤鯮,Evynnis cardinalis,,Actinopterygii,24.47,120.57,2004-06-15,2004,6,,1,國立海洋科技博物館
赤鯮,"Evynnis cardinalis (Lacepède, 1802)",,,24.8658,121.9911,2026-05-24T23:16:11,2026,5,,1,GBIF
赤鯮,"Evynnis cardinalis (Lacepède, 1802)",,,24.1916,119.9219,2023-01-01,2023,1,,1,GBIF
赤鯮,"Evynnis cardinalis (Lacepède, 1802)",,,24.4845,120.1426,2023-07-12,2023,7,,1,GBIF
赤鯮,"Evynnis cardinalis (Lacepède, 1802)",,,23.0773,119.9336,2023-07-14,2023,7,,1,GBIF
赤鯮,"Evynnis cardinalis (Lacepède, 1802)",,,24.3432,120.306,2023-07-12,2023,7,,1,GBIF
赤鯮,"Evynnis cardinalis (Lacepède, 1802)",,,24.5804,120.0344,2023-07-12,2023,7,,1,GBIF
赤鯮,"Evynnis cardinalis (Lacepède, 1802)",,,24.1257,119.7129,2022-01-01,2022,1,,1,GBIF
赤鯮,"Evynnis cardinalis (Lacepède, 1802)",,,24.1234,119.7722,2022-01-01,2022,1,,1,GBIF
赤鯮,"Evynnis cardinalis (Lacepède, 1802)",,,24.1982,119.7601,2022-01-01,2022,1,,1,GBIF
赤鯮,"Evynnis cardinalis (Lacepède, 1802)",,,24.7121,120.784,2022-01-05,2022,1,,1,GBIF
赤鯮,"Evynnis cardinalis (Lacepède, 1802)",,,25.2179,121.3606,2022-01-04,2022,1,,1,GBIF
赤鯮,"Evynnis cardinalis (Lacepède, 1802)",,,24.386,120.2621,2022-01-01,2022,1,,1,GBIF
赤鯮,"Evynnis cardinalis (Lacepède, 1802)",,,23.125,119.9982,2022-01-15,2022,1,,1,GBIF
赤鯮,"Evynnis cardinalis (Lacepède, 1802)",,,24.1007,119.6391,2022-11-27,2022,11,,1,GBIF
赤鯮,"Evynnis cardinalis (Lacepède, 1802)",,,24.1138,119.6179,2022-11-27,2022,11,,1,GBIF
赤鯮,"Evynnis cardinalis (Lacepède, 1802)",,,24.8586,120.8641,2022-11-29,2022,11,,1,GBIF
赤鯮,"Evynnis cardinalis (Lacepède, 1802)",,,24.4792,120.1753,2022-11-01,2022,11,,1,GBIF
赤鯮,"Evynnis cardinalis (Lacepède, 1802)",,,24.5323,120.173,2022-11-01,2022,11,,1,GBIF
赤鯮,"Evynnis cardinalis (Lacepède, 1802)",,,24.8586,120.8641,2022-11-01,2022,11,,1,GBIF
赤鯮,"Evynnis cardinalis (Lacepède, 1802)",,,23.5666,120.0524,2021-01-31,2021,1,,1,GBIF
赤鯮,"Evynnis cardinalis (Lacepède, 1802)",,,23.6031,120.0334,2021-01-31,2021,1,,1,GBIF
赤鯮,"Evynnis cardinalis (Lacepède, 1802)",,,24.8987,120.594,2021-01-15,2021,1,,1,GBIF
赤鯮,"Evynnis cardinalis (Lacepède, 1802)",,,24.0613,120.2956,2021-02-25,2021,2,,1,GBIF
赤鯮,"Evynnis cardinalis (Lacepède, 1802)",,,24.1054,119.9988,2021-05-04,2021,5,,1,GBIF
赤鯮,"Evynnis cardinalis (Lacepède, 1802)",,,23.0164,119.9881,2021-11-14,2021,11,,1,GBIF
赤鯮,"Evynnis cardinalis (Lacepède, 1802)",,,24.5455,120.1525,2021-12-24,2021,12,,1,GBIF
赤鯮,"Evynnis cardinalis (Lacepède, 1802)",,,24.3965,120.0805,2021-12-24,2021,12,,1,GBIF
赤鯮,"Evynnis cardinalis (Lacepède, 1802)",,,24.8598,120.4985,2021-12-15,2021,12,,1,GBIF
赤鯮,"Evynnis cardinalis (Lacepède, 1802)",,,24.6607,120.3812,2021-12-15,2021,12,,1,GBIF
赤鯮,"Evynnis cardinalis (Lacepède, 1802)",,,24.5269,120.2252,2021-12-24,2021,12,,1,GBIF
赤鯮,"Evynnis cardinalis (Lacepède, 1802)",,,24.195,119.8185,2020-01-22,2020,1,,1,GBIF
赤鯮,"Evynnis cardinalis (Lacepède, 1802)",,,24.1982,119.7601,2020-01-22,2020,1,,1,GBIF
赤鯮,"Evynnis cardinalis (Lacepède, 1802)",,,24.1257,119.7129,2020-01-22,2020,1,,1,GBIF
赤鯮,"Evynnis cardinalis (Lacepède, 1802)",,,24.1077,119.9997,2020-03-18,2020,3,,1,GBIF
赤鯮,"Evynnis cardinalis (Lacepède, 1802)",,,24.1937,119.8732,2020-03-12,2020,3,,1,GBIF
赤鯮,"Evynnis cardinalis (Lacepède, 1802)",,,24.3288,119.7638,2020-05-18,2020,5,,1,GBIF
赤鯮,"Evynnis cardinalis (Lacepède, 1802)",,,24.1319,120.0055,2020-07-24,2020,7,,1,GBIF
赤鯮,"Evynnis cardinalis (Lacepède, 1802)",,,24.6051,120.9905,2020-08-16T14:22:13,2020,8,,1,GBIF
赤鯮,"Evynnis cardinalis (Lacepède, 1802)",,,24.9538,120.6141,2020-11-18,2020,11,,1,GBIF
赤鯮,"Evynnis cardinalis (Lacepède, 1802)",,,24.2563,119.9003,2020-11-18,2020,11,,1,GBIF
赤鯮,"Evynnis cardinalis (Lacepède, 1802)",,,24.2655,119.8509,2020-11-18,2020,11,,1,GBIF
赤鯮,"Evynnis cardinalis (Lacepède, 1802)",,,24.2341,119.7896,2020-11-18,2020,11,,1,GBIF
赤鯮,"Evynnis cardinalis (Lacepède, 1802)",,,24.4704,120.1004,2020-11-01,2020,11,,1,GBIF
赤鯮,"Evynnis cardinalis (Lacepède, 1802)",,,24.3986,120.0222,2020-11-01,2020,11,,1,GBIF
赤鯮,"Evynnis cardinalis (Lacepède, 1802)",,,24.4772,120.1923,2020-11-01,2020,11,,1,GBIF
赤鯮,"Evynnis cardinalis (Lacepède, 1802)",,,24.7608,120.6683,2020-11-15,2020,11,,1,GBIF
赤鯮,"Evynnis cardinalis (Lacepède, 1802)",,,24.758,120.7472,2020-11-15,2020,11,,1,GBIF
赤鯮,"Evynnis cardinalis (Lacepède, 1802)",,,24.7027,120.7101,2020-11-15,2020,11,,1,GBIF
赤鯮,"Evynnis cardinalis (Lacepède, 1802)",,,25.0503,121.0162,2020-11-20,2020,11,,1,GBIF
赤鯮,"Evynnis cardinalis (Lacepède, 1802)",,,24.8535,120.8695,2020-11-19,2020,11,,1,GBIF
赤鯮,"Evynnis cardinalis (Lacepède, 1802)",,,24.8737,120.8717,2020-11-19,2020,11,,1,GBIF
赤鯮,"Evynnis cardinalis (Lacepède, 1802)",,,24.8327,120.909,2020-11-19,2020,11,,1,GBIF
赤鯮,"Evynnis cardinalis (Lacepède, 1802)",,,24.8622,120.8909,2020-11-19,2020,11,,1,GBIF
赤鯮,"Evynnis cardinalis (Lacepède, 1802)",,,24.8377,120.8992,2020-11-19,2020,11,,1,GBIF
赤鯮,"Evynnis cardinalis (Lacepède, 1802)",,,25.2179,121.3606,2020-11-26,2020,11,,1,GBIF
赤鯮,"Evynnis cardinalis (Lacepède, 1802)",,,24.5041,120.6443,2019-01-30,2019,1,,1,GBIF
赤鯮,"Evynnis cardinalis (Lacepède, 1802)",,,23.1049,120.1609,2019-12-02T13:23,2019,12,,1,GBIF
赤鯮,"Evynnis cardinalis (Lacepède, 1802)",,,25.1342,121.7435,2018-11-01,2018,11,,1,GBIF
赤鯮,"Evynnis cardinalis (Lacepède, 1802)",,,24.0993,119.9964,2018-12-20,2018,12,,1,GBIF
赤鯮,"Evynnis cardinalis (Lacepède, 1802)",,,22.45,120.4167,2017-02-27,2017,2,,1,GBIF
赤鯮,"Evynnis cardinalis (Lacepède, 1802)",,,24.9333,121.9,2017-02-23,2017,2,,1,GBIF
赤鯮,"Evynnis cardinalis (Lacepède, 1802)",,,25.0503,121.0162,2017-02-18,2017,2,,1,GBIF
赤鯮,Evynnis sp.,,Actinopterygii,24.71,121.83,2004-05-30,2004,5,,1,臺灣魚類資料庫
赤鯮,Evynnis sp.,,Actinopterygii,24.71,121.83,2005-02-21,2005,2,,1,臺灣魚類資料庫
赤鯮,Evynnis sp.,,Actinopterygii,24.71,121.83,2005-04-21,2005,4,,1,臺灣魚類資料庫
赤鯮,Evynnis sp.,,Actinopterygii,21.9,120.85,2000-12-01,2000,12,,1,臺灣魚類資料庫
赤鯮,Evynnis tumifrons,,Actinopterygii,22.32,120.2,2001/6/8 00:00:00,2001,6,,1,臺灣周邊底拖網調查資料集
赤鯮,Evynnis tumifrons,,Actinopterygii,22.42,120.26,2001/9/10 00:00:00,2001,9,,1,臺灣周邊底拖網調查資料集
赤鯮,Evynnis tumifrons,,Actinopterygii,22.25,120.37,2001/11/8 00:00:00,2001,11,,1,臺灣周邊底拖網調查資料集
赤鯮,Evynnis tumifrons,,Actinopterygii,23.42,119.7,2003/7/21 00:00:00,2003,7,,1,臺灣周邊底拖網調查資料集
赤鯮,Evynnis tumifrons,,Actinopterygii,23.38,119.77,2003/7/21 00:00:00,2003,7,,1,臺灣周邊底拖網調查資料集
赤鯮,Evynnis tumifrons,,Actinopterygii,24.88,121.89,2001/4/10 00:00:00,2001,4,,1,臺灣周邊底拖網調查資料集
赤鯮,Evynnis tumifrons,,Actinopterygii,25.13,121.96,2000/3/27 00:00:00,2000,3,,1,臺灣周邊底拖網調查資料集
赤鯮,Evynnis tumifrons,,Actinopterygii,25.18,121.93,2000/3/27 00:00:00,2000,3,,1,臺灣周邊底拖網調查資料集
赤鯮,Evynnis tumifrons,,Actinopterygii,25.41,121.58,2000/3/31 00:00:00,2000,3,,1,臺灣周邊底拖網調查資料集
赤鯮,Evynnis tumifrons,,Actinopterygii,25.19,122.03,2000/3/27 00:00:00,2000,3,,1,臺灣周邊底拖網調查資料集
赤鯮,Evynnis tumifrons,,Actinopterygii,25.41,121.58,2000/6/23 00:00:00,2000,6,,1,臺灣周邊底拖網調查資料集
赤鯮,Evynnis tumifrons,,Actinopterygii,25.13,121.96,2000/6/8 00:00:00,2000,6,,1,臺灣周邊底拖網調查資料集
赤鯮,Evynnis tumifrons,,Actinopterygii,25.18,121.93,2000/6/8 00:00:00,2000,6,,1,臺灣周邊底拖網調查資料集
赤鯮,Evynnis tumifrons,,Actinopterygii,24.79,121.97,2000/7/13 00:00:00,2000,7,,1,臺灣周邊底拖網調查資料集
赤鯮,Evynnis tumifrons,,Actinopterygii,24.88,121.89,2000/7/13 00:00:00,2000,7,,1,臺灣周邊底拖網調查資料集
赤鯮,Evynnis tumifrons,,Actinopterygii,25.41,121.58,2000/10/23 00:00:00,2000,10,,1,臺灣周邊底拖網調查資料集
赤鯮,Evynnis tumifrons,,Actinopterygii,25.18,121.93,2000/11/15 00:00:00,2000,11,,1,臺灣周邊底拖網調查資料集
赤鯮,Evynnis tumifrons,,Actinopterygii,25.13,121.96,2000/11/15 00:00:00,2000,11,,1,臺灣周邊底拖網調查資料集
赤鯮,Evynnis tumifrons,,Actinopterygii,24.79,121.97,2000/12/27 00:00:00,2000,12,,1,臺灣周邊底拖網調查資料集
赤鯮,Evynnis tumifrons,,Actinopterygii,25.41,121.58,2001/2/26 00:00:00,2001,2,,1,臺灣周邊底拖網調查資料集
赤鯮,Evynnis tumifrons,,Actinopterygii,25.18,121.93,2001/3/6 00:00:00,2001,3,,1,臺灣周邊底拖網調查資料集
赤鯮,Evynnis tumifrons,,Actinopterygii,24.88,121.89,2000/2/17 00:00:00,2000,2,,1,臺灣周邊底拖網調查資料集
赤鯮,Evynnis tumifrons,,Actinopterygii,22.25,120.37,2001/3/8 00:00:00,2001,3,,1,臺灣周邊底拖網調查資料集
赤鯮,Evynnis tumifrons,,Actinopterygii,22.32,120.2,2001/3/8 00:00:00,2001,3,,1,臺灣周邊底拖網調查資料集
赤鯮,Evynnis tumifrons,,Actinopterygii,25.13,121.96,2001/3/6 00:00:00,2001,3,,1,臺灣周邊底拖網調查資料集
赤鯮,Evynnis tumifrons,黃鋤齒鯛,Actinopterygii,22.47,120.43,2011-11-03,2011,11,,1,國立海洋生物博物館
赤鯮,Evynnis tumifrons,,Actinopterygii,22.32,120.2,2001-06-08,2001,6,,1,臺灣魚類資料庫
赤鯮,Evynnis tumifrons,,Actinopterygii,22.42,120.26,2001-09-10,2001,9,,1,臺灣魚類資料庫
赤鯮,Evynnis tumifrons,,Actinopterygii,22.25,120.37,2001-11-08,2001,11,,1,臺灣魚類資料庫
赤鯮,Evynnis tumifrons,,Actinopterygii,23.42,119.7,2003-07-21,2003,7,,1,臺灣魚類資料庫
赤鯮,Evynnis tumifrons,,Actinopterygii,23.38,119.77,2003-07-21,2003,7,,1,臺灣魚類資料庫
赤鯮,Evynnis tumifrons,,Actinopterygii,24.88,121.89,2001-04-10,2001,4,,1,臺灣魚類資料庫
赤鯮,Evynnis tumifrons,,Actinopterygii,25.13,121.96,2000-03-27,2000,3,,1,臺灣魚類資料庫
赤鯮,Evynnis tumifrons,,Actinopterygii,25.18,121.93,2000-03-27,2000,3,,1,臺灣魚類資料庫
赤鯮,Evynnis tumifrons,,Actinopterygii,25.41,121.58,2000-03-31,2000,3,,1,臺灣魚類資料庫
赤鯮,Evynnis tumifrons,,Actinopterygii,25.19,122.03,2000-03-27,2000,3,,1,臺灣魚類資料庫
赤鯮,Evynnis tumifrons,,Actinopterygii,25.41,121.58,2000-06-23,2000,6,,1,臺灣魚類資料庫
赤鯮,Evynnis tumifrons,,Actinopterygii,25.13,121.96,2000-06-08,2000,6,,1,臺灣魚類資料庫
赤鯮,Evynnis tumifrons,,Actinopterygii,25.18,121.93,2000-06-08,2000,6,,1,臺灣魚類資料庫
赤鯮,Evynnis tumifrons,,Actinopterygii,24.79,121.97,2000-07-13,2000,7,,1,臺灣魚類資料庫
赤鯮,Evynnis tumifrons,,Actinopterygii,24.88,121.89,2000-07-13,2000,7,,1,臺灣魚類資料庫
赤鯮,Evynnis tumifrons,,Actinopterygii,25.41,121.58,2000-10-23,2000,10,,1,臺灣魚類資料庫
赤鯮,Evynnis tumifrons,,Actinopterygii,25.18,121.93,2000-11-15,2000,11,,1,臺灣魚類資料庫
赤鯮,Evynnis tumifrons,,Actinopterygii,25.13,121.96,2000-11-15,2000,11,,1,臺灣魚類資料庫
赤鯮,Evynnis tumifrons,,Actinopterygii,24.79,121.97,2000-12-27,2000,12,,1,臺灣魚類資料庫
赤鯮,Evynnis tumifrons,,Actinopterygii,25.41,121.58,2001-02-26,2001,2,,1,臺灣魚類資料庫
赤鯮,Evynnis tumifrons,,Actinopterygii,25.18,121.93,2001-03-06,2001,3,,1,臺灣魚類資料庫
赤鯮,Evynnis tumifrons,,Actinopterygii,24.88,121.89,2000-02-17,2000,2,,1,臺灣魚類資料庫
赤鯮,Evynnis tumifrons,,Actinopterygii,22.25,120.37,2001-03-08,2001,3,,1,臺灣魚類資料庫
赤鯮,Evynnis tumifrons,,Actinopterygii,22.32,120.2,2001-03-08,2001,3,,1,臺灣魚類資料庫
赤鯮,Evynnis tumifrons,,Actinopterygii,25.13,121.96,2001-03-06,2001,3,,1,臺灣魚類資料庫
赤鯮,"Evynnis tumifrons (Temminck & Schlegel, 1843)",,,25.2179,121.3606,2022-01-04,2022,1,,1,GBIF
赤鯮,"Evynnis tumifrons (Temminck & Schlegel, 1843)",,,24.8586,120.8641,2021-01-15,2021,1,,1,GBIF
赤鯮,"Evynnis tumifrons (Temminck & Schlegel, 1843)",,,24.112,119.8334,2021-01-01,2021,1,,1,GBIF
赤鯮,"Evynnis tumifrons (Temminck & Schlegel, 1843)",,,24.1156,119.7114,2021-01-01,2021,1,,1,GBIF
赤鯮,"Evynnis tumifrons (Temminck & Schlegel, 1843)",,,24.7539,120.8361,2021-11-29,2021,11,,1,GBIF
赤鯮,"Evynnis tumifrons (Temminck & Schlegel, 1843)",,,24.9538,120.6141,2021-11-29,2021,11,,1,GBIF
赤鯮,"Evynnis tumifrons (Temminck & Schlegel, 1843)",,,25.2179,121.3606,2019-01-03,2019,1,,1,GBIF
赤鯮,"Evynnis tumifrons (Temminck & Schlegel, 1843)",,,24.5041,120.6443,2019-01-30,2019,1,,1,GBIF
金帶花鯖,Selar crumenophthalmus,,Actinopterygii,24.91,121.87,2000/7/13 00:00:00,2000,7,,1,臺灣周邊底拖網調查資料集
金帶花鯖,Selar crumenophthalmus,,Actinopterygii,23.05,121.23,1978-09-21,1978,9,,1,台灣水產試驗所－近海與外海標本數位典藏
金帶花鯖,Selar crumenophthalmus,,Actinopterygii,23.05,121.23,1993-11-16,1993,11,,1,台灣水產試驗所－近海與外海標本數位典藏
金帶花鯖,Selar crumenophthalmus,,Actinopterygii,23.19,121.18,2005-04-14,2005,4,,1,台灣水產試驗所－近海與外海標本數位典藏
金帶花鯖,Selar crumenophthalmus,,Actinopterygii,23.12,121.42,2006-01-12,2006,1,,1,台灣水產試驗所－近海與外海標本數位典藏
金帶花鯖,Selar crumenophthalmus,,Actinopterygii,23.12,121.42,2007-10-30,2007,10,,1,台灣水產試驗所－近海與外海標本數位典藏
金帶花鯖,Selar crumenophthalmus,,Actinopterygii,23.07,121.32,2008/9/8,2008,9,,1,台灣水產試驗所－近海與外海標本數位典藏
金帶花鯖,Selar crumenophthalmus,脂眼凹肩鰺,Actinopterygii,24.58,121.86,2009-02-15,2009,2,,1,國立海洋生物博物館
金帶花鯖,Selar crumenophthalmus,,Actinopterygii,25.2,121.67,2002-09-23,2002,9,,1,臺灣魚類資料庫
金帶花鯖,Selar crumenophthalmus,,Actinopterygii,25.05,121.93,2006-07-18,2006,7,,1,臺灣魚類資料庫
金帶花鯖,Selar crumenophthalmus,,Actinopterygii,23.55,119.56,2006-09-08,2006,9,,1,臺灣魚類資料庫
金帶花鯖,Selar crumenophthalmus,,Actinopterygii,25.17,121.4,2007-10-13,2007,10,,1,臺灣魚類資料庫
金帶花鯖,Selar crumenophthalmus,,Actinopterygii,24.91,121.87,2000-07-13,2000,7,,1,臺灣魚類資料庫
金帶花鯖,Selar crumenophthalmus,,Actinopterygii,24.58,121.86,1990-01-06,1990,1,,1,臺灣魚類資料庫
金帶花鯖,Selar crumenophthalmus,,Actinopterygii,22.58,120.29,1970-01-01,1970,1,,1,臺灣魚類資料庫
金帶花鯖,Selar crumenophthalmus,,Actinopterygii,22.01,120.74,1981-11-14,1981,11,,1,臺灣魚類資料庫
金帶花鯖,Selar crumenophthalmus,,Actinopterygii,21.96,120.76,1982-06-02,1982,6,,1,臺灣魚類資料庫
金帶花鯖,Selar crumenophthalmus,,Actinopterygii,22.47,120.43,1993-02-17,1993,2,,1,臺灣魚類資料庫
金帶花鯖,Selar crumenophthalmus,,Actinopterygii,25.18,121.43,1993-04-26,1993,4,,1,臺灣魚類資料庫
金帶花鯖,Selar crumenophthalmus,,Actinopterygii,25.16,121.76,1993-09-25,1993,9,,1,臺灣魚類資料庫
金帶花鯖,Selar crumenophthalmus,,Actinopterygii,24.94,121.9,1990-03-09,1990,3,,1,國立海洋科技博物館
金帶花鯖,Selar crumenophthalmus,,Actinopterygii,25.13,121.85,1993-12-09,1993,12,,1,國立海洋科技博物館
金帶花鯖,"Selar crumenophthalmus (Bloch, 1793)",,,24.4996,121.8513,2026-05-16T08:01,2026,5,,1,GBIF
金帶花鯖,"Selar crumenophthalmus (Bloch, 1793)",,,24.0014,119.8442,2021-04-12,2021,4,,1,GBIF
金帶花鯖,"Selar crumenophthalmus (Bloch, 1793)",,,23.9312,119.6506,2021-08-30,2021,8,,1,GBIF
金線魚,Nemipterus aurorus,,Actinopterygii,22.01,120.74,1985-12-04,1985,12,,1,國立臺灣博物館
金線魚,Nemipterus aurorus,,Actinopterygii,22.01,120.74,1985-06-05,1985,6,,1,臺灣魚類資料庫
金線魚,Nemipterus bathybius,,Actinopterygii,24.47,120.6,2002/12/3 00:00:00,2002,12,,1,臺灣周邊底拖網調查資料集
金線魚,Nemipterus bathybius,,Actinopterygii,24.47,120.55,2002/12/3 00:00:00,2002,12,,1,臺灣周邊底拖網調查資料集
金線魚,Nemipterus bathybius,,Actinopterygii,24.42,120.49,2002/12/3 00:00:00,2002,12,,1,臺灣周邊底拖網調查資料集
金線魚,Nemipterus bathybius,,Actinopterygii,24.88,121.89,2000/2/17 00:00:00,2000,2,,1,臺灣周邊底拖網調查資料集
金線魚,Nemipterus bathybius,,Actinopterygii,25.16,121.76,1955-10-15,1955,10,,1,台灣水產試驗所－近海與外海標本數位典藏
金線魚,Nemipterus bathybius,,Actinopterygii,22.57,121.0,1987-04-09,1987,4,,1,台灣水產試驗所－近海與外海標本數位典藏
金線魚,Nemipterus bathybius,,Actinopterygii,23.05,121.24,2006-03-06,2006,3,,1,台灣水產試驗所－近海與外海標本數位典藏
金線魚,Nemipterus bathybius,,Actinopterygii,24.94,121.9,1985-03-27,1985,3,,1,國立臺灣博物館
金線魚,Nemipterus bathybius,底金線魚,Actinopterygii,22.47,120.43,2008-04-15,2008,4,,1,國立海洋生物博物館
金線魚,Nemipterus bathybius,,Actinopterygii,24.42,120.52,2002-09-03,2002,9,,1,臺灣魚類資料庫
金線魚,Nemipterus bathybius,,Actinopterygii,24.52,120.64,2002-09-03,2002,9,,1,臺灣魚類資料庫
金線魚,Nemipterus bathybius,,Actinopterygii,24.58,121.86,2005-03-08,2005,3,,1,臺灣魚類資料庫
金線魚,Nemipterus bathybius,,Actinopterygii,24.94,121.9,2000-12-01,2000,12,,1,臺灣魚類資料庫
金線魚,Nemipterus bathybius,,Actinopterygii,24.47,120.6,2002-12-03,2002,12,,1,臺灣魚類資料庫
金線魚,Nemipterus bathybius,,Actinopterygii,24.47,120.55,2002-12-03,2002,12,,1,臺灣魚類資料庫
金線魚,Nemipterus bathybius,,Actinopterygii,24.42,120.49,2002-12-03,2002,12,,1,臺灣魚類資料庫
金線魚,Nemipterus bathybius,,Actinopterygii,24.88,121.89,2000-02-17,2000,2,,1,臺灣魚類資料庫
金線魚,Nemipterus bathybius,,Actinopterygii,22.58,120.29,1982-10-14,1982,10,,1,臺灣魚類資料庫
金線魚,Nemipterus bathybius,,Actinopterygii,22.58,120.29,1985-12-05,1985,12,,1,臺灣魚類資料庫
金線魚,"Nemipterus bathybius Snyder, 1911",,,26.0468,119.3208,2025-03-26T17:34:16,2025,3,,1,GBIF
金線魚,"Nemipterus bathybius Snyder, 1911",,,22.35,120.3833,2016-06-01,2016,6,,1,GBIF
金線魚,Nemipterus furcosus,橫斑金線魚,Actinopterygii,21.94,120.74,2008-11-09,2008,11,,1,國立海洋生物博物館
金線魚,Nemipterus furcosus,,Actinopterygii,25.16,121.76,1982-08-18,1982,8,,1,臺灣魚類資料庫
金線魚,Nemipterus furcosus,,Actinopterygii,22.01,120.74,1985-06-01,1985,6,,1,臺灣魚類資料庫
金線魚,Nemipterus furcosus,,Actinopterygii,22.01,120.74,1985-04-08,1985,4,,1,臺灣魚類資料庫
金線魚,Nemipterus hexodon,,Actinopterygii,22.47,120.43,1985-06-17,1985,6,,1,臺灣魚類資料庫
金線魚,Nemipterus japonicus,,Actinopterygii,22.86,120.04,2001/6/1 00:00:00,2001,6,,1,臺灣周邊底拖網調查資料集
金線魚,Nemipterus japonicus,,Actinopterygii,22.9,120.06,2001/6/1 00:00:00,2001,6,,1,臺灣周邊底拖網調查資料集
金線魚,Nemipterus japonicus,,Actinopterygii,22.32,120.2,2001/6/8 00:00:00,2001,6,,1,臺灣周邊底拖網調查資料集
金線魚,Nemipterus japonicus,,Actinopterygii,22.28,120.36,2001/9/8 00:00:00,2001,9,,1,臺灣周邊底拖網調查資料集
金線魚,Nemipterus japonicus,,Actinopterygii,22.42,120.26,2001/9/10 00:00:00,2001,9,,1,臺灣周邊底拖網調查資料集
金線魚,Nemipterus japonicus,,Actinopterygii,22.9,120.06,2001/11/1 00:00:00,2001,11,,1,臺灣周邊底拖網調查資料集
金線魚,Nemipterus japonicus,,Actinopterygii,22.32,120.2,2001/11/8 00:00:00,2001,11,,1,臺灣周邊底拖網調查資料集
金線魚,Nemipterus japonicus,,Actinopterygii,22.29,120.17,2001/11/8 00:00:00,2001,11,,1,臺灣周邊底拖網調查資料集
金線魚,Nemipterus japonicus,,Actinopterygii,22.28,120.36,2001/11/8 00:00:00,2001,11,,1,臺灣周邊底拖網調查資料集
金線魚,Nemipterus japonicus,,Actinopterygii,22.32,120.2,2001/12/8 00:00:00,2001,12,,1,臺灣周邊底拖網調查資料集
金線魚,Nemipterus japonicus,,Actinopterygii,23.42,119.59,2003/11/20 00:00:00,2003,11,,1,臺灣周邊底拖網調查資料集
金線魚,Nemipterus japonicus,,Actinopterygii,22.58,120.29,1945-10-01,1945,10,,1,國立臺灣博物館
金線魚,Nemipterus japonicus,日本金線魚,Actinopterygii,22.47,120.43,2008-09-18,2008,9,,1,國立海洋生物博物館
金線魚,Nemipterus japonicus,,Actinopterygii,24.85,120.48,2002-03-21,2002,3,,1,臺灣魚類資料庫
金線魚,Nemipterus japonicus,,Actinopterygii,22.47,120.43,2004-08-16,2004,8,,1,臺灣魚類資料庫
金線魚,Nemipterus japonicus,,Actinopterygii,22.86,120.04,2001-06-01,2001,6,,1,臺灣魚類資料庫
金線魚,Nemipterus japonicus,,Actinopterygii,22.9,120.06,2001-06-01,2001,6,,1,臺灣魚類資料庫
金線魚,Nemipterus japonicus,,Actinopterygii,22.32,120.2,2001-06-08,2001,6,,1,臺灣魚類資料庫
金線魚,Nemipterus japonicus,,Actinopterygii,22.28,120.36,2001-09-08,2001,9,,1,臺灣魚類資料庫
金線魚,Nemipterus japonicus,,Actinopterygii,22.42,120.26,2001-09-10,2001,9,,1,臺灣魚類資料庫
金線魚,Nemipterus japonicus,,Actinopterygii,22.9,120.06,2001-11-01,2001,11,,1,臺灣魚類資料庫
金線魚,Nemipterus japonicus,,Actinopterygii,22.32,120.2,2001-11-08,2001,11,,1,臺灣魚類資料庫
金線魚,Nemipterus japonicus,,Actinopterygii,22.29,120.17,2001-11-08,2001,11,,1,臺灣魚類資料庫
金線魚,Nemipterus japonicus,,Actinopterygii,22.28,120.36,2001-11-08,2001,11,,1,臺灣魚類資料庫
金線魚,Nemipterus japonicus,,Actinopterygii,22.32,120.2,2001-12-08,2001,12,,1,臺灣魚類資料庫
金線魚,Nemipterus japonicus,,Actinopterygii,23.42,119.59,2003-11-20,2003,11,,1,臺灣魚類資料庫
金線魚,Nemipterus japonicus,,Actinopterygii,22.58,120.29,1979-07-25,1979,7,,1,臺灣魚類資料庫
金線魚,Nemipterus japonicus,,Actinopterygii,22.9,120.18,1979-11-20,1979,11,,1,臺灣魚類資料庫
金線魚,Nemipterus japonicus,,Actinopterygii,22.87,120.19,2001-06-28,2001,6,,1,臺灣魚類資料庫
金線魚,Nemipterus japonicus,,Actinopterygii,22.28,120.44,2002-04-04,2002,4,,1,國立海洋科技博物館
金線魚,"Nemipterus japonicus (Bloch, 1791)",,,23.1655,119.9893,2022-09-04,2022,9,,1,GBIF
金線魚,"Nemipterus japonicus (Bloch, 1791)",,,23.9691,119.7701,2022-11-27,2022,11,,1,GBIF
金線魚,"Nemipterus japonicus (Bloch, 1791)",,,23.1896,120.0858,2020-10-10T13:38,2020,10,,1,GBIF
金線魚,"Nemipterus japonicus (Bloch, 1791)",,,23.1897,120.0859,2019-12-23T13:27,2019,12,,1,GBIF
金線魚,"Nemipterus japonicus (Bloch, 1791)",,,23.9228,120.1653,2016-05-03,2016,5,,1,GBIF
金線魚,Nemipterus marginatus,,Actinopterygii,22.47,120.43,1979-03-12,1979,3,,1,臺灣魚類資料庫
金線魚,Nemipterus peronii,,Actinopterygii,24.14,120.34,2002/6/7 00:00:00,2002,6,,1,臺灣周邊底拖網調查資料集
金線魚,Nemipterus peronii,,Actinopterygii,24.18,120.33,2002/6/7 00:00:00,2002,6,,1,臺灣周邊底拖網調查資料集
金線魚,Nemipterus peronii,,Actinopterygii,24.18,120.33,2002/12/18 00:00:00,2002,12,,1,臺灣周邊底拖網調查資料集
金線魚,Nemipterus peronii,,Actinopterygii,24.82,120.44,2002/9/2 00:00:00,2002,9,,1,臺灣周邊底拖網調查資料集
金線魚,Nemipterus peronii,,Actinopterygii,24.83,120.39,2002/6/5 00:00:00,2002,6,,1,臺灣周邊底拖網調查資料集
金線魚,Nemipterus peronii,,Actinopterygii,24.47,120.6,2002/6/6 00:00:00,2002,6,,1,臺灣周邊底拖網調查資料集
金線魚,Nemipterus peronii,,Actinopterygii,24.47,120.6,2002/12/3 00:00:00,2002,12,,1,臺灣周邊底拖網調查資料集
金線魚,Nemipterus peronii,,Actinopterygii,24.47,120.55,2002/6/6 00:00:00,2002,6,,1,臺灣周邊底拖網調查資料集
金線魚,Nemipterus peronii,,Actinopterygii,23.56,119.67,2003/7/21 00:00:00,2003,7,,1,臺灣周邊底拖網調查資料集
金線魚,Nemipterus peronii,,Actinopterygii,23.48,119.63,2003/11/20 00:00:00,2003,11,,1,臺灣周邊底拖網調查資料集
金線魚,Nemipterus peronii,,Actinopterygii,23.45,119.62,2003/11/20 00:00:00,2003,11,,1,臺灣周邊底拖網調查資料集
金線魚,Nemipterus peronii,,Actinopterygii,23.05,121.22,2009/1/17,2009,1,,1,台灣水產試驗所－近海與外海標本數位典藏
金線魚,Nemipterus peronii,,Actinopterygii,23.1,121.25,2009/1/19,2009,1,,1,台灣水產試驗所－近海與外海標本數位典藏
金線魚,Nemipterus peronii,,Actinopterygii,22.58,120.29,1983-11-02,1983,11,,1,國立臺灣博物館
金線魚,Nemipterus peronii,裴氏金線魚,Actinopterygii,21.94,120.74,2008-05-10,2008,5,,1,國立海洋生物博物館
金線魚,Nemipterus peronii,,Actinopterygii,24.52,120.64,2002-09-03,2002,9,,1,臺灣魚類資料庫
金線魚,Nemipterus peronii,,Actinopterygii,24.06,120.43,2002-09-27,2002,9,,1,臺灣魚類資料庫
金線魚,Nemipterus peronii,,Actinopterygii,23.21,119.97,2003-10-01,2003,10,,1,臺灣魚類資料庫
金線魚,Nemipterus peronii,,Actinopterygii,22.47,120.43,2004-08-16,2004,8,,1,臺灣魚類資料庫
金線魚,Nemipterus peronii,,Actinopterygii,22.47,120.43,2005-04-28,2005,4,,1,臺灣魚類資料庫
金線魚,Nemipterus peronii,,Actinopterygii,24.14,120.34,2002-06-07,2002,6,,1,臺灣魚類資料庫
金線魚,Nemipterus peronii,,Actinopterygii,24.18,120.33,2002-06-07,2002,6,,1,臺灣魚類資料庫
金線魚,Nemipterus peronii,,Actinopterygii,24.18,120.33,2002-12-18,2002,12,,1,臺灣魚類資料庫
金線魚,Nemipterus peronii,,Actinopterygii,24.82,120.44,2002-09-02,2002,9,,1,臺灣魚類資料庫
金線魚,Nemipterus peronii,,Actinopterygii,24.83,120.39,2002-06-05,2002,6,,1,臺灣魚類資料庫
金線魚,Nemipterus peronii,,Actinopterygii,24.47,120.6,2002-06-06,2002,6,,1,臺灣魚類資料庫
金線魚,Nemipterus peronii,,Actinopterygii,24.47,120.6,2002-12-03,2002,12,,1,臺灣魚類資料庫
金線魚,Nemipterus peronii,,Actinopterygii,24.47,120.55,2002-06-06,2002,6,,1,臺灣魚類資料庫
金線魚,Nemipterus peronii,,Actinopterygii,23.56,119.67,2003-07-21,2003,7,,1,臺灣魚類資料庫
金線魚,Nemipterus peronii,,Actinopterygii,23.48,119.63,2003-11-20,2003,11,,1,臺灣魚類資料庫
金線魚,Nemipterus peronii,,Actinopterygii,23.45,119.62,2003-11-20,2003,11,,1,臺灣魚類資料庫
金線魚,Nemipterus peronii,,Actinopterygii,22.58,120.29,1979-11-22,1979,11,,1,臺灣魚類資料庫
金線魚,Nemipterus peronii,,Actinopterygii,24.89,121.95,2004-06-15,2004,6,,1,國立海洋科技博物館
金線魚,"Nemipterus peronii (Valenciennes, 1830)",,,24.4974,121.8425,2026-03-15T16:12,2026,3,,1,GBIF
金線魚,"Nemipterus peronii (Valenciennes, 1830)",,,24.2997,120.4866,2025-08-18T13:23:49,2025,8,,1,GBIF
金線魚,"Nemipterus peronii (Valenciennes, 1830)",,,24.3432,120.306,2023-07-12,2023,7,,1,GBIF
金線魚,"Nemipterus peronii (Valenciennes, 1830)",,,24.5804,120.0344,2023-07-12,2023,7,,1,GBIF
金線魚,"Nemipterus peronii (Valenciennes, 1830)",,,23.8258,120.064,2022-09-05,2022,9,,1,GBIF
金線魚,"Nemipterus peronii (Valenciennes, 1830)",,,24.0568,120.2914,2021-09-02,2021,9,,1,GBIF
金線魚,"Nemipterus peronii (Valenciennes, 1830)",,,24.0465,120.2812,2020-09-15,2020,9,,1,GBIF
金線魚,"Nemipterus peronii (Valenciennes, 1830)",,,24.5041,120.6443,2019-08-01,2019,8,,1,GBIF
金線魚,"Nemipterus peronii (Valenciennes, 1830)",,,24.0323,120.2811,2018-06-27,2018,6,,1,GBIF
金線魚,Nemipterus sp.,,Actinopterygii,24.25,120.52,2005-03-11,2005,3,,1,臺灣魚類資料庫
金線魚,Nemipterus sp.,,Actinopterygii,24.49,120.68,1989-08-01,1989,8,,1,臺灣魚類資料庫
金線魚,Nemipterus sp.,,Actinopterygii,22.58,120.29,1986-01-19,1986,1,,1,臺灣魚類資料庫
金線魚,Nemipterus thosaporni,,Actinopterygii,22.28,120.36,2001/3/8 00:00:00,2001,3,,1,臺灣周邊底拖網調查資料集
金線魚,Nemipterus thosaporni,,Actinopterygii,22.32,120.2,2001/3/8 00:00:00,2001,3,,1,臺灣周邊底拖網調查資料集
金線魚,Nemipterus thosaporni,,Actinopterygii,24.94,121.9,1997-11-20,1997,11,,1,台灣水產試驗所－近海與外海標本數位典藏
金線魚,Nemipterus thosaporni,黃緣金線魚,Actinopterygii,22.47,120.43,2009-11-14,2009,11,,1,國立海洋生物博物館
金線魚,Nemipterus thosaporni,,Actinopterygii,22.28,120.36,2001-03-08,2001,3,,1,臺灣魚類資料庫
金線魚,Nemipterus thosaporni,,Actinopterygii,22.32,120.2,2001-03-08,2001,3,,1,臺灣魚類資料庫
金線魚,Nemipterus virgatus,,Actinopterygii,24.83,120.39,2002/3/21 00:00:00,2002,3,,1,臺灣周邊底拖網調查資料集
金線魚,Nemipterus virgatus,,Actinopterygii,23.53,119.67,2003/7/21 00:00:00,2003,7,,1,臺灣周邊底拖網調查資料集
金線魚,Nemipterus virgatus,,Actinopterygii,24.91,121.87,2000/7/13 00:00:00,2000,7,,1,臺灣周邊底拖網調查資料集
金線魚,Nemipterus virgatus,,Actinopterygii,24.88,121.89,2000/12/27 00:00:00,2000,12,,1,臺灣周邊底拖網調查資料集
金線魚,Nemipterus virgatus,,Actinopterygii,22.58,120.29,1950-08-01,1950,8,,1,台灣水產試驗所－近海與外海標本數位典藏
金線魚,Nemipterus virgatus,,Actinopterygii,25.16,121.76,1956-06-02,1956,6,,1,台灣水產試驗所－近海與外海標本數位典藏
金線魚,Nemipterus virgatus,,Actinopterygii,24.94,121.9,1990-09-21,1990,9,,1,台灣水產試驗所－近海與外海標本數位典藏
金線魚,Nemipterus virgatus,,Actinopterygii,23.05,121.24,2006-03-06,2006,3,,1,台灣水產試驗所－近海與外海標本數位典藏
金線魚,Nemipterus virgatus,,Actinopterygii,22.48,120.46,1985-10-16,1985,10,,1,國立臺灣博物館
金線魚,Nemipterus virgatus,,Actinopterygii,22.58,120.29,1945-10-01,1945,10,,1,國立臺灣博物館
金線魚,Nemipterus virgatus,,Actinopterygii,25.16,121.76,1945-10-01,1945,10,,1,國立臺灣博物館
金線魚,Nemipterus virgatus,,Actinopterygii,24.94,121.9,1987-07-25,1987,7,,1,國立臺灣博物館
金線魚,Nemipterus virgatus,金線魚,Actinopterygii,24.58,121.86,2009-02-15,2009,2,,1,國立海洋生物博物館
金線魚,Nemipterus virgatus,,Actinopterygii,22.31,120.22,2001-05-16,2001,5,,1,臺灣魚類資料庫
金線魚,Nemipterus virgatus,,Actinopterygii,22.47,120.43,2004-08-14,2004,8,,1,臺灣魚類資料庫
金線魚,Nemipterus virgatus,,Actinopterygii,25.16,121.76,1990-03-05,1990,3,,1,臺灣魚類資料庫
金線魚,Nemipterus virgatus,,Actinopterygii,24.83,120.39,2002-03-21,2002,3,,1,臺灣魚類資料庫
金線魚,Nemipterus virgatus,,Actinopterygii,23.53,119.67,2003-07-21,2003,7,,1,臺灣魚類資料庫
金線魚,Nemipterus virgatus,,Actinopterygii,24.91,121.87,2000-07-13,2000,7,,1,臺灣魚類資料庫
金線魚,Nemipterus virgatus,,Actinopterygii,24.88,121.89,2000-12-27,2000,12,,1,臺灣魚類資料庫
金線魚,Nemipterus virgatus,,Actinopterygii,25.16,121.76,1981-10-31,1981,10,,1,臺灣魚類資料庫
金線魚,Nemipterus virgatus,,Actinopterygii,24.91,121.92,2000-12-01,2000,12,,1,臺灣魚類資料庫
金線魚,Nemipterus virgatus,,Actinopterygii,24.78,122.03,2000-12-01,2000,12,,1,臺灣魚類資料庫
金線魚,"Nemipterus virgatus (Houttuyn, 1782)",,,23.1667,119.9913,2020-07-16,2020,7,,1,GBIF
金線魚,"Nemipterus virgatus (Houttuyn, 1782)",,,24.4506,118.1564,2019-07-07T11:14:28,2019,7,,1,GBIF
金線魚,"Nemipterus virgatus (Houttuyn, 1782)",,,24.5972,118.0471,2017-01-04T12:58,2017,1,,1,GBIF
金線魚,Nemipterus zysron,,,23.1737,119.9921,2016/7/23,2016,7,,1,2016-2019年台江國家公園拖網調查
金線魚,Nemipterus zysron,,Actinopterygii,24.42,120.49,2002/12/3 00:00:00,2002,12,,1,臺灣周邊底拖網調查資料集
金線魚,Nemipterus zysron,,Actinopterygii,23.51,119.76,2003/7/21 00:00:00,2003,7,,1,臺灣周邊底拖網調查資料集
金線魚,Nemipterus zysron,,Actinopterygii,23.38,119.77,2003/7/21 00:00:00,2003,7,,1,臺灣周邊底拖網調查資料集
金線魚,Nemipterus zysron,,Actinopterygii,22.58,120.29,1958-03-10,1958,3,,1,台灣水產試驗所－近海與外海標本數位典藏
金線魚,Nemipterus zysron,長體金線魚,Actinopterygii,21.94,120.74,2008-04-26,2008,4,,1,國立海洋生物博物館
金線魚,Nemipterus zysron,,Actinopterygii,24.42,120.52,2002-09-03,2002,9,,1,臺灣魚類資料庫
金線魚,Nemipterus zysron,,Actinopterygii,24.42,120.49,2002-12-03,2002,12,,1,臺灣魚類資料庫
金線魚,Nemipterus zysron,,Actinopterygii,23.51,119.76,2003-07-21,2003,7,,1,臺灣魚類資料庫
金線魚,Nemipterus zysron,,Actinopterygii,23.38,119.77,2003-07-21,2003,7,,1,臺灣魚類資料庫
金線魚,Nemipterus zysron,,Actinopterygii,22.01,120.74,1981-10-15,1981,10,,1,臺灣魚類資料庫
金線魚,Nemipterus zysron,,Actinopterygii,22.01,120.74,1985-05-01,1985,5,,1,臺灣魚類資料庫
金線魚,Nemipterus zysron,,Actinopterygii,22.01,120.74,1979-12-16,1979,12,,1,臺灣魚類資料庫
金線魚,Nemipterus zysron,,Actinopterygii,22.58,120.29,1986-01-09,1986,1,,1,臺灣魚類資料庫
金線魚,Nemipterus zysron,,Actinopterygii,22.0,120.75,1985-05-01,1985,5,,1,國立海洋科技博物館
金線魚,"Nemipterus zysron (Bleeker, 1856)",,,23.1737,119.9921,2016-07-23,2016,7,,1,GBIF
雨傘旗魚,Istiophorus platypterus,,Actinopterygii,25.16,121.76,1957-08-25,1957,8,,1,台灣水產試驗所－近海與外海標本數位典藏
雨傘旗魚,Istiophorus platypterus,,Actinopterygii,25.16,121.76,1952-08-01,1952,8,,1,台灣水產試驗所－近海與外海標本數位典藏
雨傘旗魚,Istiophorus platypterus,,Actinopterygii,23.05,121.23,1988-07-03,1988,7,,1,台灣水產試驗所－近海與外海標本數位典藏
雨傘旗魚,Istiophorus platypterus,,Actinopterygii,23.05,121.23,2005-06-16,2005,6,,1,台灣水產試驗所－近海與外海標本數位典藏
雨傘旗魚,Istiophorus platypterus,,Actinopterygii,23.05,121.23,2005-09-06,2005,9,,1,台灣水產試驗所－近海與外海標本數位典藏
雨傘旗魚,Istiophorus platypterus,,Actinopterygii,23.05,121.24,2006-10-04,2006,10,,1,台灣水產試驗所－近海與外海標本數位典藏
雨傘旗魚,Istiophorus platypterus,,Actinopterygii,23.19,121.18,2007-07-09,2007,7,,1,台灣水產試驗所－近海與外海標本數位典藏
雨傘旗魚,Istiophorus platypterus,,Actinopterygii,22.54,121.26,2008/8/27,2008,8,,1,台灣水產試驗所－近海與外海標本數位典藏
雨傘旗魚,Istiophorus platypterus,,Actinopterygii,23.1,121.37,2004-05-10,2004,5,,1,臺灣魚類資料庫
雨傘旗魚,"Istiophorus platypterus (Shaw, 1792)",,,24.4026,121.8281,2026-05-16T08:15,2026,5,,1,GBIF
雨傘旗魚,"Istiophorus platypterus (Shaw, 1792)",,,24.6728,118.7883,2025-09-08T16:42:52,2025,9,,1,GBIF
雨傘旗魚,"Istiophorus platypterus (Shaw, 1792)",,,24.4303,121.9675,2024-05-10T09:50,2024,5,,1,GBIF
雨傘旗魚,"Istiophorus platypterus (Shaw, 1792)",,,23.1023,121.3545,2024-08-02T12:53:57,2024,8,,1,GBIF
雨傘旗魚,"Istiophorus platypterus (Shaw, 1792)",,,23.0751,121.2095,2024-10-22T12:20:22,2024,10,,1,GBIF
雨傘旗魚,"Istiophorus platypterus (Shaw, 1792)",,,24.5547,121.8531,2023-02-27T13:08,2023,2,,1,GBIF
雨傘旗魚,"Istiophorus platypterus (Shaw, 1792)",,,21.9877,120.8151,2022-05-15T03:27:12,2022,5,,1,GBIF
雨傘旗魚,"Istiophorus platypterus (Shaw, 1792)",,,23.9696,119.728,2022-06-28,2022,6,,1,GBIF
雨傘旗魚,"Istiophorus platypterus (Shaw, 1792)",,,24.8586,120.8641,2022-07-01,2022,7,,1,GBIF
雨傘旗魚,"Istiophorus platypterus (Shaw, 1792)",,,23.4309,121.414,2021-05-05,2021,5,,1,GBIF
雨傘旗魚,"Istiophorus platypterus (Shaw, 1792)",,,24.4136,120.2352,2021-05-01,2021,5,,1,GBIF
雨傘旗魚,"Istiophorus platypterus (Shaw, 1792)",,,24.525,120.558,2021-07-15,2021,7,,1,GBIF
雨傘旗魚,"Istiophorus platypterus (Shaw, 1792)",,,22.0187,120.7672,2021-12-06T19:55:54,2021,12,,1,GBIF
雨傘旗魚,"Istiophorus platypterus (Shaw, 1792)",,,22.6144,121.4907,2020-06-27T15:10,2020,6,,1,GBIF
雨傘旗魚,"Istiophorus platypterus (Shaw, 1792)",,,22.8375,121.1891,2020-06-04,2020,6,,1,GBIF
雨傘旗魚,"Istiophorus platypterus (Shaw, 1792)",,,23.6031,120.0334,2020-06-02,2020,6,,1,GBIF
雨傘旗魚,"Istiophorus platypterus (Shaw, 1792)",,,24.8862,120.7092,2020-08-13,2020,8,,1,GBIF
雨傘旗魚,"Istiophorus platypterus (Shaw, 1792)",,,24.4272,121.9091,2018-03-22T15:57,2018,3,,1,GBIF
雨傘旗魚,"Istiophorus platypterus (Shaw, 1792)",,,24.7019,120.55,2018-06-30,2018,6,,1,GBIF
雨傘旗魚,"Istiophorus platypterus (Shaw, 1792)",,,23.5955,119.721,2018-06-12,2018,6,,1,GBIF
雨傘旗魚,"Istiophorus platypterus (Shaw, 1792)",,,22.8369,121.1894,2018-06-13,2018,6,,1,GBIF
飛魚,Cheilopogon abei,阿氏鬚唇飛魚,Actinopterygii,23.98,121.61,2012-07-21,2012,7,,1,國立海洋生物博物館
飛魚,"Cheilopogon abei Parin, 1996",,,24.8586,120.8641,2022-04-29,2022,4,,1,GBIF
飛魚,"Cheilopogon abei Parin, 1996",,,24.1732,119.7756,2022-06-01,2022,6,,1,GBIF
飛魚,"Cheilopogon abei Parin, 1996",,,23.9691,119.7701,2022-06-28,2022,6,,1,GBIF
飛魚,Cheilopogon agoo,阿戈鬚唇飛魚,Actinopterygii,24.75,121.75,2012-03-02,2012,3,,1,國立海洋生物博物館
飛魚,Cheilopogon agoo,,Actinopterygii,21.96,120.76,1980-12-13,1980,12,,1,臺灣魚類資料庫
飛魚,Cheilopogon antoncichi,,Actinopterygii,24.58,121.86,1984-09-02,1984,9,,1,國立臺灣博物館
飛魚,Cheilopogon arcticeps,,Actinopterygii,25.16,121.76,1978-07-21,1978,7,,1,台灣水產試驗所－近海與外海標本數位典藏
飛魚,Cheilopogon arcticeps,弓頭唇鬚飛魚,Actinopterygii,24.75,121.75,2011-11-20,2011,11,,1,國立海洋生物博物館
飛魚,"Cheilopogon arcticeps (Günther, 1866)",,,24.4112,120.0178,2022-04-01,2022,4,,1,GBIF
飛魚,Cheilopogon atrisignis,,Actinopterygii,22.06,121.51,1978-03-11,1978,3,,1,台灣水產試驗所－近海與外海標本數位典藏
飛魚,Cheilopogon atrisignis,紅斑鬚唇飛魚,Actinopterygii,22.05,121.5,2012-05-21,2012,5,,1,國立海洋生物博物館
飛魚,Cheilopogon cyanopterus,,Actinopterygii,22.58,120.29,1977-05-01,1977,5,,1,台灣水產試驗所－近海與外海標本數位典藏
飛魚,Cheilopogon cyanopterus,,Actinopterygii,23.05,121.23,1987-06-15,1987,6,,1,台灣水產試驗所－近海與外海標本數位典藏
飛魚,Cheilopogon cyanopterus,,Actinopterygii,22.06,121.51,1978-02-28,1978,2,,1,台灣水產試驗所－近海與外海標本數位典藏
飛魚,Cheilopogon cyanopterus,,Actinopterygii,23.01,121.19,2005-04-14,2005,4,,1,台灣水產試驗所－近海與外海標本數位典藏
飛魚,Cheilopogon cyanopterus,,Actinopterygii,23.04,121.22,2006-03-31,2006,3,,1,台灣水產試驗所－近海與外海標本數位典藏
飛魚,Cheilopogon cyanopterus,,Actinopterygii,23.05,121.22,2007-05-04,2007,5,,1,台灣水產試驗所－近海與外海標本數位典藏
飛魚,Cheilopogon cyanopterus,青翼鬚唇飛魚,Actinopterygii,23.98,121.61,2012-07-21,2012,7,,1,國立海洋生物博物館
飛魚,Cheilopogon cyanopterus,,Actinopterygii,24.58,121.86,2005-04-25,2005,4,,1,臺灣魚類資料庫
飛魚,"Cheilopogon cyanopterus (Valenciennes, 1847)",,,24.8563,121.8996,2024-04-26T11:12,2024,4,,1,GBIF
飛魚,"Cheilopogon cyanopterus (Valenciennes, 1847)",,,24.4891,121.8668,2023-05-15T07:15,2023,5,,1,GBIF
飛魚,"Cheilopogon cyanopterus (Valenciennes, 1847)",,,24.4936,122.014,2022-06-04T09:36,2022,6,,1,GBIF
飛魚,"Cheilopogon cyanopterus (Valenciennes, 1847)",,,21.9293,120.7734,2018-04-22T17:23,2018,4,,1,GBIF
飛魚,Cheilopogon katoptron,,Actinopterygii,22.58,120.29,1977-06-01,1977,6,,1,台灣水產試驗所－近海與外海標本數位典藏
飛魚,Cheilopogon sp.,,Actinopterygii,21.9,120.76,2002-06-05,2002,6,,1,臺灣魚類資料庫
飛魚,Cheilopogon spilonotopterus,,Actinopterygii,24.58,121.86,2005-04-25,2005,4,,1,臺灣魚類資料庫
飛魚,"Cheilopogon spilonotopterus (Bleeker, 1865)",,,22.8381,121.1894,2020-06-04,2020,6,,1,GBIF
飛魚,Cheilopogon spilopterus,,Actinopterygii,22.58,120.29,1977-05-14,1977,5,,1,台灣水產試驗所－近海與外海標本數位典藏
飛魚,"Cheilopogon spilopterus (Valenciennes, 1847)",,,21.1317,119.4033,2025-09-04T18:18,2025,9,,1,GBIF
飛魚,Cheilopogon suttoni,,Actinopterygii,22.01,120.74,1976-03-11,1976,3,,1,台灣水產試驗所－近海與外海標本數位典藏
飛魚,Cheilopogon suttoni,蘇氏鬚唇飛魚,Actinopterygii,22.05,121.5,2012-04-22,2012,4,,1,國立海洋生物博物館
飛魚,Cheilopogon unicolor,,Actinopterygii,23.1,121.37,1977-04-13,1977,4,,1,台灣水產試驗所－近海與外海標本數位典藏
飛魚,Cheilopogon unicolor,,Actinopterygii,23.09,121.38,1987-04-30,1987,4,,1,台灣水產試驗所－近海與外海標本數位典藏
飛魚,Cheilopogon unicolor,,Actinopterygii,23.05,121.23,1987-06-15,1987,6,,1,台灣水產試驗所－近海與外海標本數位典藏
飛魚,Cheilopogon unicolor,,Actinopterygii,23.15,121.24,2005-05-26,2005,5,,1,台灣水產試驗所－近海與外海標本數位典藏
飛魚,Cheilopogon unicolor,,Actinopterygii,23.04,121.22,2006-03-31,2006,3,,1,台灣水產試驗所－近海與外海標本數位典藏
飛魚,Cheilopogon unicolor,白鰭鬚唇飛魚,Actinopterygii,23.98,121.61,2012-07-21,2012,7,,1,國立海洋生物博物館
飛魚,Cheilopogon unicolor,,Actinopterygii,24.58,121.86,2005-04-25,2005,4,,1,臺灣魚類資料庫
飛魚,Cheilopogon unicolor,,Actinopterygii,24.94,121.9,2005-04-24,2005,4,,1,臺灣魚類資料庫
飛魚,Cheilopogon unicolor,,Actinopterygii,25.07,121.92,1998-06-10,1998,6,,1,臺灣魚類資料庫
飛魚,Cheilopogon unicolor,,Actinopterygii,22.01,120.74,1991-06-01,1991,6,,1,臺灣魚類資料庫
飛魚,Cheilopogon unicolor,,Actinopterygii,22.0,120.75,1991-06-01,1991,6,,1,國立海洋科技博物館
飛魚,"Cheilopogon unicolor (Valenciennes, 1847)",,,24.4712,122.0135,2025-05-03T14:26,2025,5,,1,GBIF
飛魚,"Cheilopogon unicolor (Valenciennes, 1847)",,,23.9743,121.6353,2025-05-20T10:53:58,2025,5,,1,GBIF
飛魚,"Cheilopogon unicolor (Valenciennes, 1847)",,,25.4732,122.1027,2021-02-25T09:20,2021,2,,1,GBIF
飛魚,"Cheilopogon unicolor (Valenciennes, 1847)",,,22.8381,121.1894,2020-06-04,2020,6,,1,GBIF
飛魚,"Cheilopogon unicolor (Valenciennes, 1847)",,,22.8381,121.1894,2019-03-22,2019,3,,1,GBIF
飛魚,"Cheilopogon unicolor (Valenciennes, 1847)",,,25.1688,121.7117,2019-11-11,2019,11,,1,GBIF
飛魚,"Cheilopogon unicolor (Valenciennes, 1847)",,,20.3338,121.4453,2018-04-18T05:41,2018,4,,1,GBIF
飛魚,"Cheilopogon unicolor (Valenciennes, 1847)",,,22.0642,121.4914,2018-04-19T09:36,2018,4,,1,GBIF
飛魚,Cypselurus angusticeps,細頭斑鰭飛魚,Actinopterygii,22.05,121.5,2012-05-04,2012,5,,1,國立海洋生物博物館
飛魚,Cypselurus exsiliens,,Actinopterygii,24.91,120.97,1975-04-01,1975,4,,1,台灣水產試驗所－近海與外海標本數位典藏
飛魚,Cypselurus naresii,,Actinopterygii,24.91,120.97,1975-04-01,1975,4,,1,台灣水產試驗所－近海與外海標本數位典藏
飛魚,Cypselurus naresii,,Actinopterygii,23.05,121.24,2007-09-21,2007,9,,1,台灣水產試驗所－近海與外海標本數位典藏
飛魚,Cypselurus naresii,納氏斑鰭飛魚,Actinopterygii,23.98,121.61,2012-07-21,2012,7,,1,國立海洋生物博物館
飛魚,Cypselurus oligolepis,,Actinopterygii,25.3,121.56,2004-10-08,2004,10,,1,臺灣魚類資料庫
飛魚,Cypselurus oligolepis,,Actinopterygii,25.2,121.67,2004-11-30,2004,11,,1,臺灣魚類資料庫
飛魚,"Cypselurus oligolepis (Bleeker, 1865)",,,24.8522,121.9472,2023-06-18T11:14,2023,6,,1,GBIF
飛魚,Cypselurus poecilopterus,,Actinopterygii,23.1,121.37,1977-04-13,1977,4,,1,台灣水產試驗所－近海與外海標本數位典藏
飛魚,Cypselurus poecilopterus,,Actinopterygii,25.16,121.76,1952-02-01,1952,2,,1,台灣水產試驗所－近海與外海標本數位典藏
飛魚,Cypselurus poecilopterus,,Actinopterygii,23.05,121.23,1987-06-15,1987,6,,1,台灣水產試驗所－近海與外海標本數位典藏
飛魚,Cypselurus poecilopterus,,Actinopterygii,23.15,121.24,2005-05-03,2005,5,,1,台灣水產試驗所－近海與外海標本數位典藏
飛魚,Cypselurus poecilopterus,,Actinopterygii,23.12,121.42,2006-05-09,2006,5,,1,台灣水產試驗所－近海與外海標本數位典藏
飛魚,Cypselurus poecilopterus,,Actinopterygii,23.07,121.32,2008/5/9,2008,5,,1,台灣水產試驗所－近海與外海標本數位典藏
飛魚,Cypselurus poecilopterus,斑鰭飛魚,Actinopterygii,23.98,121.61,2012-07-21,2012,7,,1,國立海洋生物博物館
飛魚,Cypselurus poecilopterus,,Actinopterygii,25.2,121.67,2005-06-29,2005,6,,1,臺灣魚類資料庫
飛魚,"Cypselurus poecilopterus (Valenciennes, 1847)",,,24.4997,121.8513,2026-05-16T08:09,2026,5,,1,GBIF
飛魚,"Cypselurus poecilopterus (Valenciennes, 1847)",,,24.4977,121.8435,2025-05-02T22:08:09,2025,5,,1,GBIF
飛魚,"Cypselurus poecilopterus (Valenciennes, 1847)",,,25.1352,121.8753,2024-07-02T20:51,2024,7,,1,GBIF
飛魚,"Cypselurus poecilopterus (Valenciennes, 1847)",,,23.0109,121.2924,2023-06-11T10:24,2023,6,,1,GBIF
飛魚,"Cypselurus poecilopterus (Valenciennes, 1847)",,,24.4936,122.014,2022-06-04T13:41,2022,6,,1,GBIF
飛魚,"Cypselurus poecilopterus (Valenciennes, 1847)",,,23.6569,121.5822,2021-05-06T17:17,2021,5,,1,GBIF
飛魚,"Cypselurus poecilopterus (Valenciennes, 1847)",,,24.8982,121.9763,2020-06-07T09:49,2020,6,,1,GBIF
飛魚,"Cypselurus poecilopterus (Valenciennes, 1847)",,,20.0138,121.489,2018-05-03T05:28,2018,5,,1,GBIF
飛魚,Cypselurus sp.,,Actinopterygii,21.97,120.7,2002-07-15,2002,7,,1,臺灣魚類資料庫
飛魚,Cypselurus sp.,,Actinopterygii,21.99,120.66,2004-04-11,2004,4,,1,臺灣魚類資料庫
飛魚,Cypselurus spilonotopterus,,Actinopterygii,24.94,121.9,2008-05-14,2008,5,,1,臺灣魚類資料庫
飛魚,Cypselurus spilopterus,,Actinopterygii,24.94,121.9,2008-05-14,2008,5,,1,臺灣魚類資料庫
飛魚,Cypselurus starksi,,Actinopterygii,25.16,121.76,1986-03-29,1986,3,,1,台灣水產試驗所－近海與外海標本數位典藏
飛魚,Exocoetus monocirrhus,,Actinopterygii,22.58,120.29,1977-06-02,1977,6,,1,台灣水產試驗所－近海與外海標本數位典藏
飛魚,Exocoetus monocirrhus,,Actinopterygii,25.16,121.76,1986-03-29,1986,3,,1,台灣水產試驗所－近海與外海標本數位典藏
飛魚,Exocoetus monocirrhus,,Actinopterygii,22.58,120.29,1977-05-24,1977,5,,1,台灣水產試驗所－近海與外海標本數位典藏
飛魚,Exocoetus volitans,大頭飛魚,Actinopterygii,23.98,121.61,2012-05-11,2012,5,,1,國立海洋生物博物館
飛魚,"Exocoetus volitans Linnaeus, 1758",,,24.1732,119.7756,2022-03-01,2022,3,,1,GBIF
飛魚,"Exocoetus volitans Linnaeus, 1758",,,23.9678,119.6547,2022-05-11,2022,5,,1,GBIF
飛魚,"Exocoetus volitans Linnaeus, 1758",,,24.1367,119.9194,2020-03-19,2020,3,,1,GBIF
飛魚,Gen. sp(Exocoetidae),,Actinopterygii,21.94,120.78,2002-06-05,2002,6,,1,臺灣魚類資料庫
飛魚,Hirundichthys oxycephalus,,Actinopterygii,23.57,119.56,1976-10-11,1976,10,,1,台灣水產試驗所－近海與外海標本數位典藏
飛魚,Hirundichthys oxycephalus,,Actinopterygii,25.16,121.76,1978-07-14,1978,7,,1,台灣水產試驗所－近海與外海標本數位典藏
飛魚,Hirundichthys oxycephalus,,Actinopterygii,23.05,121.23,1987-06-15,1987,6,,1,台灣水產試驗所－近海與外海標本數位典藏
飛魚,Hirundichthys oxycephalus,尖頭細身飛魚,Actinopterygii,22.63,121.46,2011-05-19,2011,5,,1,國立海洋生物博物館
飛魚,Hirundichthys oxycephalus,,Actinopterygii,22.03,120.72,1980-04-12,1980,4,,1,臺灣魚類資料庫
飛魚,Hirundichthys oxycephalus,,Actinopterygii,25.2,121.67,1997-06-24,1997,6,,1,臺灣魚類資料庫
飛魚,"Hirundichthys oxycephalus (Bleeker, 1853)",,,24.8586,120.8641,2022-06-19,2022,6,,1,GBIF
飛魚,Hirundichthys speculiger,,Actinopterygii,22.48,120.46,1977-05-10,1977,5,,1,台灣水產試驗所－近海與外海標本數位典藏
飛魚,Hirundichthys speculiger,尖鰭細身飛魚,Actinopterygii,22.63,121.46,2012-07-18,2012,7,,1,國立海洋生物博物館
飛魚,Prognichthys brevipinnis,短鰭原飛魚,Actinopterygii,23.98,121.61,2012-05-11,2012,5,,1,國立海洋生物博物館
飛魚,Prognichthys brevipinnis,,Actinopterygii,25.3,121.56,2004-10-08,2004,10,,1,臺灣魚類資料庫
飛魚,"Prognichthys brevipinnis (Valenciennes, 1847)",,,24.2629,120.1008,2021-08-30,2021,8,,1,GBIF
飛魚,"Prognichthys brevipinnis (Valenciennes, 1847)",,,24.5041,120.6443,2019-08-01,2019,8,,1,GBIF
飛魚,Prognichthys sealei,塞氏原飛魚,Actinopterygii,22.63,121.46,2012-07-18,2012,7,,1,國立海洋生物博物館
飛魚,Prognichthys sp.,,Actinopterygii,24.58,121.86,2005-04-25,2005,4,,1,臺灣魚類資料庫
鬼頭刀,Coryphaena equiselis,,Actinopterygii,23.05,121.23,1978-02-22,1978,2,,1,台灣水產試驗所－近海與外海標本數位典藏
鬼頭刀,Coryphaena equiselis,,Actinopterygii,23.94,121.61,2004-09-08,2004,9,,1,台灣水產試驗所－近海與外海標本數位典藏
鬼頭刀,Coryphaena equiselis,,Actinopterygii,23.05,121.23,2004-10-09,2004,10,,1,台灣水產試驗所－近海與外海標本數位典藏
鬼頭刀,Coryphaena equiselis,,Actinopterygii,23.3,121.31,2005-04-07,2005,4,,1,台灣水產試驗所－近海與外海標本數位典藏
鬼頭刀,Coryphaena equiselis,,Actinopterygii,23.05,121.26,2005-08-27,2005,8,,1,台灣水產試驗所－近海與外海標本數位典藏
鬼頭刀,Coryphaena equiselis,,Actinopterygii,23.05,121.24,2005-10-14,2005,10,,1,台灣水產試驗所－近海與外海標本數位典藏
鬼頭刀,Coryphaena equiselis,,Actinopterygii,23.05,121.24,2006-02-16,2006,2,,1,台灣水產試驗所－近海與外海標本數位典藏
鬼頭刀,Coryphaena equiselis,,Actinopterygii,23.05,121.22,2009/2/3,2009,2,,1,台灣水產試驗所－近海與外海標本數位典藏
鬼頭刀,Coryphaena equiselis,,Actinopterygii,21.97,120.7,2002-01-13,2002,1,,1,臺灣魚類資料庫
鬼頭刀,"Coryphaena equiselis Linnaeus, 1758",,,24.4112,120.0178,2022-04-01,2022,4,,1,GBIF
鬼頭刀,"Coryphaena equiselis Linnaeus, 1758",,,24.5742,120.1783,2022-05-01,2022,5,,1,GBIF
鬼頭刀,"Coryphaena equiselis Linnaeus, 1758",,,24.6304,120.228,2022-08-01,2022,8,,1,GBIF
鬼頭刀,"Coryphaena equiselis Linnaeus, 1758",,,22.8369,121.1894,2021-03-04,2021,3,,1,GBIF
鬼頭刀,"Coryphaena equiselis Linnaeus, 1758",,,24.169,119.9532,2020-03-19,2020,3,,1,GBIF
鬼頭刀,"Coryphaena equiselis Linnaeus, 1758",,,23.5809,119.9976,2020-06-02,2020,6,,1,GBIF
鬼頭刀,"Coryphaena equiselis Linnaeus, 1758",,,22.8375,121.1891,2018-10-25,2018,10,,1,GBIF
鬼頭刀,Coryphaena hippurus,,Actinopterygii,25.16,121.76,1957-08-25,1957,8,,1,台灣水產試驗所－近海與外海標本數位典藏
鬼頭刀,Coryphaena hippurus,,Actinopterygii,23.05,121.23,2005-05-20,2005,5,,1,台灣水產試驗所－近海與外海標本數位典藏
鬼頭刀,Coryphaena hippurus,,Actinopterygii,23.3,121.31,2005-04-07,2005,4,,1,台灣水產試驗所－近海與外海標本數位典藏
鬼頭刀,Coryphaena hippurus,,Actinopterygii,23.05,121.24,2005-10-14,2005,10,,1,台灣水產試驗所－近海與外海標本數位典藏
鬼頭刀,Coryphaena hippurus,,Actinopterygii,23.05,121.24,2007-04-20,2007,4,,1,台灣水產試驗所－近海與外海標本數位典藏
鬼頭刀,Coryphaena hippurus,,Actinopterygii,23.05,121.22,2007-11-17,2007,11,,1,台灣水產試驗所－近海與外海標本數位典藏
鬼頭刀,Coryphaena hippurus,,Actinopterygii,23.05,121.22,2007/2/5,2007,2,,1,台灣水產試驗所－近海與外海標本數位典藏
鬼頭刀,Coryphaena hippurus,鬼頭刀,Actinopterygii,21.94,120.73,2011-02-17,2011,2,,1,國立海洋生物博物館
鬼頭刀,Coryphaena hippurus,,Actinopterygii,24.94,121.9,2003-01-23,2003,1,,1,臺灣魚類資料庫
鬼頭刀,Coryphaena hippurus,,Actinopterygii,22.0,120.7,2002-07-15,2002,7,,1,臺灣魚類資料庫
鬼頭刀,Coryphaena hippurus,,Actinopterygii,21.99,120.66,2004-04-11,2004,4,,1,臺灣魚類資料庫
鬼頭刀,Coryphaena hippurus,,Actinopterygii,24.58,121.86,1969-11-05,1969,11,,1,臺灣魚類資料庫
鬼頭刀,Coryphaena hippurus,,Actinopterygii,25.2,121.67,1997-09-02,1997,9,,1,臺灣魚類資料庫
鬼頭刀,Coryphaena hippurus,,Actinopterygii,25.2,121.67,1997-10-16,1997,10,,1,臺灣魚類資料庫
鬼頭刀,Coryphaena hippurus,,Actinopterygii,25.23,121.68,1990-11-03,1990,11,,1,國立海洋科技博物館
鬼頭刀,"Coryphaena hippurus Linnaeus, 1758",,,25.127,121.9144,2025-06-28T11:48,2025,6,,1,GBIF
鬼頭刀,"Coryphaena hippurus Linnaeus, 1758",,,24.7806,118.7691,2025-09-07T23:26:27,2025,9,,1,GBIF
鬼頭刀,"Coryphaena hippurus Linnaeus, 1758",,,25.5147,119.7932,2025-09-03T05:28:36,2025,9,,1,GBIF
鬼頭刀,"Coryphaena hippurus Linnaeus, 1758",,,24.4973,121.8425,2024-06-11T16:23:54,2024,6,,1,GBIF
鬼頭刀,"Coryphaena hippurus Linnaeus, 1758",,,24.5748,121.8684,2024-06-19T07:23,2024,6,,1,GBIF
鬼頭刀,"Coryphaena hippurus Linnaeus, 1758",,,25.1352,121.8753,2024-07-02T22:36,2024,7,,1,GBIF
鬼頭刀,"Coryphaena hippurus Linnaeus, 1758",,,23.0992,121.3803,2024-10-22T12:07:54,2024,10,,1,GBIF
鬼頭刀,"Coryphaena hippurus Linnaeus, 1758",,,20.5091,121.7733,2023-03-18T07:00,2023,3,,1,GBIF
鬼頭刀,"Coryphaena hippurus Linnaeus, 1758",,,23.4798,121.559,2023-04-17T10:59,2023,4,,1,GBIF
鬼頭刀,"Coryphaena hippurus Linnaeus, 1758",,,25.1269,121.9142,2023-05-11T11:58:18,2023,5,,1,GBIF
鬼頭刀,"Coryphaena hippurus Linnaeus, 1758",,,23.3619,121.5922,2023-08-18T12:04,2023,8,,1,GBIF
鬼頭刀,"Coryphaena hippurus Linnaeus, 1758",,,23.0986,121.3807,2023-10-28T15:05:46,2023,10,,1,GBIF
鬼頭刀,"Coryphaena hippurus Linnaeus, 1758",,,22.8062,120.2019,2023-12-15,2023,12,,1,GBIF
鬼頭刀,"Coryphaena hippurus Linnaeus, 1758",,,23.9565,119.7932,2022-03-17,2022,3,,1,GBIF
鬼頭刀,"Coryphaena hippurus Linnaeus, 1758",,,24.186,120.0324,2022-03-01,2022,3,,1,GBIF
鬼頭刀,"Coryphaena hippurus Linnaeus, 1758",,,24.1659,119.9115,2022-03-01,2022,3,,1,GBIF
鬼頭刀,"Coryphaena hippurus Linnaeus, 1758",,,25.3889,121.6647,2022-04-12,2022,4,,1,GBIF
鬼頭刀,"Coryphaena hippurus Linnaeus, 1758",,,24.4704,120.0166,2022-05-01,2022,5,,1,GBIF
鬼頭刀,"Coryphaena hippurus Linnaeus, 1758",,,24.1007,119.6391,2022-05-11,2022,5,,1,GBIF
鬼頭刀,"Coryphaena hippurus Linnaeus, 1758",,,23.9215,119.8217,2022-05-11,2022,5,,1,GBIF
鬼頭刀,"Coryphaena hippurus Linnaeus, 1758",,,23.0806,121.3892,2022-05-20T09:27,2022,5,,1,GBIF
鬼頭刀,"Coryphaena hippurus Linnaeus, 1758",,,24.1751,119.8181,2022-06-01,2022,6,,1,GBIF
鬼頭刀,"Coryphaena hippurus Linnaeus, 1758",,,24.8586,120.8641,2022-06-19,2022,6,,1,GBIF
鬼頭刀,"Coryphaena hippurus Linnaeus, 1758",,,24.386,120.2621,2022-06-01,2022,6,,1,GBIF
鬼頭刀,"Coryphaena hippurus Linnaeus, 1758",,,23.6945,120.086,2022-06-28,2022,6,,1,GBIF
鬼頭刀,"Coryphaena hippurus Linnaeus, 1758",,,23.9696,119.728,2022-06-28,2022,6,,1,GBIF
鬼頭刀,"Coryphaena hippurus Linnaeus, 1758",,,24.8586,120.8641,2022-07-01,2022,7,,1,GBIF
鬼頭刀,"Coryphaena hippurus Linnaeus, 1758",,,23.9398,119.6565,2022-07-27,2022,7,,1,GBIF
鬼頭刀,"Coryphaena hippurus Linnaeus, 1758",,,23.9888,119.7023,2022-07-27,2022,7,,1,GBIF
鬼頭刀,"Coryphaena hippurus Linnaeus, 1758",,,23.9763,119.6695,2022-07-27,2022,7,,1,GBIF
鬼頭刀,"Coryphaena hippurus Linnaeus, 1758",,,24.4792,120.1753,2022-08-01,2022,8,,1,GBIF
鬼頭刀,"Coryphaena hippurus Linnaeus, 1758",,,24.195,119.8185,2022-08-01,2022,8,,1,GBIF
鬼頭刀,"Coryphaena hippurus Linnaeus, 1758",,,24.5,120.1409,2022-08-01,2022,8,,1,GBIF
鬼頭刀,"Coryphaena hippurus Linnaeus, 1758",,,24.8586,120.8641,2022-08-12,2022,8,,1,GBIF
鬼頭刀,"Coryphaena hippurus Linnaeus, 1758",,,24.4112,120.0178,2022-10-01,2022,10,,1,GBIF
鬼頭刀,"Coryphaena hippurus Linnaeus, 1758",,,24.4704,120.0166,2022-11-01,2022,11,,1,GBIF
鬼頭刀,"Coryphaena hippurus Linnaeus, 1758",,,24.1983,120.3081,2021-03-01,2021,3,,1,GBIF
鬼頭刀,"Coryphaena hippurus Linnaeus, 1758",,,24.785,120.6796,2021-03-29,2021,3,,1,GBIF
鬼頭刀,"Coryphaena hippurus Linnaeus, 1758",,,24.6727,120.6047,2021-03-29,2021,3,,1,GBIF
鬼頭刀,"Coryphaena hippurus Linnaeus, 1758",,,23.9633,119.8121,2021-04-12,2021,4,,1,GBIF
鬼頭刀,"Coryphaena hippurus Linnaeus, 1758",,,24.7988,120.4873,2021-04-28,2021,4,,1,GBIF
鬼頭刀,"Coryphaena hippurus Linnaeus, 1758",,,23.6276,121.5551,2021-05-09T17:17,2021,5,,1,GBIF
鬼頭刀,"Coryphaena hippurus Linnaeus, 1758",,,23.6571,121.5824,2021-05-06T17:17,2021,5,,1,GBIF
鬼頭刀,"Coryphaena hippurus Linnaeus, 1758",,,23.6268,121.556,2021-05-08T17:17,2021,5,,1,GBIF
鬼頭刀,"Coryphaena hippurus Linnaeus, 1758",,,24.9185,120.6714,2021-05-11,2021,5,,1,GBIF
鬼頭刀,"Coryphaena hippurus Linnaeus, 1758",,,24.8586,120.8641,2021-05-11,2021,5,,1,GBIF
鬼頭刀,"Coryphaena hippurus Linnaeus, 1758",,,24.4502,120.0522,2021-05-18,2021,5,,1,GBIF
鬼頭刀,"Coryphaena hippurus Linnaeus, 1758",,,24.6391,120.2198,2021-05-01,2021,5,,1,GBIF
鬼頭刀,"Coryphaena hippurus Linnaeus, 1758",,,24.4281,119.974,2021-05-01,2021,5,,1,GBIF
鬼頭刀,"Coryphaena hippurus Linnaeus, 1758",,,24.1659,119.9115,2021-05-01,2021,5,,1,GBIF
鬼頭刀,"Coryphaena hippurus Linnaeus, 1758",,,23.5809,119.9976,2021-05-07,2021,5,,1,GBIF
鬼頭刀,"Coryphaena hippurus Linnaeus, 1758",,,24.6727,120.6047,2021-06-24,2021,6,,1,GBIF
鬼頭刀,"Coryphaena hippurus Linnaeus, 1758",,,24.7264,120.6378,2021-06-24,2021,6,,1,GBIF
鬼頭刀,"Coryphaena hippurus Linnaeus, 1758",,,24.8586,120.8641,2021-07-15,2021,7,,1,GBIF
鬼頭刀,"Coryphaena hippurus Linnaeus, 1758",,,24.7988,120.4873,2021-07-15,2021,7,,1,GBIF
鬼頭刀,"Coryphaena hippurus Linnaeus, 1758",,,23.6488,120.0539,2021-07-08,2021,7,,1,GBIF
鬼頭刀,"Coryphaena hippurus Linnaeus, 1758",,,24.9075,120.7375,2021-08-18,2021,8,,1,GBIF
鬼頭刀,"Coryphaena hippurus Linnaeus, 1758",,,24.2684,119.8368,2021-08-12,2021,8,,1,GBIF
鬼頭刀,"Coryphaena hippurus Linnaeus, 1758",,,24.9302,120.7654,2021-08-18,2021,8,,1,GBIF
鬼頭刀,"Coryphaena hippurus Linnaeus, 1758",,,24.2897,120.0953,2021-08-01,2021,8,,1,GBIF
鬼頭刀,"Coryphaena hippurus Linnaeus, 1758",,,24.1916,119.9219,2021-08-01,2021,8,,1,GBIF
鬼頭刀,"Coryphaena hippurus Linnaeus, 1758",,,24.3986,120.0222,2021-08-01,2021,8,,1,GBIF
鬼頭刀,"Coryphaena hippurus Linnaeus, 1758",,,24.577,120.1571,2021-08-22,2021,8,,1,GBIF
鬼頭刀,"Coryphaena hippurus Linnaeus, 1758",,,24.3965,120.0805,2021-08-22,2021,8,,1,GBIF
鬼頭刀,"Coryphaena hippurus Linnaeus, 1758",,,24.1313,119.6074,2021-08-30,2021,8,,1,GBIF
鬼頭刀,"Coryphaena hippurus Linnaeus, 1758",,,24.104,120.2476,2021-08-29,2021,8,,1,GBIF
鬼頭刀,"Coryphaena hippurus Linnaeus, 1758",,,24.6286,120.6123,2021-09-21,2021,9,,1,GBIF
鬼頭刀,"Coryphaena hippurus Linnaeus, 1758",,,23.5809,119.9976,2021-09-30,2021,9,,1,GBIF
鬼頭刀,"Coryphaena hippurus Linnaeus, 1758",,,24.1234,119.7722,2020-01-22,2020,1,,1,GBIF
鬼頭刀,"Coryphaena hippurus Linnaeus, 1758",,,24.1649,119.8646,2020-03-12,2020,3,,1,GBIF
鬼頭刀,"Coryphaena hippurus Linnaeus, 1758",,,24.9051,120.5464,2020-05-15,2020,5,,1,GBIF
鬼頭刀,"Coryphaena hippurus Linnaeus, 1758",,,24.8586,120.7358,2020-05-15,2020,5,,1,GBIF
鬼頭刀,"Coryphaena hippurus Linnaeus, 1758",,,24.8743,120.5748,2020-05-15,2020,5,,1,GBIF
鬼頭刀,"Coryphaena hippurus Linnaeus, 1758",,,24.6394,120.6888,2020-05-16,2020,5,,1,GBIF
鬼頭刀,"Coryphaena hippurus Linnaeus, 1758",,,24.6493,120.7138,2020-05-16,2020,5,,1,GBIF
鬼頭刀,"Coryphaena hippurus Linnaeus, 1758",,,23.5666,120.0524,2020-06-02,2020,6,,1,GBIF
鬼頭刀,"Coryphaena hippurus Linnaeus, 1758",,,23.5809,119.9976,2020-06-02,2020,6,,1,GBIF
鬼頭刀,"Coryphaena hippurus Linnaeus, 1758",,,24.6478,120.5847,2020-07-01,2020,7,,1,GBIF
鬼頭刀,"Coryphaena hippurus Linnaeus, 1758",,,24.8796,120.5165,2020-08-05,2020,8,,1,GBIF
鬼頭刀,"Coryphaena hippurus Linnaeus, 1758",,,24.2341,119.7896,2020-08-13,2020,8,,1,GBIF
鬼頭刀,"Coryphaena hippurus Linnaeus, 1758",,,24.2277,119.9197,2020-08-13,2020,8,,1,GBIF
鬼頭刀,"Coryphaena hippurus Linnaeus, 1758",,,24.8622,120.8909,2020-08-15,2020,8,,1,GBIF
鬼頭刀,"Coryphaena hippurus Linnaeus, 1758",,,24.9538,120.6141,2020-08-13,2020,8,,1,GBIF
鬼頭刀,"Coryphaena hippurus Linnaeus, 1758",,,24.604,120.4668,2020-11-18,2020,11,,1,GBIF
鬼頭刀,"Coryphaena hippurus Linnaeus, 1758",,,22.8375,121.1891,2019-01-19,2019,1,,1,GBIF
鬼頭刀,"Coryphaena hippurus Linnaeus, 1758",,,23.0384,120.0213,2019-06-20,2019,6,,1,GBIF
鬼頭刀,"Coryphaena hippurus Linnaeus, 1758",,,25.1688,121.7117,2019-08-21,2019,8,,1,GBIF
鬼頭刀,"Coryphaena hippurus Linnaeus, 1758",,,25.1688,121.7117,2019-11-11,2019,11,,1,GBIF
鬼頭刀,"Coryphaena hippurus Linnaeus, 1758",,,24.7722,120.455,2018-06-30,2018,6,,1,GBIF
鬼頭刀,"Coryphaena hippurus Linnaeus, 1758",,,24.5721,120.1742,2018-06-29,2018,6,,1,GBIF
鬼頭刀,"Coryphaena hippurus Linnaeus, 1758",,,24.5384,120.1576,2018-06-29,2018,6,,1,GBIF
鬼頭刀,"Coryphaena hippurus Linnaeus, 1758",,,24.4526,120.0756,2018-06-29,2018,6,,1,GBIF
鬼頭刀,"Coryphaena hippurus Linnaeus, 1758",,,24.8698,120.5605,2018-06-30,2018,6,,1,GBIF
鬼頭刀,"Coryphaena hippurus Linnaeus, 1758",,,24.8205,120.5997,2018-06-30,2018,6,,1,GBIF
鬼頭刀,"Coryphaena hippurus Linnaeus, 1758",,,24.7448,120.591,2018-06-30,2018,6,,1,GBIF
鬼頭刀,"Coryphaena hippurus Linnaeus, 1758",,,23.2405,120.0425,2018-06-04,2018,6,,1,GBIF
鬼頭刀,"Coryphaena hippurus Linnaeus, 1758",,,23.2225,119.9675,2018-06-04,2018,6,,1,GBIF
鬼頭刀,"Coryphaena hippurus Linnaeus, 1758",,,23.6144,119.7172,2018-06-12,2018,6,,1,GBIF
鬼頭刀,"Coryphaena hippurus Linnaeus, 1758",,,25.1342,121.7435,2018-11-01,2018,11,,1,GBIF
鬼頭刀,"Coryphaena hippurus Linnaeus, 1758",,,23.9776,120.1442,2016-08-31,2016,8,,1,GBIF
鬼頭刀,"Coryphaena hippurus Linnaeus, 1758",,,24.3935,119.9609,2016-08-31,2016,8,,1,GBIF
鬼頭刀,"Coryphaena hippurus Linnaeus, 1758",,,24.0143,120.0917,2016-08-31,2016,8,,1,GBIF
鬼頭刀,"Coryphaena hippurus Linnaeus, 1758",,,24.0284,120.1324,2016-08-31,2016,8,,1,GBIF
鬼頭刀,"Coryphaena hippurus Linnaeus, 1758",,,23.9715,120.0739,2016-08-31,2016,8,,1,GBIF
鬼頭刀,"Coryphaena hippurus Linnaeus, 1758",,,24.0461,120.2102,2016-08-11,2016,8,,1,GBIF
鬼頭刀,Coryphaena sp.,,Actinopterygii,23.1,121.37,1978-06-29,1978,6,,1,臺灣魚類資料庫
魣(竹梭),Sphyraena acutipinnis,,Actinopterygii,21.94,120.73,1985-10-06,1985,10,,1,臺灣魚類資料庫
魣(竹梭),Sphyraena acutipinnis,,Actinopterygii,24.4,120.5,2004-06-15,2004,6,,1,國立海洋科技博物館
魣(竹梭),Sphyraena barracuda,,Actinopterygii,24.71,121.83,2005-04-21,2005,4,,1,臺灣魚類資料庫
魣(竹梭),Sphyraena barracuda,,Actinopterygii,22.87,120.19,2002-07-08,2002,7,,1,臺灣魚類資料庫
魣(竹梭),Sphyraena barracuda,,Actinopterygii,22.44,120.47,1998-06-18,1998,6,,1,臺灣魚類資料庫
魣(竹梭),Sphyraena barracuda,,Actinopterygii,25.14,121.79,1969-06-28,1969,6,,1,臺灣魚類資料庫
魣(竹梭),Sphyraena barracuda,,Actinopterygii,21.94,120.73,1986-03-18,1986,3,,1,臺灣魚類資料庫
魣(竹梭),Sphyraena barracuda,,Actinopterygii,25.02,121.93,1992-06-29,1992,6,,1,臺灣魚類資料庫
魣(竹梭),Sphyraena barracuda,,Actinopterygii,25.2,121.67,1989-05-04,1989,5,,1,臺灣魚類資料庫
魣(竹梭),"Sphyraena barracuda (Edwards, 1771)",,,22.7565,120.3463,2025-01-05T20:05:43,2025,1,,1,GBIF
魣(竹梭),"Sphyraena barracuda (Edwards, 1771)",,,23.6004,119.6036,2025-01-15T15:40,2025,1,,1,GBIF
魣(竹梭),"Sphyraena barracuda (Edwards, 1771)",,,25.1377,121.8026,2025-06-01T15:30,2025,6,,1,GBIF
魣(竹梭),"Sphyraena barracuda (Edwards, 1771)",,,24.6504,120.7722,2025-06-06T09:40:18,2025,6,,1,GBIF
魣(竹梭),"Sphyraena barracuda (Edwards, 1771)",,,25.1525,121.7698,2025-07-26T12:21:53,2025,7,,1,GBIF
魣(竹梭),"Sphyraena barracuda (Edwards, 1771)",,,22.6232,120.2696,2025-08-19T07:23,2025,8,,1,GBIF
魣(竹梭),"Sphyraena barracuda (Edwards, 1771)",,,22.3403,120.3598,2024-05-26T10:20,2024,5,,1,GBIF
魣(竹梭),"Sphyraena barracuda (Edwards, 1771)",,,24.9919,121.9783,2024-08-11T17:17,2024,8,,1,GBIF
魣(竹梭),"Sphyraena barracuda (Edwards, 1771)",,,25.1201,121.8941,2024-08-06,2024,8,,1,GBIF
魣(竹梭),"Sphyraena barracuda (Edwards, 1771)",,,24.2918,120.5124,2024-09-07T06:16:02,2024,9,,1,GBIF
魣(竹梭),"Sphyraena barracuda (Edwards, 1771)",,,22.618,120.2691,2024-12-21T16:48:19,2024,12,,1,GBIF
魣(竹梭),"Sphyraena barracuda (Edwards, 1771)",,,22.6579,121.4713,2023-08-11T16:22,2023,8,,1,GBIF
魣(竹梭),"Sphyraena barracuda (Edwards, 1771)",,,25.4855,122.1028,2023-09-18,2023,9,,1,GBIF
魣(竹梭),"Sphyraena barracuda (Edwards, 1771)",,,25.1377,121.8031,2023-09-09T15:55,2023,9,,1,GBIF
魣(竹梭),"Sphyraena barracuda (Edwards, 1771)",,,21.9287,120.746,2023-10-30T10:10:11,2023,10,,1,GBIF
魣(竹梭),"Sphyraena barracuda (Edwards, 1771)",,,22.3323,120.3753,2023-11-27T14:42:12,2023,11,,1,GBIF
魣(竹梭),"Sphyraena barracuda (Edwards, 1771)",,,25.0214,121.9499,2023-11-09T23:49,2023,11,,1,GBIF
魣(竹梭),"Sphyraena barracuda (Edwards, 1771)",,,23.1961,120.0858,2023-12-23T10:32,2023,12,,1,GBIF
魣(竹梭),"Sphyraena barracuda (Edwards, 1771)",,,25.143,121.381,2022-04-29T08:43:07,2022,4,,1,GBIF
魣(竹梭),"Sphyraena barracuda (Edwards, 1771)",,,23.2531,119.6667,2022-09-29T10:50:48,2022,9,,1,GBIF
魣(竹梭),"Sphyraena barracuda (Edwards, 1771)",,,25.4848,122.103,2022-09-30,2022,9,,1,GBIF
魣(竹梭),"Sphyraena barracuda (Edwards, 1771)",,,24.5743,120.6155,2021-09-21,2021,9,,1,GBIF
魣(竹梭),"Sphyraena barracuda (Edwards, 1771)",,,25.4863,122.1039,2021-09-21,2021,9,,1,GBIF
魣(竹梭),"Sphyraena barracuda (Edwards, 1771)",,,25.3889,121.6647,2020-07-13,2020,7,,1,GBIF
魣(竹梭),"Sphyraena barracuda (Edwards, 1771)",,,21.9317,120.7442,2020-08-12T17:03,2020,8,,1,GBIF
魣(竹梭),"Sphyraena barracuda (Edwards, 1771)",,,25.1261,121.9144,2020-09-18T13:28,2020,9,,1,GBIF
魣(竹梭),"Sphyraena barracuda (Edwards, 1771)",,,23.5644,119.5689,2019-05-19T14:14,2019,5,,1,GBIF
魣(竹梭),"Sphyraena barracuda (Edwards, 1771)",,,23.1148,120.0989,2018-01-12,2018,1,,1,GBIF
魣(竹梭),"Sphyraena barracuda (Edwards, 1771)",,,25.2082,121.6933,2018-10-15T08:51,2018,10,,1,GBIF
魣(竹梭),"Sphyraena barracuda (Edwards, 1771)",,,22.65,120.4,2018-12-26,2018,12,,1,GBIF
魣(竹梭),"Sphyraena barracuda (Edwards, 1771)",,,23.1184,120.0886,2016-10-04,2016,10,,1,GBIF
魣(竹梭),Sphyraena flavicauda,,Actinopterygii,24.83,120.39,2002/9/2 00:00:00,2002,9,,1,臺灣周邊底拖網調查資料集
魣(竹梭),Sphyraena flavicauda,,Actinopterygii,24.47,120.55,2002/3/20 00:00:00,2002,3,,1,臺灣周邊底拖網調查資料集
魣(竹梭),Sphyraena flavicauda,,Actinopterygii,23.45,119.55,2003/3/25 00:00:00,2003,3,,1,臺灣周邊底拖網調查資料集
魣(竹梭),Sphyraena flavicauda,,Actinopterygii,23.44,119.68,2003/7/21 00:00:00,2003,7,,1,臺灣周邊底拖網調查資料集
魣(竹梭),Sphyraena flavicauda,,Actinopterygii,25.18,121.93,2000/3/27 00:00:00,2000,3,,1,臺灣周邊底拖網調查資料集
魣(竹梭),Sphyraena flavicauda,,Actinopterygii,25.41,121.58,2000/10/23 00:00:00,2000,10,,1,臺灣周邊底拖網調查資料集
魣(竹梭),Sphyraena flavicauda,,Actinopterygii,25.16,121.76,1976-08-02,1976,8,,1,台灣水產試驗所－近海與外海標本數位典藏
魣(竹梭),Sphyraena flavicauda,,Actinopterygii,25.16,121.76,1956-09-25,1956,9,,1,台灣水產試驗所－近海與外海標本數位典藏
魣(竹梭),Sphyraena flavicauda,,Actinopterygii,25.16,121.76,1954-09-10,1954,9,,1,台灣水產試驗所－近海與外海標本數位典藏
魣(竹梭),Sphyraena flavicauda,,Actinopterygii,23.09,121.38,1987-03-06,1987,3,,1,台灣水產試驗所－近海與外海標本數位典藏
魣(竹梭),Sphyraena flavicauda,,Actinopterygii,23.05,121.24,2005-10-25,2005,10,,1,台灣水產試驗所－近海與外海標本數位典藏
魣(竹梭),Sphyraena flavicauda,,Actinopterygii,23.05,121.24,2006-01-02,2006,1,,1,台灣水產試驗所－近海與外海標本數位典藏
魣(竹梭),Sphyraena flavicauda,,Actinopterygii,23.07,121.32,2008/1/14,2008,1,,1,台灣水產試驗所－近海與外海標本數位典藏
魣(竹梭),Sphyraena flavicauda,黃尾金梭魚,Actinopterygii,25.18,121.43,2005-04-21,2005,4,,1,國立海洋生物博物館
魣(竹梭),Sphyraena flavicauda,,Actinopterygii,24.6,120.82,2002-09-02,2002,9,,1,臺灣魚類資料庫
魣(竹梭),Sphyraena flavicauda,,Actinopterygii,25.2,121.67,2005-06-29,2005,6,,1,臺灣魚類資料庫
魣(竹梭),Sphyraena flavicauda,,Actinopterygii,25.17,121.9,2006-06-09,2006,6,,1,臺灣魚類資料庫
魣(竹梭),Sphyraena flavicauda,,Actinopterygii,24.54,120.63,2006-09-20,2006,9,,1,臺灣魚類資料庫
魣(竹梭),Sphyraena flavicauda,,Actinopterygii,24.83,120.39,2002-09-02,2002,9,,1,臺灣魚類資料庫
魣(竹梭),Sphyraena flavicauda,,Actinopterygii,24.47,120.55,2002-03-20,2002,3,,1,臺灣魚類資料庫
魣(竹梭),Sphyraena flavicauda,,Actinopterygii,23.45,119.55,2003-03-25,2003,3,,1,臺灣魚類資料庫
魣(竹梭),Sphyraena flavicauda,,Actinopterygii,23.44,119.68,2003-07-21,2003,7,,1,臺灣魚類資料庫
魣(竹梭),Sphyraena flavicauda,,Actinopterygii,25.18,121.93,2000-03-27,2000,3,,1,臺灣魚類資料庫
魣(竹梭),Sphyraena flavicauda,,Actinopterygii,25.41,121.58,2000-10-23,2000,10,,1,臺灣魚類資料庫
魣(竹梭),Sphyraena flavicauda,,Actinopterygii,22.58,120.29,1974-01-10,1974,1,,1,臺灣魚類資料庫
魣(竹梭),Sphyraena flavicauda,,Actinopterygii,23.57,119.56,1986-07-23,1986,7,,1,臺灣魚類資料庫
魣(竹梭),Sphyraena flavicauda,,Actinopterygii,25.2,121.67,1977-06-14,1977,6,,1,臺灣魚類資料庫
魣(竹梭),Sphyraena flavicauda,,Actinopterygii,22.01,120.74,1994-04-06,1994,4,,1,臺灣魚類資料庫
魣(竹梭),Sphyraena flavicauda,,Actinopterygii,24.52,120.64,2002-02-04,2002,2,,1,國立海洋科技博物館
魣(竹梭),"Sphyraena flavicauda Rüppell, 1838",,,25.4877,122.104,2023-08-21,2023,8,,1,GBIF
魣(竹梭),"Sphyraena flavicauda Rüppell, 1838",,,23.9565,119.7932,2022-03-17,2022,3,,1,GBIF
魣(竹梭),"Sphyraena flavicauda Rüppell, 1838",,,24.4932,120.6253,2021-06-24,2021,6,,1,GBIF
魣(竹梭),"Sphyraena flavicauda Rüppell, 1838",,,23.9312,119.6506,2021-08-30,2021,8,,1,GBIF
魣(竹梭),"Sphyraena flavicauda Rüppell, 1838",,,24.6777,120.7176,2021-10-02,2021,10,,1,GBIF
魣(竹梭),"Sphyraena flavicauda Rüppell, 1838",,,22.5468,120.162,2020-04-15,2020,4,,1,GBIF
魣(竹梭),"Sphyraena flavicauda Rüppell, 1838",,,24.8737,120.8717,2020-05-15,2020,5,,1,GBIF
魣(竹梭),"Sphyraena flavicauda Rüppell, 1838",,,22.8381,121.1894,2019-12-10,2019,12,,1,GBIF
魣(竹梭),"Sphyraena flavicauda Rüppell, 1838",,,24.0993,119.9964,2018-12-20,2018,12,,1,GBIF
魣(竹梭),Sphyraena forsteri,,Actinopterygii,23.46,119.57,2003/3/25 00:00:00,2003,3,,1,臺灣周邊底拖網調查資料集
魣(竹梭),Sphyraena forsteri,,Actinopterygii,23.07,121.24,2005-06-09,2005,6,,1,台灣水產試驗所－近海與外海標本數位典藏
魣(竹梭),Sphyraena forsteri,,Actinopterygii,23.05,121.24,2005-10-11,2005,10,,1,台灣水產試驗所－近海與外海標本數位典藏
魣(竹梭),Sphyraena forsteri,,Actinopterygii,23.46,119.57,2003-03-25,2003,3,,1,臺灣魚類資料庫
魣(竹梭),Sphyraena forsteri,,Actinopterygii,22.01,120.74,1986-12-27,1986,12,,1,臺灣魚類資料庫
魣(竹梭),"Sphyraena forsteri Cuvier, 1829",,,22.6583,121.4646,2023-11-18T15:49:59,2023,11,,1,GBIF
魣(竹梭),"Sphyraena forsteri Cuvier, 1829",,,21.9317,120.7448,2020-07-06T12:24Z,2020,7,,1,GBIF
魣(竹梭),Sphyraena japonica,,Actinopterygii,24.76,120.35,2002/9/2 00:00:00,2002,9,,1,臺灣周邊底拖網調查資料集
魣(竹梭),Sphyraena japonica,,Actinopterygii,22.28,120.36,2001/3/8 00:00:00,2001,3,,1,臺灣周邊底拖網調查資料集
魣(竹梭),Sphyraena japonica,,Actinopterygii,25.41,121.58,2000/6/23 00:00:00,2000,6,,1,臺灣周邊底拖網調查資料集
魣(竹梭),Sphyraena japonica,,Actinopterygii,25.18,121.93,2000/6/8 00:00:00,2000,6,,1,臺灣周邊底拖網調查資料集
魣(竹梭),Sphyraena japonica,,Actinopterygii,25.13,121.96,2000/11/15 00:00:00,2000,11,,1,臺灣周邊底拖網調查資料集
魣(竹梭),Sphyraena japonica,,Actinopterygii,24.88,121.89,2000/2/17 00:00:00,2000,2,,1,臺灣周邊底拖網調查資料集
魣(竹梭),Sphyraena japonica,,Actinopterygii,22.32,120.2,2001/3/8 00:00:00,2001,3,,1,臺灣周邊底拖網調查資料集
魣(竹梭),Sphyraena japonica,,Actinopterygii,25.13,121.96,2001/3/6 00:00:00,2001,3,,1,臺灣周邊底拖網調查資料集
魣(竹梭),Sphyraena japonica,,Actinopterygii,23.3,121.31,2005-04-03,2005,4,,1,台灣水產試驗所－近海與外海標本數位典藏
魣(竹梭),Sphyraena japonica,,Actinopterygii,23.57,119.56,1948-04-01,1948,4,,1,國立臺灣博物館
魣(竹梭),Sphyraena japonica,,Actinopterygii,25.16,121.76,1955-01-01,1955,1,,1,國立臺灣博物館
魣(竹梭),Sphyraena japonica,日本金梭魚,Actinopterygii,24.58,121.86,2009-02-15,2009,2,,1,國立海洋生物博物館
魣(竹梭),Sphyraena japonica,,Actinopterygii,24.94,121.9,2004-07-19,2004,7,,1,臺灣魚類資料庫
魣(竹梭),Sphyraena japonica,,Actinopterygii,23.94,121.61,2005-04-26,2005,4,,1,臺灣魚類資料庫
魣(竹梭),Sphyraena japonica,,Actinopterygii,24.76,120.35,2002-09-02,2002,9,,1,臺灣魚類資料庫
魣(竹梭),Sphyraena japonica,,Actinopterygii,22.28,120.36,2001-03-08,2001,3,,1,臺灣魚類資料庫
魣(竹梭),Sphyraena japonica,,Actinopterygii,25.41,121.58,2000-06-23,2000,6,,1,臺灣魚類資料庫
魣(竹梭),Sphyraena japonica,,Actinopterygii,25.18,121.93,2000-06-08,2000,6,,1,臺灣魚類資料庫
魣(竹梭),Sphyraena japonica,,Actinopterygii,25.13,121.96,2000-11-15,2000,11,,1,臺灣魚類資料庫
魣(竹梭),Sphyraena japonica,,Actinopterygii,24.88,121.89,2000-02-17,2000,2,,1,臺灣魚類資料庫
魣(竹梭),Sphyraena japonica,,Actinopterygii,22.32,120.2,2001-03-08,2001,3,,1,臺灣魚類資料庫
魣(竹梭),Sphyraena japonica,,Actinopterygii,25.13,121.96,2001-03-06,2001,3,,1,臺灣魚類資料庫
魣(竹梭),Sphyraena japonica,,Actinopterygii,24.94,121.9,1986-06-05,1986,6,,1,臺灣魚類資料庫
魣(竹梭),Sphyraena japonica,,Actinopterygii,25.08,122.02,2000-11-05,2000,11,,1,臺灣魚類資料庫
魣(竹梭),"Sphyraena japonica Bloch & Schneider, 1801",,,24.8586,120.8641,2022-03-01,2022,3,,1,GBIF
魣(竹梭),"Sphyraena japonica Bloch & Schneider, 1801",,,24.8586,120.8641,2022-04-29,2022,4,,1,GBIF
魣(竹梭),"Sphyraena japonica Bloch & Schneider, 1801",,,24.112,119.8334,2021-01-01,2021,1,,1,GBIF
魣(竹梭),"Sphyraena japonica Bloch & Schneider, 1801",,,24.1894,119.9723,2021-02-01,2021,2,,1,GBIF
魣(竹梭),"Sphyraena japonica Bloch & Schneider, 1801",,,24.1649,119.8646,2020-03-12,2020,3,,1,GBIF
魣(竹梭),Sphyraena jello,,Actinopterygii,25.16,121.76,1956-09-25,1956,9,,1,台灣水產試驗所－近海與外海標本數位典藏
魣(竹梭),Sphyraena jello,,Actinopterygii,23.05,121.26,2006-04-03,2006,4,,1,台灣水產試驗所－近海與外海標本數位典藏
魣(竹梭),Sphyraena jello,斑條金梭魚,Actinopterygii,23.15,120.12,2002-07-16,2002,7,,1,國立海洋生物博物館
魣(竹梭),Sphyraena jello,,Actinopterygii,22.44,120.47,2004-08-16,2004,8,,1,臺灣魚類資料庫
魣(竹梭),Sphyraena jello,,Actinopterygii,22.44,120.47,2004-08-15,2004,8,,1,臺灣魚類資料庫
魣(竹梭),Sphyraena jello,,Actinopterygii,25.05,121.92,2000-07-09,2000,7,,1,臺灣魚類資料庫
魣(竹梭),Sphyraena jello,,Actinopterygii,21.94,120.73,1985-10-06,1985,10,,1,臺灣魚類資料庫
魣(竹梭),Sphyraena jello,,Actinopterygii,25.17,121.41,1988-08-01,1988,8,,1,臺灣魚類資料庫
魣(竹梭),Sphyraena jello,,Actinopterygii,22.01,120.74,1994-04-06,1994,4,,1,臺灣魚類資料庫
魣(竹梭),Sphyraena jello,,Actinopterygii,22.01,120.74,1976-06-01,1976,6,,1,臺灣魚類資料庫
魣(竹梭),Sphyraena jello,,Actinopterygii,25.13,121.46,1998-10-05,1998,10,,1,臺灣魚類資料庫
魣(竹梭),Sphyraena jello,,Actinopterygii,25.18,121.68,1990-08-09,1990,8,,1,國立海洋科技博物館
魣(竹梭),"Sphyraena jello Cuvier, 1829",,,22.721,120.2587,2025-04-03T08:25:26,2025,4,,1,GBIF
魣(竹梭),"Sphyraena jello Cuvier, 1829",,,22.2956,120.6432,2023-03-26T11:34:19,2023,3,,1,GBIF
魣(竹梭),"Sphyraena jello Cuvier, 1829",,,23.2521,119.6814,2023-06-10T13:19:54,2023,6,,1,GBIF
魣(竹梭),"Sphyraena jello Cuvier, 1829",,,25.1376,121.8026,2023-09-09T15:26,2023,9,,1,GBIF
魣(竹梭),"Sphyraena jello Cuvier, 1829",,,23.1346,120.0717,2022-07-30,2022,7,,1,GBIF
魣(竹梭),"Sphyraena jello Cuvier, 1829",,,22.6244,120.2614,2022-10-20T19:59:46,2022,10,,1,GBIF
魣(竹梭),"Sphyraena jello Cuvier, 1829",,,23.1346,120.0717,2022-10-11,2022,10,,1,GBIF
魣(竹梭),"Sphyraena jello Cuvier, 1829",,,23.1346,120.0717,2022-12-13,2022,12,,1,GBIF
魣(竹梭),"Sphyraena jello Cuvier, 1829",,,24.8622,120.8909,2021-04-28,2021,4,,1,GBIF
魣(竹梭),"Sphyraena jello Cuvier, 1829",,,24.5582,120.5216,2021-05-25,2021,5,,1,GBIF
魣(竹梭),"Sphyraena jello Cuvier, 1829",,,23.1346,120.0717,2021-09-15,2021,9,,1,GBIF
魣(竹梭),"Sphyraena jello Cuvier, 1829",,,23.1346,120.0717,2021-11-10,2021,11,,1,GBIF
魣(竹梭),"Sphyraena jello Cuvier, 1829",,,24.6777,120.7176,2020-05-16,2020,5,,1,GBIF
魣(竹梭),"Sphyraena jello Cuvier, 1829",,,24.8737,120.8717,2020-05-15,2020,5,,1,GBIF
魣(竹梭),"Sphyraena jello Cuvier, 1829",,,24.5356,120.5854,2020-07-01,2020,7,,1,GBIF
魣(竹梭),"Sphyraena jello Cuvier, 1829",,,24.7464,120.8576,2020-07-01,2020,7,,1,GBIF
魣(竹梭),"Sphyraena jello Cuvier, 1829",,,24.758,120.7472,2020-07-01,2020,7,,1,GBIF
魣(竹梭),"Sphyraena jello Cuvier, 1829",,,24.4518,120.607,2020-07-20,2020,7,,1,GBIF
魣(竹梭),"Sphyraena jello Cuvier, 1829",,,23.1148,120.0989,2020-07-11,2020,7,,1,GBIF
魣(竹梭),"Sphyraena jello Cuvier, 1829",,,24.8622,120.8909,2020-08-15,2020,8,,1,GBIF
魣(竹梭),"Sphyraena jello Cuvier, 1829",,,23.1896,120.0858,2020-12-09T13:50:57,2020,12,,1,GBIF
魣(竹梭),"Sphyraena jello Cuvier, 1829",,,24.5041,120.6443,2019-08-01,2019,8,,1,GBIF
魣(竹梭),"Sphyraena jello Cuvier, 1829",,,23.2256,120.0584,2018-06-04,2018,6,,1,GBIF
魣(竹梭),"Sphyraena jello Cuvier, 1829",,,23.2405,120.0425,2018-06-04,2018,6,,1,GBIF
魣(竹梭),"Sphyraena jello Cuvier, 1829",,,23.2413,120.0001,2018-06-04,2018,6,,1,GBIF
魣(竹梭),"Sphyraena jello Cuvier, 1829",,,24.2413,120.466,2018-06-25,2018,6,,1,GBIF
魣(竹梭),"Sphyraena jello Cuvier, 1829",,,24.2429,120.4799,2018-06-25,2018,6,,1,GBIF
魣(竹梭),"Sphyraena jello Cuvier, 1829",,,25.0503,121.0162,2017-07-24,2017,7,,1,GBIF
魣(竹梭),"Sphyraena jello Cuvier, 1829",,,23.1148,120.0989,2017-12-19,2017,12,,1,GBIF
魣(竹梭),Sphyraena pinguis,,Actinopterygii,24.76,120.35,2002/9/2 00:00:00,2002,9,,1,臺灣周邊底拖網調查資料集
魣(竹梭),Sphyraena pinguis,,Actinopterygii,25.41,121.58,2001/2/26 00:00:00,2001,2,,1,臺灣周邊底拖網調查資料集
魣(竹梭),Sphyraena pinguis,,Actinopterygii,24.76,120.35,2002-09-02,2002,9,,1,臺灣魚類資料庫
魣(竹梭),Sphyraena pinguis,,Actinopterygii,25.41,121.58,2001-02-26,2001,2,,1,臺灣魚類資料庫
魣(竹梭),"Sphyraena pinguis Günther, 1874",,,24.7786,118.7732,2025-09-21T23:33:57,2025,9,,1,GBIF
魣(竹梭),Sphyraena putnamae,,Actinopterygii,24.47,120.6,2002/12/3 00:00:00,2002,12,,1,臺灣周邊底拖網調查資料集
魣(竹梭),Sphyraena putnamae,,Actinopterygii,23.56,119.67,2003/7/21 00:00:00,2003,7,,1,臺灣周邊底拖網調查資料集
魣(竹梭),Sphyraena putnamae,,Actinopterygii,23.05,121.22,2009/8/6,2009,8,,1,台灣水產試驗所－近海與外海標本數位典藏
魣(竹梭),Sphyraena putnamae,布氏金梭魚,Actinopterygii,21.94,120.73,2011-02-17,2011,2,,1,國立海洋生物博物館
魣(竹梭),Sphyraena putnamae,,Actinopterygii,24.06,120.43,2002-09-03,2002,9,,1,臺灣魚類資料庫
魣(竹梭),Sphyraena putnamae,,Actinopterygii,24.54,120.63,2006-09-20,2006,9,,1,臺灣魚類資料庫
魣(竹梭),Sphyraena putnamae,,Actinopterygii,24.47,120.6,2002-12-03,2002,12,,1,臺灣魚類資料庫
魣(竹梭),Sphyraena putnamae,,Actinopterygii,23.56,119.67,2003-07-21,2003,7,,1,臺灣魚類資料庫
魣(竹梭),Sphyraena putnamae,,Actinopterygii,21.99,120.71,1987-02-18,1987,2,,1,臺灣魚類資料庫
魣(竹梭),Sphyraena putnamae,,Actinopterygii,25.19,121.41,1998-08-10,1998,8,,1,臺灣魚類資料庫
魣(竹梭),"Sphyraena putnamae Jordan & Seale, 1905",,,23.0025,120.138,2023-10-19T10:34:12,2023,10,,1,GBIF
魣(竹梭),"Sphyraena putnamae Jordan & Seale, 1905",,,23.108,120.0434,2021-04-08,2021,4,,1,GBIF
魣(竹梭),"Sphyraena putnamae Jordan & Seale, 1905",,,23.108,120.0434,2021-08-13,2021,8,,1,GBIF
魣(竹梭),"Sphyraena putnamae Jordan & Seale, 1905",,,23.1438,120.0763,2021-10-12,2021,10,,1,GBIF
魣(竹梭),"Sphyraena putnamae Jordan & Seale, 1905",,,23.108,120.0434,2021-12-10,2021,12,,1,GBIF
魣(竹梭),"Sphyraena putnamae Jordan & Seale, 1905",,,23.1347,120.0651,2020-01-16T06:49:06,2020,1,,1,GBIF
魣(竹梭),"Sphyraena putnamae Jordan & Seale, 1905",,,23.108,120.0434,2020-01-16,2020,1,,1,GBIF
魣(竹梭),"Sphyraena putnamae Jordan & Seale, 1905",,,23.1896,120.0858,2020-09-12T13:37,2020,9,,1,GBIF
魣(竹梭),"Sphyraena putnamae Jordan & Seale, 1905",,,23.1148,120.0989,2020-09-05,2020,9,,1,GBIF
魣(竹梭),"Sphyraena putnamae Jordan & Seale, 1905",,,23.1897,120.0859,2020-11-26T14:00:04,2020,11,,1,GBIF
魣(竹梭),"Sphyraena putnamae Jordan & Seale, 1905",,,23.108,120.0434,2019-01-11,2019,1,,1,GBIF
魣(竹梭),"Sphyraena putnamae Jordan & Seale, 1905",,,23.1245,120.074,2019-07-09,2019,7,,1,GBIF
魣(竹梭),"Sphyraena putnamae Jordan & Seale, 1905",,,23.1438,120.0763,2019-09-04,2019,9,,1,GBIF
魣(竹梭),"Sphyraena putnamae Jordan & Seale, 1905",,,23.1438,120.0763,2018-07-17,2018,7,,1,GBIF
魣(竹梭),"Sphyraena putnamae Jordan & Seale, 1905",,,23.1148,120.0989,2018-09-13,2018,9,,1,GBIF
魣(竹梭),"Sphyraena putnamae Jordan & Seale, 1905",,,23.1148,120.0989,2018-09-11,2018,9,,1,GBIF
魣(竹梭),"Sphyraena putnamae Jordan & Seale, 1905",,,23.1245,120.074,2018-09-18,2018,9,,1,GBIF
魣(竹梭),"Sphyraena putnamae Jordan & Seale, 1905",,,23.1184,120.0886,2018-11-14,2018,11,,1,GBIF
魣(竹梭),"Sphyraena putnamae Jordan & Seale, 1905",,,25.1728,121.42,2016-10-28,2016,10,,1,GBIF
魣(竹梭),Sphyraena sp.,,Actinopterygii,25.21,121.69,2002-03-25,2002,3,,1,臺灣魚類資料庫
魣(竹梭),Sphyraena sp.,,Actinopterygii,21.99,120.66,2004-04-10,2004,4,,1,臺灣魚類資料庫
魣(竹梭),Sphyraena sp.,,Actinopterygii,21.95,120.79,2004-04-11,2004,4,,1,臺灣魚類資料庫
魣(竹梭),Sphyraena sp.,,Actinopterygii,21.94,120.73,1987-11-28,1987,11,,1,臺灣魚類資料庫
鮪屬,Thunnus alalunga,長鰭鮪,Actinopterygii,22.47,120.43,2007-12-01,2007,12,,1,國立海洋生物博物館
鮪屬,"Thunnus alalunga (Bonnaterre, 1788)",,,22.8381,121.1894,2019-03-22,2019,3,,1,GBIF
鮪屬,Thunnus albacares,,Actinopterygii,22.58,120.29,1976-08-01,1976,8,,1,台灣水產試驗所－近海與外海標本數位典藏
鮪屬,Thunnus albacares,,Actinopterygii,23.05,121.23,2005-06-27,2005,6,,1,台灣水產試驗所－近海與外海標本數位典藏
鮪屬,Thunnus albacares,,Actinopterygii,23.05,121.23,2005-07-08,2005,7,,1,台灣水產試驗所－近海與外海標本數位典藏
鮪屬,Thunnus albacares,,Actinopterygii,22.58,121.2,2007-05-03,2007,5,,1,台灣水產試驗所－近海與外海標本數位典藏
鮪屬,Thunnus albacares,黃鰭鮪,Actinopterygii,22.47,120.43,2005-03-12,2005,3,,1,國立海洋生物博物館
鮪屬,Thunnus albacares,,Actinopterygii,22.47,120.43,2007-10-01,2007,10,,1,臺灣魚類資料庫
鮪屬,Thunnus albacares,,Actinopterygii,24.58,121.86,1969-12-23,1969,12,,1,臺灣魚類資料庫
鮪屬,Thunnus albacares,,Actinopterygii,22.46,120.46,1990-11-21,1990,11,,1,國立海洋科技博物館
鮪屬,"Thunnus albacares (Bonnaterre, 1788)",,,24.5003,121.8511,2026-05-16T08:15,2026,5,,1,GBIF
鮪屬,"Thunnus albacares (Bonnaterre, 1788)",,,22.7918,121.1933,2025-10-10T08:13:17,2025,10,,1,GBIF
鮪屬,"Thunnus albacares (Bonnaterre, 1788)",,,22.2696,120.0299,2025-11-15T13:01:15,2025,11,,1,GBIF
鮪屬,"Thunnus albacares (Bonnaterre, 1788)",,,22.2378,120.6696,2024-05-05T09:09:06,2024,5,,1,GBIF
鮪屬,"Thunnus albacares (Bonnaterre, 1788)",,,20.5032,121.7667,2023-03-09T06:00,2023,3,,1,GBIF
鮪屬,"Thunnus albacares (Bonnaterre, 1788)",,,22.4426,119.9347,2023-10-08T08:53:46,2023,10,,1,GBIF
鮪屬,"Thunnus albacares (Bonnaterre, 1788)",,,20.8443,122.0078,2023-11-05T04:43,2023,11,,1,GBIF
鮪屬,"Thunnus albacares (Bonnaterre, 1788)",,,20.8446,122.0083,2023-11-05T04:43,2023,11,,1,GBIF
鮪屬,"Thunnus albacares (Bonnaterre, 1788)",,,20.8444,122.0086,2023-11-05T04:42,2023,11,,1,GBIF
鮪屬,"Thunnus albacares (Bonnaterre, 1788)",,,20.8516,121.9967,2023-11-04T03:31,2023,11,,1,GBIF
鮪屬,"Thunnus albacares (Bonnaterre, 1788)",,,20.8472,122.0033,2023-11-23T06:54,2023,11,,1,GBIF
鮪屬,"Thunnus albacares (Bonnaterre, 1788)",,,23.3765,119.8256,2022-01-20T11:48:28,2022,1,,1,GBIF
鮪屬,"Thunnus albacares (Bonnaterre, 1788)",,,24.0428,119.5668,2022-05-11,2022,5,,1,GBIF
鮪屬,"Thunnus albacares (Bonnaterre, 1788)",,,24.1982,119.7601,2022-06-01,2022,6,,1,GBIF
鮪屬,"Thunnus albacares (Bonnaterre, 1788)",,,22.4401,119.9369,2022-10-08T08:47:08,2022,10,,1,GBIF
鮪屬,"Thunnus albacares (Bonnaterre, 1788)",,,22.2937,120.144,2022-10-08T18:25:49,2022,10,,1,GBIF
鮪屬,"Thunnus albacares (Bonnaterre, 1788)",,,22.441,119.9373,2022-10-08T09:47:49,2022,10,,1,GBIF
鮪屬,"Thunnus albacares (Bonnaterre, 1788)",,,24.0471,119.8217,2021-03-01,2021,3,,1,GBIF
鮪屬,"Thunnus albacares (Bonnaterre, 1788)",,,24.7844,120.8135,2021-07-10,2021,7,,1,GBIF
鮪屬,"Thunnus albacares (Bonnaterre, 1788)",,,24.3296,120.2886,2021-08-01,2021,8,,1,GBIF
鮪屬,"Thunnus albacares (Bonnaterre, 1788)",,,24.0786,120.2626,2021-08-29,2021,8,,1,GBIF
鮪屬,"Thunnus albacares (Bonnaterre, 1788)",,,22.8375,121.1891,2021-09-07,2021,9,,1,GBIF
鮪屬,"Thunnus albacares (Bonnaterre, 1788)",,,24.8535,120.8695,2020-05-15,2020,5,,1,GBIF
鮪屬,"Thunnus albacares (Bonnaterre, 1788)",,,22.8375,121.1891,2020-06-04,2020,6,,1,GBIF
鮪屬,"Thunnus albacares (Bonnaterre, 1788)",,,24.1363,120.1461,2020-08-01,2020,8,,1,GBIF
鮪屬,"Thunnus albacares (Bonnaterre, 1788)",,,24.2258,119.8709,2020-08-13,2020,8,,1,GBIF
鮪屬,"Thunnus albacares (Bonnaterre, 1788)",,,24.1983,119.8164,2020-08-13,2020,8,,1,GBIF
鮪屬,"Thunnus albacares (Bonnaterre, 1788)",,,22.8369,121.1894,2020-09-09,2020,9,,1,GBIF
鮪屬,"Thunnus albacares (Bonnaterre, 1788)",,,23.9513,120.1964,2020-11-20,2020,11,,1,GBIF
鮪屬,"Thunnus albacares (Bonnaterre, 1788)",,,24.5041,120.6443,2019-08-01,2019,8,,1,GBIF
鮪屬,"Thunnus albacares (Bonnaterre, 1788)",,,23.5967,119.7467,2018-06-12,2018,6,,1,GBIF
鮪屬,"Thunnus albacares (Bonnaterre, 1788)",,,23.6144,119.7172,2018-06-12,2018,6,,1,GBIF
鮪屬,"Thunnus albacares (Bonnaterre, 1788)",,,23.575,119.7228,2018-06-12,2018,6,,1,GBIF
鮪屬,Thunnus obesus,,Actinopterygii,23.05,121.23,1993-10-10,1993,10,,1,台灣水產試驗所－近海與外海標本數位典藏
鮪屬,Thunnus obesus,,Actinopterygii,23.01,121.19,2006-03-03,2006,3,,1,台灣水產試驗所－近海與外海標本數位典藏
鮪屬,Thunnus obesus,大目鮪,Actinopterygii,22.47,120.43,2005-06-01,2005,6,,1,國立海洋生物博物館
鮪屬,Thunnus obesus,,Actinopterygii,24.94,121.9,2003-01-23,2003,1,,1,臺灣魚類資料庫
鮪屬,Thunnus obesus,,Actinopterygii,21.91,120.84,2003-03-05,2003,3,,1,臺灣魚類資料庫
鮪屬,"Thunnus obesus (Lowe, 1839)",,,24.8586,120.8641,2022-06-19,2022,6,,1,GBIF
鮪屬,"Thunnus obesus (Lowe, 1839)",,,24.7844,120.8135,2022-07-01,2022,7,,1,GBIF
鮪屬,Thunnus orientalis,太平洋黑鮪,Actinopterygii,22.47,120.43,2004-06-20,2004,6,,1,國立海洋生物博物館
鮪屬,"Thunnus orientalis (Temminck & Schlegel, 1844)",,,24.5864,118.1856,2024-01-23T19:41:08,2024,1,,1,GBIF
鮪屬,"Thunnus orientalis (Temminck & Schlegel, 1844)",,,22.8375,121.1891,2018-06-13,2018,6,,1,GBIF
鮪屬,Thunnus tonggol,,Actinopterygii,23.05,121.23,1993-12-01,1993,12,,1,台灣水產試驗所－近海與外海標本數位典藏
鮪屬,Thunnus tonggol,,Actinopterygii,23.06,121.25,2005-11-20,2005,11,,1,台灣水產試驗所－近海與外海標本數位典藏
鮪屬,Thunnus tonggol,,Actinopterygii,23.05,121.23,2005-12-30,2005,12,,1,台灣水產試驗所－近海與外海標本數位典藏
鮪屬,Thunnus tonggol,長腰鮪,Actinopterygii,22.47,120.43,2005-03-11,2005,3,,1,國立海洋生物博物館
鮪屬,Thunnus tonggol,,Actinopterygii,22.82,121.2,2005-10-07,2005,10,,1,臺灣魚類資料庫
鮪屬,Thunnus tonggol,,Actinopterygii,24.58,121.86,1969-12-23,1969,12,,1,臺灣魚類資料庫
鮪屬,Thunnus tonggol,,Actinopterygii,21.94,120.73,2001-11-26,2001,11,,1,臺灣魚類資料庫
鮪屬,"Thunnus tonggol (Bleeker, 1851)",,,24.4991,120.1455,2021-05-18,2021,5,,1,GBIF
鮪屬,"Thunnus tonggol (Bleeker, 1851)",,,24.4772,120.1923,2021-05-01,2021,5,,1,GBIF
鮪屬,"Thunnus tonggol (Bleeker, 1851)",,,24.7789,120.4018,2021-07-15,2021,7,,1,GBIF
鯖(花飛),Scomber australasicus,,Actinopterygii,23.09,121.38,1994-02-08,1994,2,,1,台灣水產試驗所－近海與外海標本數位典藏
鯖(花飛),Scomber australasicus,,Actinopterygii,23.05,121.24,2009/2/23,2009,2,,1,台灣水產試驗所－近海與外海標本數位典藏
鯖(花飛),Scomber australasicus,花腹鯖,Actinopterygii,22.38,120.58,2012-07-31,2012,7,,1,國立海洋生物博物館
鯖(花飛),Scomber australasicus,,Actinopterygii,21.9,120.76,2002-06-05,2002,6,,1,臺灣魚類資料庫
鯖(花飛),Scomber australasicus,,Actinopterygii,22.82,121.2,2005-04-27,2005,4,,1,臺灣魚類資料庫
鯖(花飛),Scomber australasicus,,Actinopterygii,24.58,121.86,1969-05-31,1969,5,,1,臺灣魚類資料庫
鯖(花飛),Scomber australasicus,,Actinopterygii,24.58,121.86,1969-06-17,1969,6,,1,臺灣魚類資料庫
鯖(花飛),Scomber australasicus,,Actinopterygii,22.58,120.29,1970-05-15,1970,5,,1,臺灣魚類資料庫
鯖(花飛),Scomber australasicus,,Actinopterygii,24.58,121.86,1969-07-02,1969,7,,1,臺灣魚類資料庫
鯖(花飛),Scomber australasicus,,Actinopterygii,24.58,121.86,1969-05-16,1969,5,,1,臺灣魚類資料庫
鯖(花飛),Scomber australasicus,,Actinopterygii,25.45,121.93,1990-01-17,1990,1,,1,臺灣魚類資料庫
鯖(花飛),Scomber australasicus,,Actinopterygii,22.86,120.2,1990-06-27,1990,6,,1,國立海洋科技博物館
鯖(花飛),"Scomber australasicus Cuvier, 1832",,,24.5485,118.1032,2023-12-01T20:14:04,2023,12,,1,GBIF
鯖(花飛),"Scomber australasicus Cuvier, 1832",,,24.1982,119.7601,2022-03-01,2022,3,,1,GBIF
鯖(花飛),"Scomber australasicus Cuvier, 1832",,,24.4505,120.1656,2021-03-19,2021,3,,1,GBIF
鯖(花飛),"Scomber australasicus Cuvier, 1832",,,23.1897,120.0859,2019-12-02T13:49,2019,12,,1,GBIF
鯖(花飛),Scomber japonicus,,Actinopterygii,24.42,120.49,2002/12/3 00:00:00,2002,12,,1,臺灣周邊底拖網調查資料集
鯖(花飛),Scomber japonicus,,Actinopterygii,25.41,121.58,2000/6/23 00:00:00,2000,6,,1,臺灣周邊底拖網調查資料集
鯖(花飛),Scomber japonicus,,Actinopterygii,24.79,121.97,2000/7/13 00:00:00,2000,7,,1,臺灣周邊底拖網調查資料集
鯖(花飛),Scomber japonicus,,Actinopterygii,24.83,121.99,2000/7/13 00:00:00,2000,7,,1,臺灣周邊底拖網調查資料集
鯖(花飛),Scomber japonicus,,Actinopterygii,24.88,121.89,2000/7/13 00:00:00,2000,7,,1,臺灣周邊底拖網調查資料集
鯖(花飛),Scomber japonicus,,Actinopterygii,25.13,121.96,2000/11/15 00:00:00,2000,11,,1,臺灣周邊底拖網調查資料集
鯖(花飛),Scomber japonicus,,Actinopterygii,24.88,121.89,2000/12/27 00:00:00,2000,12,,1,臺灣周邊底拖網調查資料集
鯖(花飛),Scomber japonicus,,Actinopterygii,24.91,121.87,2000/12/27 00:00:00,2000,12,,1,臺灣周邊底拖網調查資料集
鯖(花飛),Scomber japonicus,,Actinopterygii,25.41,121.58,2001/2/26 00:00:00,2001,2,,1,臺灣周邊底拖網調查資料集
鯖(花飛),Scomber japonicus,,Actinopterygii,25.16,121.76,1955-01-20,1955,1,,1,台灣水產試驗所－近海與外海標本數位典藏
鯖(花飛),Scomber japonicus,,Actinopterygii,25.16,121.76,1957-09-02,1957,9,,1,台灣水產試驗所－近海與外海標本數位典藏
鯖(花飛),Scomber japonicus,,Actinopterygii,25.16,121.76,1952-08-01,1952,8,,1,台灣水產試驗所－近海與外海標本數位典藏
鯖(花飛),Scomber japonicus,,Actinopterygii,25.16,121.76,1955-08-01,1955,8,,1,台灣水產試驗所－近海與外海標本數位典藏
鯖(花飛),Scomber japonicus,,Actinopterygii,22.58,120.29,1955-11-07,1955,11,,1,台灣水產試驗所－近海與外海標本數位典藏
鯖(花飛),Scomber japonicus,,Actinopterygii,25.16,121.76,1950-05-01,1950,5,,1,台灣水產試驗所－近海與外海標本數位典藏
鯖(花飛),Scomber japonicus,,Actinopterygii,25.16,121.76,1958-06-01,1958,6,,1,台灣水產試驗所－近海與外海標本數位典藏
鯖(花飛),Scomber japonicus,,Actinopterygii,23.05,121.23,1978-02-28,1978,2,,1,台灣水產試驗所－近海與外海標本數位典藏
鯖(花飛),Scomber japonicus,,Actinopterygii,24.94,121.9,1985-05-16,1985,5,,1,國立臺灣博物館
鯖(花飛),Scomber japonicus,,Actinopterygii,24.58,121.86,1986-09-04,1986,9,,1,國立臺灣博物館
鯖(花飛),Scomber japonicus,白腹鯖,Actinopterygii,25.16,121.76,2011-03-17,2011,3,,1,國立海洋生物博物館
鯖(花飛),Scomber japonicus,,Actinopterygii,24.94,121.9,2004-07-19,2004,7,,1,臺灣魚類資料庫
鯖(花飛),Scomber japonicus,,Actinopterygii,24.42,120.49,2002-12-03,2002,12,,1,臺灣魚類資料庫
鯖(花飛),Scomber japonicus,,Actinopterygii,25.41,121.58,2000-06-23,2000,6,,1,臺灣魚類資料庫
鯖(花飛),Scomber japonicus,,Actinopterygii,24.79,121.97,2000-07-13,2000,7,,1,臺灣魚類資料庫
鯖(花飛),Scomber japonicus,,Actinopterygii,24.83,121.99,2000-07-13,2000,7,,1,臺灣魚類資料庫
鯖(花飛),Scomber japonicus,,Actinopterygii,24.88,121.89,2000-07-13,2000,7,,1,臺灣魚類資料庫
鯖(花飛),Scomber japonicus,,Actinopterygii,25.13,121.96,2000-11-15,2000,11,,1,臺灣魚類資料庫
鯖(花飛),Scomber japonicus,,Actinopterygii,24.88,121.89,2000-12-27,2000,12,,1,臺灣魚類資料庫
鯖(花飛),Scomber japonicus,,Actinopterygii,24.91,121.87,2000-12-27,2000,12,,1,臺灣魚類資料庫
鯖(花飛),Scomber japonicus,,Actinopterygii,25.41,121.58,2001-02-26,2001,2,,1,臺灣魚類資料庫
鯖(花飛),Scomber japonicus,,Actinopterygii,22.58,120.29,1970-01-01,1970,1,,1,臺灣魚類資料庫
鯖(花飛),Scomber japonicus,,Actinopterygii,25.16,121.76,1981-06-11,1981,6,,1,臺灣魚類資料庫
鯖(花飛),Scomber japonicus,,Actinopterygii,23.57,119.56,1971-04-21,1971,4,,1,臺灣魚類資料庫
鯖(花飛),Scomber japonicus,,Actinopterygii,24.91,121.92,2000-12-01,2000,12,,1,臺灣魚類資料庫
鯖(花飛),Scomber japonicus,,Actinopterygii,24.95,121.93,2000-12-01,2000,12,,1,臺灣魚類資料庫
鯖(花飛),Scomber japonicus,,Actinopterygii,25.08,122.02,2000-11-05,2000,11,,1,臺灣魚類資料庫
鯖(花飛),Scomber japonicus,,Actinopterygii,24.91,121.92,2000-07-17,2000,7,,1,臺灣魚類資料庫
鯖(花飛),Scomber japonicus,,Actinopterygii,25.23,121.68,1990-05-17,1990,5,,1,國立海洋科技博物館
鯖(花飛),"Scomber japonicus Houttuyn, 1782",,,24.7549,121.7518,2025-04-27T09:43,2025,4,,1,GBIF
鯖(花飛),"Scomber japonicus Houttuyn, 1782",,,25.1503,121.8454,2025-06-13T21:06:41,2025,6,,1,GBIF
鯖(花飛),"Scomber japonicus Houttuyn, 1782",,,25.7779,119.6266,2025-06-21T17:47:58,2025,6,,1,GBIF
鯖(花飛),"Scomber japonicus Houttuyn, 1782",,,24.7759,118.775,2024-10-16T18:18:31,2024,10,,1,GBIF
鯖(花飛),"Scomber japonicus Houttuyn, 1782",,,25.1269,121.8442,2024-10-23T11:21,2024,10,,1,GBIF
鯖(花飛),"Scomber japonicus Houttuyn, 1782",,,24.7844,120.8135,2023-01-12,2023,1,,1,GBIF
鯖(花飛),"Scomber japonicus Houttuyn, 1782",,,24.52,120.6061,2023-01-12,2023,1,,1,GBIF
鯖(花飛),"Scomber japonicus Houttuyn, 1782",,,24.186,120.0324,2023-01-01,2023,1,,1,GBIF
鯖(花飛),"Scomber japonicus Houttuyn, 1782",,,24.7532,120.8276,2022-01-05,2022,1,,1,GBIF
鯖(花飛),"Scomber japonicus Houttuyn, 1782",,,24.73,120.7905,2022-01-05,2022,1,,1,GBIF
鯖(花飛),"Scomber japonicus Houttuyn, 1782",,,25.2179,121.3606,2022-01-04,2022,1,,1,GBIF
鯖(花飛),"Scomber japonicus Houttuyn, 1782",,,24.386,120.2621,2022-01-01,2022,1,,1,GBIF
鯖(花飛),"Scomber japonicus Houttuyn, 1782",,,24.2454,120.2777,2022-01-01,2022,1,,1,GBIF
鯖(花飛),"Scomber japonicus Houttuyn, 1782",,,23.9586,119.7232,2022-03-17,2022,3,,1,GBIF
鯖(花飛),"Scomber japonicus Houttuyn, 1782",,,24.7539,120.8361,2022-03-10,2022,3,,1,GBIF
鯖(花飛),"Scomber japonicus Houttuyn, 1782",,,24.9538,120.6141,2022-03-10,2022,3,,1,GBIF
鯖(花飛),"Scomber japonicus Houttuyn, 1782",,,24.6286,120.6123,2022-03-10,2022,3,,1,GBIF
鯖(花飛),"Scomber japonicus Houttuyn, 1782",,,24.6054,120.2044,2022-03-01,2022,3,,1,GBIF
鯖(花飛),"Scomber japonicus Houttuyn, 1782",,,24.8586,120.8641,2022-03-01,2022,3,,1,GBIF
鯖(花飛),"Scomber japonicus Houttuyn, 1782",,,24.4792,120.1753,2022-03-01,2022,3,,1,GBIF
鯖(花飛),"Scomber japonicus Houttuyn, 1782",,,24.1916,119.9219,2022-03-01,2022,3,,1,GBIF
鯖(花飛),"Scomber japonicus Houttuyn, 1782",,,24.1982,119.7601,2022-03-01,2022,3,,1,GBIF
鯖(花飛),"Scomber japonicus Houttuyn, 1782",,,24.009,119.6198,2022-03-17,2022,3,,1,GBIF
鯖(花飛),"Scomber japonicus Houttuyn, 1782",,,24.0047,119.528,2022-03-17,2022,3,,1,GBIF
鯖(花飛),"Scomber japonicus Houttuyn, 1782",,,25.3889,121.6647,2022-04-12,2022,4,,1,GBIF
鯖(花飛),"Scomber japonicus Houttuyn, 1782",,,25.176,121.4185,2022-07-04,2022,7,,1,GBIF
鯖(花飛),"Scomber japonicus Houttuyn, 1782",,,24.8586,120.8641,2022-11-29,2022,11,,1,GBIF
鯖(花飛),"Scomber japonicus Houttuyn, 1782",,,24.8586,120.8641,2022-11-01,2022,11,,1,GBIF
鯖(花飛),"Scomber japonicus Houttuyn, 1782",,,24.7608,120.6683,2021-01-30,2021,1,,1,GBIF
鯖(花飛),"Scomber japonicus Houttuyn, 1782",,,24.8586,120.8641,2021-01-15,2021,1,,1,GBIF
鯖(花飛),"Scomber japonicus Houttuyn, 1782",,,24.8862,120.7092,2021-01-15,2021,1,,1,GBIF
鯖(花飛),"Scomber japonicus Houttuyn, 1782",,,23.6488,120.0539,2021-01-31,2021,1,,1,GBIF
鯖(花飛),"Scomber japonicus Houttuyn, 1782",,,24.7346,120.4734,2021-01-31,2021,1,,1,GBIF
鯖(花飛),"Scomber japonicus Houttuyn, 1782",,,24.1317,119.6643,2021-01-01,2021,1,,1,GBIF
鯖(花飛),"Scomber japonicus Houttuyn, 1782",,,24.7844,120.8135,2021-01-13,2021,1,,1,GBIF
鯖(花飛),"Scomber japonicus Houttuyn, 1782",,,24.2439,119.7877,2021-01-01,2021,1,,1,GBIF
鯖(花飛),"Scomber japonicus Houttuyn, 1782",,,24.8987,120.594,2021-01-15,2021,1,,1,GBIF
鯖(花飛),"Scomber japonicus Houttuyn, 1782",,,24.0459,120.2603,2021-02-25,2021,2,,1,GBIF
鯖(花飛),"Scomber japonicus Houttuyn, 1782",,,24.0547,120.2169,2021-02-25,2021,2,,1,GBIF
鯖(花飛),"Scomber japonicus Houttuyn, 1782",,,24.1916,119.9219,2021-02-01,2021,2,,1,GBIF
鯖(花飛),"Scomber japonicus Houttuyn, 1782",,,24.5592,120.2263,2021-02-01,2021,2,,1,GBIF
鯖(花飛),"Scomber japonicus Houttuyn, 1782",,,24.527,120.1054,2021-02-01,2021,2,,1,GBIF
鯖(花飛),"Scomber japonicus Houttuyn, 1782",,,24.2928,120.0395,2021-02-01,2021,2,,1,GBIF
鯖(花飛),"Scomber japonicus Houttuyn, 1782",,,24.186,120.0324,2021-02-01,2021,2,,1,GBIF
鯖(花飛),"Scomber japonicus Houttuyn, 1782",,,24.4593,120.0306,2021-02-01,2021,2,,1,GBIF
鯖(花飛),"Scomber japonicus Houttuyn, 1782",,,24.8622,120.8909,2021-02-03,2021,2,,1,GBIF
鯖(花飛),"Scomber japonicus Houttuyn, 1782",,,24.3296,120.2886,2021-02-01,2021,2,,1,GBIF
鯖(花飛),"Scomber japonicus Houttuyn, 1782",,,24.4991,120.1455,2021-03-19,2021,3,,1,GBIF
鯖(花飛),"Scomber japonicus Houttuyn, 1782",,,24.5269,120.2252,2021-03-19,2021,3,,1,GBIF
鯖(花飛),"Scomber japonicus Houttuyn, 1782",,,24.73,120.7905,2021-03-05,2021,3,,1,GBIF
鯖(花飛),"Scomber japonicus Houttuyn, 1782",,,24.6237,120.6916,2021-03-05,2021,3,,1,GBIF
鯖(花飛),"Scomber japonicus Houttuyn, 1782",,,24.1937,119.8732,2021-03-01,2021,3,,1,GBIF
鯖(花飛),"Scomber japonicus Houttuyn, 1782",,,24.1982,119.7601,2021-03-01,2021,3,,1,GBIF
鯖(花飛),"Scomber japonicus Houttuyn, 1782",,,24.1257,119.7129,2021-03-01,2021,3,,1,GBIF
鯖(花飛),"Scomber japonicus Houttuyn, 1782",,,24.6727,120.6047,2021-03-29,2021,3,,1,GBIF
鯖(花飛),"Scomber japonicus Houttuyn, 1782",,,23.5154,121.5606,2021-05-16T22:31,2021,5,,1,GBIF
鯖(花飛),"Scomber japonicus Houttuyn, 1782",,,24.577,120.1571,2021-12-24,2021,12,,1,GBIF
鯖(花飛),"Scomber japonicus Houttuyn, 1782",,,24.195,119.8185,2020-01-22,2020,1,,1,GBIF
鯖(花飛),"Scomber japonicus Houttuyn, 1782",,,24.1659,119.9115,2020-01-22,2020,1,,1,GBIF
鯖(花飛),"Scomber japonicus Houttuyn, 1782",,,25.4718,122.1088,2020-08-29T12:28,2020,8,,1,GBIF
鯖(花飛),"Scomber japonicus Houttuyn, 1782",,,24.6391,120.2198,2020-11-01,2020,11,,1,GBIF
鯖(花飛),"Scomber japonicus Houttuyn, 1782",,,24.219,120.4362,2019-01-10,2019,1,,1,GBIF
鯖(花飛),"Scomber japonicus Houttuyn, 1782",,,25.1342,121.7435,2018-02-14,2018,2,,1,GBIF
鯖(花飛),"Scomber japonicus Houttuyn, 1782",,,24.0993,119.9964,2018-12-20,2018,12,,1,GBIF
鯖(花飛),"Scomber japonicus Houttuyn, 1782",,,25.0503,121.0162,2017-02-18,2017,2,,1,GBIF
鯖(花飛),Scomber sp.,,Actinopterygii,22.0,120.7,2001-04-15,2001,4,,1,臺灣魚類資料庫
黃魚,BOLD:AAB3556,,,25.5,119.76,2018-01-06,2018,1,,1,GBIF
黃魚,BOLD:AAB3556,,,25.2,118.89,2017-05-18,2017,5,,1,GBIF
黃魚,BOLD:AAB3556,,,24.9,118.89,2017-07-20,2017,7,,1,GBIF
黃魚,BOLD:AAB3556,,,24.48,118.1,2017-09-06,2017,9,,1,GBIF
黃魚,BOLD:AAD7358,,,25.5,119.76,2018-01-06,2018,1,,1,GBIF
黃魚,BOLD:AAD7358,,,25.2,118.89,2017-05-18,2017,5,,1,GBIF
黃魚,BOLD:AAD7358,,,24.9,118.89,2017-07-20,2017,7,,1,GBIF
黃魚,BOLD:AAD7358,,,24.48,118.1,2017-09-06,2017,9,,1,GBIF
黃魚,Larimichthys crocea,,Actinopterygii,24.47,120.6,2002/6/6 00:00:00,2002,6,,1,臺灣周邊底拖網調查資料集
黃魚,Larimichthys crocea,,Actinopterygii,22.58,120.29,1951-01-01,1951,1,,1,台灣水產試驗所－近海與外海標本數位典藏
黃魚,Larimichthys crocea,大黃魚,Actinopterygii,24.45,118.4,2009-11-06,2009,11,,1,國立海洋生物博物館
黃魚,Larimichthys crocea,,Actinopterygii,26.15,119.95,2006-10-26,2006,10,,1,臺灣魚類資料庫
黃魚,Larimichthys crocea,,Actinopterygii,24.45,118.4,2008-03-25,2008,3,,1,臺灣魚類資料庫
黃魚,Larimichthys crocea,,Actinopterygii,24.45,118.4,2008-02-29,2008,2,,1,臺灣魚類資料庫
黃魚,Larimichthys crocea,,Actinopterygii,24.47,120.6,2002-06-06,2002,6,,1,臺灣魚類資料庫
黃魚,"Larimichthys crocea (Richardson, 1846)",,,26.696,120.1249,2025-01-23T15:27:28,2025,1,,1,GBIF
黃魚,"Larimichthys crocea (Richardson, 1846)",,,24.5697,118.3078,2025-10-25T07:35:13,2025,10,,1,GBIF
黃魚,"Larimichthys crocea (Richardson, 1846)",,,24.525,118.3954,2025-10-25T07:30:47,2025,10,,1,GBIF
黃魚,"Larimichthys crocea (Richardson, 1846)",,,25.0503,121.0162,2020-03-16,2020,3,,1,GBIF
黃魚,"Larimichthys crocea (Richardson, 1846)",,,24.4228,118.4054,2020-04-22,2020,4,,1,GBIF
黃魚,"Larimichthys crocea (Richardson, 1846)",,,25.2179,121.3606,2020-11-26,2020,11,,1,GBIF
黃魚,"Larimichthys crocea (Richardson, 1846)",,,25.0503,121.0162,2019-01-14,2019,1,,1,GBIF
黃魚,"Larimichthys crocea (Richardson, 1846)",,,25.0503,121.0162,2019-01-07,2019,1,,1,GBIF
黃魚,"Larimichthys crocea (Richardson, 1846)",,,26.1589,119.9219,2019-04-04,2019,4,,1,GBIF
黃魚,"Larimichthys crocea (Richardson, 1846)",,,25.5,119.76,2018-01-06,2018,1,,1,GBIF
黃魚,"Larimichthys crocea (Richardson, 1846)",,,25.0503,121.0162,2018-10-16,2018,10,,1,GBIF
黃魚,"Larimichthys crocea (Richardson, 1846)",,,25.0503,121.0162,2018-11-08,2018,11,,1,GBIF
黃魚,"Larimichthys crocea (Richardson, 1846)",,,25.2,118.89,2017-05-18,2017,5,,1,GBIF
黃魚,"Larimichthys crocea (Richardson, 1846)",,,24.9,118.89,2017-07-20,2017,7,,1,GBIF
黃魚,"Larimichthys crocea (Richardson, 1846)",,,24.48,118.1,2017-09-06,2017,9,,1,GBIF
黃魚,"Larimichthys crocea (Richardson, 1846)",,,26.7161,119.5707,2017-09-29T22:20,2017,9,,1,GBIF
黃魚,"Larimichthys crocea (Richardson, 1846)",,,25.0503,121.0162,2017-11-15,2017,11,,1,GBIF
黃魚,Larimichthys polyactis,,Actinopterygii,25.16,121.76,1952-02-01,1952,2,,1,台灣水產試驗所－近海與外海標本數位典藏
黃魚,Larimichthys polyactis,,Actinopterygii,24.25,120.52,2005-04-29,2005,4,,1,臺灣魚類資料庫
黃魚,Larimichthys polyactis,,Actinopterygii,26.7,120.5,2000-03-16,2000,3,,1,臺灣魚類資料庫
黃魚,"Larimichthys polyactis (Bleeker, 1877)",,,25.5,119.76,2018-01-06,2018,1,,1,GBIF
黃魚,"Larimichthys polyactis (Bleeker, 1877)",,,25.2,118.89,2017-05-18,2017,5,,1,GBIF
黃魚,"Larimichthys polyactis (Bleeker, 1877)",,,24.9,118.89,2017-07-20,2017,7,,1,GBIF
黃魚,"Larimichthys polyactis (Bleeker, 1877)",,,24.48,118.1,2017-09-06,2017,9,,1,GBIF
黑皮旗魚,Makaira mazara,,Actinopterygii,23.05,121.24,2006-10-04,2006,10,,1,台灣水產試驗所－近海與外海標本數位典藏
黑皮旗魚,Makaira mazara,,Actinopterygii,23.05,121.22,2007-08-28,2007,8,,1,台灣水產試驗所－近海與外海標本數位典藏
黑皮旗魚,Makaira nigricans,,Actinopterygii,23.05,121.22,2008/10/8,2008,10,,1,台灣水產試驗所－近海與外海標本數位典藏
